-- phpMyAdmin SQL Dump
-- version 4.7.4
-- https://www.phpmyadmin.net/
--
-- Máy chủ: 127.0.0.1:3306
-- Thời gian đã tạo: Th3 12, 2020 lúc 01:52 PM
-- Phiên bản máy phục vụ: 5.7.19
-- Phiên bản PHP: 7.2.8

SET SQL_MODE = "NO_AUTO_VALUE_ON_ZERO";
SET AUTOCOMMIT = 0;
START TRANSACTION;
SET time_zone = "+00:00";


/*!40101 SET @OLD_CHARACTER_SET_CLIENT=@@CHARACTER_SET_CLIENT */;
/*!40101 SET @OLD_CHARACTER_SET_RESULTS=@@CHARACTER_SET_RESULTS */;
/*!40101 SET @OLD_COLLATION_CONNECTION=@@COLLATION_CONNECTION */;
/*!40101 SET NAMES utf8mb4 */;

--
-- Cơ sở dữ liệu: `vnpt_mds`
--

-- --------------------------------------------------------

--
-- Cấu trúc bảng cho bảng `access_tokens`
--

DROP TABLE IF EXISTS `access_tokens`;
CREATE TABLE IF NOT EXISTS `access_tokens` (
  `id` int(11) NOT NULL AUTO_INCREMENT,
  `token` varchar(300) NOT NULL,
  `expires_at` int(11) NOT NULL,
  `auth_code` varchar(255) NOT NULL,
  `user_id` int(11) DEFAULT NULL,
  `app_id` varchar(255) DEFAULT NULL,
  `created_at` int(11) NOT NULL,
  `updated_at` int(11) NOT NULL,
  PRIMARY KEY (`id`)
) ENGINE=InnoDB AUTO_INCREMENT=8523 DEFAULT CHARSET=utf8;

--
-- Đang đổ dữ liệu cho bảng `access_tokens`
--

INSERT INTO `access_tokens` (`id`, `token`, `expires_at`, `auth_code`, `user_id`, `app_id`, `created_at`, `updated_at`) VALUES
(1159, 'chau@1994', 1668989130, '3fb90338dc682189dbca631e512e3466', 1, '', 1548902730, 1548902730),
(8108, 'b9342a963b59360eb77ae596142d80e6', 157484068, 'c46ff7e98800d8f4bf3e21ac77e330e8', 162, '', 1572248681, 1572248681),
(8109, '02f2ffcfb40bd932b357dcf443521b5c', 157484263, '9f3fd1e67087f58748e3e19a6a247f49', 162, '', 1572250635, 1572250635),
(8110, '31ec28831e1f50005db4d61af35b33cd', 1574843157, '2cadcc53a167d9d7d56f29dabc5583f2', 162, '', 1572251157, 1572251157),
(8111, '22ea69f16a7a9b1189f83964d8619763', 1574843634, 'ea88624c432bf45fee9bdf23db2b2a7f', 162, '', 1572251634, 1572251634),
(8112, '780b9a247351b46d54c189dd1dc982c7', 1574844402, 'e42f397843d7890bce65970ad7babfd7', 162, '', 1572252402, 1572252402),
(8113, 'e0d3835b254074417195c6cb4940009d', 1574846831, '5e03826be7b7a18b7e14c844b55f1410', 162, '', 1572254831, 1572254831),
(8114, '36127419fd89c71201c2a7a94a91bfc9', 1574847064, 'a5a538d391f75f706d0ad61ae92ba6c5', 162, '', 1572255064, 1572255064),
(8115, '433fab6429b4d50a0eb91bc8bdd85419', 1574847286, '199cd461b5de4cb7c3da04f9e0ca6170', 162, '', 1572255286, 1572255286),
(8116, 'ee55d40c67429e0ab1d0724d69248dae', 1574847591, '1063150f33ea6da2d6b49997269bd68e', 162, '', 1572255591, 1572255591),
(8117, '663e383a55ab30be978e3e83c80d67d4', 1574848093, '766b7d1a75223a6c9286db6b9ccd4a2d', 162, '', 1572256093, 1572256093),
(8118, '27e7e89eebdd135598af342006bc9e47', 1574849868, '91d7412d208c3abf9cad204770cd277e', 162, '', 1572257868, 1572257868),
(8119, 'e2f77ec149609a6e960908bab46bb49e', 1574905960, 'd85f082307da5b95d924b3d8edc5cf7e', 162, '', 1572313960, 1572313960),
(8120, '14fb9f0277310ba0998dc96efd434e83', 1574906845, '96fa53a87bdf064141e95048e91fb233', 162, '', 1572314845, 1572314845),
(8121, '538226c1b4ed0659fbd1b0bc3acd14d5', 1574907174, '44f2eb8c0668fc17f8e289a3be9da49c', 162, '', 1572315174, 1572315174),
(8122, '4d98e69970bbfdcc927a021136a67cf9', 1574907491, 'fd0f9b94bd372e7b872f94e1f4f8e0a8', 162, '', 1572315491, 1572315491),
(8123, '703dfc55963d24892d122ff4b161cba0', 1574910966, '7c5286c77287416ed0ed9db9df6c67ec', 162, '', 1572318966, 1572318966),
(8124, '9b27e9f8629e466b44db4a39eed2fa9f', 1574911262, '5584d642a0d3350826874947ec9049bc', 162, '', 1572319262, 1572319262),
(8125, 'a2c78cc76390b2ac3fca57d0c9e0d9b9', 1574911615, '22467220671333a014f461b28368bb0b', 162, '', 1572319615, 1572319615),
(8126, 'c9af308457b096a5247919ada6c9e168', 1574911981, '0d150e30d8d42147477c7b33016b86d2', 162, '', 1572319981, 1572319981),
(8127, '3da40f1442d419e7b0919d2c6eabddb6', 1574912289, 'c2d8a75465d05604844d0ab6da8102f6', 162, '', 1572320289, 1572320289),
(8128, '2f236aca0aaa7d8df6c6b357cf426d19', 1574912569, 'a8fe4b5ec879437d9dad5b2224eacd6a', 162, '', 1572320569, 1572320569),
(8129, '82b01613ad8a9ac5378647af238405ee', 1574912995, '0a6c77bafda6e4350fd55c69bfbb786c', 162, '', 1572320995, 1572320995),
(8131, '7b83511791b60c9a2b3b7932fb88d34e', 1574913888, '9fc9e45dbd951fc393b59c3be2eb164a', 162, '', 1572321888, 1572321888),
(8132, '6f7c2d2a667d18be48f28cf7357e78fc', 1574914135, 'cb9d09e0839f327cd3fab6eb9f0e9f05', 162, '', 1572322135, 1572322135),
(8133, '5eb00acff951d03b53450cbc94ac2f39', 1574914954, '7e3314baf0a1abab627f84e6186fbeb1', 162, '', 1572322954, 1572322954),
(8134, '31adece2511a18f026ca9ba31d58a1f3', 1574923680, '6e32051e10c1d937cabac1f360403d2b', 162, '', 1572331680, 1572331680),
(8135, '73b3240e685cea62b0a1d4a9e9221afa', 1574925241, '45b254758d6b16561906711c46e49737', 162, '', 1572333241, 1572333241),
(8136, '249b5a7e97db86e62c9451dd3a916fa6', 1574926192, 'decd69f1d78cfb0f61166da9f8ed0fc6', 162, '', 1572334192, 1572334192),
(8137, '731de5482d4a84291b8f8a851748b15e', 1574926433, 'bb0c6d96690047b836ab1020c6176509', 162, '', 1572334433, 1572334433),
(8138, 'e23dc7642d8b304913c2dd5a6762216a', 1574927239, '24944c7a6dad23004371095a5a239f5a', 162, '', 1572335239, 1572335239),
(8139, '817727064b2e6ee0085f5cb63483cf75', 1574927485, '322a6dc829e3083711fc5110adc95e22', 162, '', 1572335485, 1572335485),
(8140, '6564bc35e7c4971a713eae40ae699a26', 1574927808, 'd6d082f4df17416933be1dfef4e6ed7d', 162, '', 1572335808, 1572335808),
(8141, '7b9085440e5f43712e3049f91050a376', 1574928194, '9e05bde12a4c55e473463510c484ca1f', 162, '', 1572336194, 1572336194),
(8142, 'ee2f24d36e6cbdf3c650f53de9317406', 1574929542, '563025b7ff769960791e77f9ded3d194', 162, '', 1572337542, 1572337542),
(8143, '0daa5aacb2b2f2f5ad0a57519d297189', 1574930310, '7de18e61fee8a9ebc415ad935a84c686', 162, '', 1572338310, 1572338310),
(8144, '629a2d07e7270f2f5251b576e227a287', 1574931658, 'f23853a4aa463cf35e7a5a2e864b1753', 162, '', 1572339658, 1572339658),
(8145, 'f1aad96da91ae1a14c48e1fe0b7d3d0a', 1574932082, '5d8f400ad896acf6ffe28cb468911062', 162, '', 1572340082, 1572340082),
(8146, '2b37bdf7d9e0b71183652803e039ff1a', 1574934501, '158b2f5c3ea8e4c645b9e30ac0bbe506', 162, '', 1572342501, 1572342501),
(8147, '5f7205d11a09226decb787c14c1e1696', 1574934789, '9322446f215cd39f6ffc40d32fee94bf', 162, '', 1572342789, 1572342789),
(8148, '1b539ad65d91bb46de40a1a686fe1855', 1574935322, '3877df30b39400472a760228b906e726', 162, '', 1572343322, 1572343322),
(8149, '547a143d0ae5b642d956fd8d0a28b5fd', 1574990007, 'c0f1739e000639d501371ddb98c19cb6', 162, '', 1572398007, 1572398007),
(8150, '0c8bbf1e76d4a5f8a5a78daa9233a057', 1574990432, '1732abce9987b24ac7de65d24d9d86ec', 162, '', 1572398432, 1572398432),
(8151, '99b67e033bfba926471f2866149bb69a', 1574990719, '5931b4d8396d7db4952fcd26b3c076c8', 162, '', 1572398719, 1572398719),
(8152, 'a8b2b97e480b79664a708c28d82635a1', 1574999854, '21f7c6208bed1d42407cf84f983caf7c', 162, '', 1572407854, 1572407854),
(8153, 'b83dd93b295a0b60807d5edb90d8b66e', 1575000547, '1893a6a97afe4b0ffb40f682ad10b0dc', 162, '', 1572408547, 1572408547),
(8154, 'b601a329ed220db2a4c1af146137b171', 1575000800, 'a3b86785b8ff21d1c4a0ffdd92540898', 162, '', 1572408800, 1572408800),
(8155, '174135fb4e69046c573c11c4d987c703', 1575014431, 'a0e909e1ad1187dbe3af70f5f0eab0f2', 162, '', 1572422431, 1572422431),
(8156, '67fb6a5fe9c3ccfdc9df2b74e3e13efb', 1575014899, '1a2cf58fd769c8e3a73c6382d980f8dd', 162, '', 1572422899, 1572422899),
(8157, 'dff0d80ec9530ea6b1e0738f9016edfd', 1575015664, 'baf397c72cf7d9671125f0424e9ad53f', 162, '', 1572423664, 1572423664),
(8158, '8a07fa5c6f45aab7ac24aaeb4289cfcc', 1575017670, '82fd2cb9870bd35194c8b1eb1e928aa6', 162, '', 1572425670, 1572425670),
(8159, 'e97f4eca890a3e6da509008f7168ee17', 1575017937, '07ffe774a6305a750935d16bd0993879', 162, '', 1572425937, 1572425937),
(8160, '2106db4ad9b6700e3ea79ba977af986d', 1575018254, 'e325ca22d8fcf64e851907013ad0cd9c', 162, '', 1572426254, 1572426254),
(8161, 'f0b81240e373692579d1b4b3e562b317', 1575018913, '07c9cfd5cbe4da3b9c1850f301aeb99a', 162, '', 1572426913, 1572426913),
(8162, 'efa320c7ae33c79551e2c84bd077d7f3', 1575019414, 'baf40a2bb5941fb9ecb6dbe428074868', 162, '', 1572427414, 1572427414),
(8163, '5e60a561f0ee220ec3e9c1811b910f77', 1575019934, 'e11e1fd0940db1884a6600aed5f1886c', 162, '', 1572427934, 1572427934),
(8164, 'ec1ae8f3525a91f44e085cf8344580db', 1575020519, 'a08296aac13b9be6c5401bd64e502a80', 162, '', 1572428519, 1572428519),
(8165, 'f6f426bca5c3c96e2aef4c4f43aa0833', 1575020786, '110ea7e2151342a252941c3722aad31f', 162, '', 1572428786, 1572428786),
(8166, '871910a0602735dcf419dccb08ed7684', 1575021426, '70b84f9a507d2d0e8f4ba971fc3e2ec9', 162, '', 1572429426, 1572429426),
(8167, 'a73e18c9e1a6e85a8f2a8cc44fed9826', 1575022061, '9be95f7405288ffb687c6f8c780dbee3', 162, '', 1572430061, 1572430061),
(8168, '22ee84cd5c8ce7255e31ccfb877fbf81', 1575079151, '528a197afd6c5d1b6589e8264e2c630d', 162, '', 1572487151, 1572487151),
(8169, '95231b6e9478e99f2744296b410a72b7', 1575079942, '70c45fca46ac9391b0603b32d1276728', 162, '', 1572487942, 1572487942),
(8170, 'dbc15bcef1bd35b683733e8e107f72d6', 1575081094, 'f812e9a2872e911267cac07b6cece08a', 162, '', 1572489094, 1572489094),
(8171, 'b482f92a386a84ec0fd9067cf29d7b40', 1575081558, '744b21819db9301638da8b785796cf31', 162, '', 1572489558, 1572489558),
(8172, '6f2c1981ad0ea3b0fe938ff00dae9a53', 1575082317, 'db7dfc212ae5158bffc44c9a3453157a', 162, '', 1572490317, 1572490317),
(8173, '2e6a9b8de1e672e78b0d74cbe4622786', 1575082529, 'cbf2a5e88635b80f4d462cfcef588b88', 162, '', 1572490529, 1572490529),
(8174, '9a719ea2082f96e6b01f14e238ce4562', 1575082816, 'd2062dede7f199a2eaca7900c400ff2e', 162, '', 1572490816, 1572490816),
(8175, '88b37aa4583c8b65bc0abe76a2eaedc2', 1575083005, '1f058312b86cc9119502ea0ec4fe54f9', 162, '', 1572491005, 1572491005),
(8176, '99b18b2e9bc243e339b9eff542fa5931', 1575083605, '7567631a1cd871427c0d9e71341ed1c9', 162, '', 1572491605, 1572491605),
(8177, '216890d1c7028345e7f2bc8452b11464', 1575083780, 'd3cf71a05995fc669c8fb7932193e15e', 162, '', 1572491780, 1572491780),
(8178, '11f34ae9d2eee021441e598f85651b14', 1575084036, 'c1b1bd43df0f0e7d8d1d7406207ff4ce', 162, '', 1572492036, 1572492036),
(8179, '359557fbdd0c7f532cd83f7df3a24243', 1575084233, '3b8cb6aa0ad503e3a9ed83982959e130', 162, '', 1572492233, 1572492233),
(8180, '0d0e4efc79ef7d10083db494e23733f3', 1575085229, 'd64efa1c81528422aa54bb95e2088474', 162, '', 1572493229, 1572493229),
(8181, '1075b9adbd73fd08499109d55256eb51', 1575085642, '5fb470c704984171181259e15f55de4e', 162, '', 1572493642, 1572493642),
(8182, '8dd585325a5217d1ef1edc7228605c8b', 1575085848, 'e6a26c12d8498f73f0bc94eaff980f3a', 162, '', 1572493848, 1572493848),
(8183, 'f1880c34919895bcf897385486cfdd53', 1575087377, 'a2d7692c73185f8efe58b78d56a173c3', 162, '', 1572495377, 1572495377),
(8184, 'c20a969e22745ebc7a105865c7af5054', 1575087532, 'd6a1fefd9ebe6d24a45727c7d57f216e', 162, '', 1572495532, 1572495532),
(8185, 'e378bd5d81417bbbe1bfb1023a3bc56d', 1575087595, 'fc04c79ed5e9a7b88d767ba1f15062f7', 162, '', 1572495595, 1572495595),
(8186, '5a795f8f94e36eb09f4a8cbc967c0515', 1575087742, 'cdd1b37bc3e69c7e6e463306727913cd', 162, '', 1572495742, 1572495742),
(8187, '901dcb48117df2771327a1f41eb1b53e', 1575088346, '744bfefd5afdd208e7559a2dd6c2d24c', 162, '', 1572496346, 1572496346),
(8188, 'd8ecf1f04247bb26fcda54169b5aeb2d', 1575088504, '380ca430f63c251b23386118ec2904bc', 162, '', 1572496504, 1572496504),
(8189, '43f02a55656d38d23e9996be298baa55', 1575101471, 'ad416c71ed9491e2ddb89a2427e06593', 162, '', 1572509471, 1572509471),
(8190, '0107ea42b4b997abbfb9273f25c17318', 1575101770, '6d1336ae57c3902905fe0bb91a3fac39', 162, '', 1572509770, 1572509770),
(8191, '5d3f769ea20cb7f2c2771c024824655e', 1575102584, 'a386d84314329df0a2623776b79bef83', 162, '', 1572510584, 1572510584),
(8192, '085672573a1cf975ae0ca80fef5a3aa7', 1575102940, '992f7fba18e389e9ad146cd00243537b', 162, '', 1572510940, 1572510940),
(8193, 'b6eb1370b217c959309e4f74ec06c351', 1575103080, '44ea55489e08ceffe91de4b851b9c8b5', 162, '', 1572511080, 1572511080),
(8194, '3acc472c4d197283c1908ac0a58d82dd', 1575103349, '5b5f334c148e2d556ddcafae7449518c', 162, '', 1572511349, 1572511349),
(8195, '2be681f1fbfaee7e3f1e358e05ec02dc', 1575103751, '269e6fe5ef76f10f4d34b14a024d5d88', 162, '', 1572511751, 1572511751),
(8196, '4ba1680c9bad6e5500661ea05cd337e1', 1575103994, '0bcb31fa9f4f335f7218edd80c3f996f', 162, '', 1572511994, 1572511994),
(8197, '1e3ae907269ad10787e1b0c07ea05077', 1575105600, 'dd3c34aae6bc179a8fed5a015e14743a', 162, '', 1572513600, 1572513600),
(8198, '7f94e55544201b8e52c4742a3be339ae', 1575106051, '0f9d5d4ac87238e99a2020e5c262c83e', 162, '', 1572514051, 1572514051),
(8199, '4bf7541f24cb64b9a4e1544628d84c22', 1575106254, '57a8b36dd143d08f234e16f2deaf8b70', 162, '', 1572514254, 1572514254),
(8200, '7969ee41cfadced7701e36582bc2ffd1', 1575106641, 'ac88f5770ff14bf2c3054940f8f5cb8f', 162, '', 1572514641, 1572514641),
(8201, 'ba7c5a14a1f1d2c8e25926275cb8cb9b', 1575106929, '5974a31140a7af1cd7b3baa8be37c1c9', 162, '', 1572514929, 1572514929),
(8202, '916b69bbe0cf743c35c5658e5886c73a', 1575107390, '7a2e7fd6b8a0788d9eac248232b03505', 162, '', 1572515390, 1572515390),
(8203, '551e5a6b0b9faad7af0128e9a4e40290', 1575107664, 'c56383b77439b5b4b0b00ef0a3af8fa9', 162, '', 1572515664, 1572515664),
(8204, '761f0510023373aec7e5911b60b22b84', 1575108158, '651c050fe7e95e7d19a5a6a948580efb', 162, '', 1572516158, 1572516158),
(8205, '5acc58207f686e2c75b8064763b790d8', 1575163445, '88b9847219f848c4284fe34c0db0bedc', 162, '', 1572571445, 1572571445),
(8206, '32cf978db689636bfda1484fc154e8a0', 1575163598, '48656c3e7ceabe4b83dd28dc7b979fe2', 162, '', 1572571598, 1572571598),
(8207, '25024550aa0393844140c0612264d52d', 1575163983, '9738a83f21e7e38697b88c006588ff36', 162, '', 1572571983, 1572571983),
(8208, '0b9ffd2d1823c7d6c149f258c7330a44', 1575164163, '3c6edc330d758641fc025e5e412e311a', 162, '', 1572572163, 1572572163),
(8209, 'c624603e8ffa264e5aee4ae10a75c217', 1575164363, '8d440adde65d676f2118980833f642b8', 162, '', 1572572363, 1572572363),
(8210, '333b5fee0bb764c71f999f2e63369aa8', 1575164710, 'e74a5db5f79f014e00a8de3d64d14616', 162, '', 1572572710, 1572572710),
(8211, '92ed4ada1d370cec34d47f4a227235a7', 1575164874, '5faf58efe571a7dcff04ea3f1518a52a', 162, '', 1572572874, 1572572874),
(8212, '2da95ac7ce13cab99aba48a1061b7d31', 1575165185, 'cb95d76abc51132dc014a7c4cc4a8bff', 162, '', 1572573185, 1572573185),
(8213, 'ee8db000694b810f3f3077b53520e170', 1575165519, '418d593184d2fc4b6d15f7eb5dfd30a3', 162, '', 1572573519, 1572573519),
(8214, '517e740e56dd1cf45a5277f24b348e90', 1575184370, 'f50dcaca2858fbedacf42e15e8526a86', 162, '', 1572592370, 1572592370),
(8215, '5eb1ebf9e515d6b026c6524b94e0b2d1', 1575185922, '66174d02d363296be097ba0dba155fd2', 162, '', 1572593922, 1572593922),
(8216, 'a1bdf9fd0bc0b312e5089aca6e0d0656', 1575186140, '06f91d77c1f476033528429b32887a90', 162, '', 1572594140, 1572594140),
(8217, '2950f37c7afb63f35b51962bad0cda4f', 1575191518, 'e7d2acef7575b64f08cb1873f0c457e9', 162, '', 1572599518, 1572599518),
(8219, '7c35b8b7de49751c4bfc9e2c2a47e9c2', 1575421004, '2260e1080d5799b5f0714dfb38a801eb', 162, '', 1572829004, 1572829004),
(8220, '15739e7760e8a7ad5819dc17cca71449', 1575421542, 'f7d8aec1805d710a23994169a246615b', 162, '', 1572829542, 1572829542),
(8221, '7717aa6149a653fcb6cf3e7b930e053d', 1575422418, '7874b73d5dd34e9fb61b649d5f2e411d', 162, '', 1572830418, 1572830418),
(8223, '3cfc81583f5964c3cc598ed84c2e9c51', 1575511499, 'c1c300a7cabac4aa1c7db42ec631a7fb', 162, '', 1572919499, 1572919499),
(8224, 'd2a114376a16baceae1c81b5856f1bfa', 1575511547, '9cd0a29980e451b4ae297bac7fa2e930', 162, '', 1572919547, 1572919547),
(8225, '99b52b00971037ad169154a18edc168a', 1575511554, '13d3d2750738cd0be13954c6100fdb7a', 162, '', 1572919554, 1572919554),
(8227, '81edf7e8cf17128ce3243f3cf39f7c17', 1575511601, 'f48389b21dd5b05c80497bb361abd807', 162, '', 1572919601, 1572919601),
(8228, '3a0ae34d1657192464bf73b4e85dd9e4', 1575511610, '322027c668b5dab94e55f025961d7fac', 162, '', 1572919610, 1572919610),
(8229, '9c985496a3455dc796dd2fbba203935b', 1575511641, 'c5667f0b2bd9bbd78776604e79db7eaf', 162, '', 1572919641, 1572919641),
(8230, '4f40f87983023e3b823c7d096413055a', 1575512392, '4d1ea89181547e374db2e3107b412041', 162, '', 1572920392, 1572920392),
(8231, '85213e97c95ef8a1526e4f71b1655b3c', 1575512584, '36dc73e59fe483115a9ca2b4c4bb8964', 162, '', 1572920584, 1572920584),
(8232, '99318117ab975152068b22a256f23aef', 1575513679, 'b3162704047ddd27d9b67cb25dacc273', 162, '', 1572921679, 1572921679),
(8234, 'b8da33ffd4c0104b099fb69bb8ce8fd8', 1575538074, '2e8b007318e481936811cdbc8f90b707', 162, '', 1572946074, 1572946074),
(8235, '8feeb09b9329cd2d5a2ffdc7774ac857', 1575597427, 'bd8064556957f60d0fb68ec4aa76df75', 162, '', 1573005427, 1573005427),
(8236, '5b2e370f890a78601d57e52d60fa0f6f', 1575602227, '049093f63aad9d09b15443d030151f8b', 162, '', 1573010227, 1573010227),
(8238, '4f318b8bafc90bed88045447658a36fa', 1575603333, '4eb3470bdc00528e305e761dce383713', 162, '', 1573011333, 1573011333),
(8239, 'a36f253488053c3a60783d1619f821eb', 1575604106, 'a84c516df68ec61880714ac75dbd86b7', 162, '', 1573012106, 1573012106),
(8240, '31e2eb7e28603b0e5d1fa62fd18a4068', 1575605356, '0730109a871aa7df50dca8cb528b19d2', 162, '', 1573013356, 1573013356),
(8241, '38a2779f27cc4f5708a8cd848c2f67e1', 1575606246, '74f4d08a6263dde5f85d8b9df85b143e', 162, '', 1573014246, 1573014246),
(8242, '6decd4fc56f9741731e1ed61276ff89b', 1575618229, '7fd2922df0fb24190b69ddc4d5aaf1f4', 162, '', 1573026229, 1573026229),
(8243, '1c4df8351e4c74887a78e6d846e91e21', 1575618808, 'e2e4f97f6a838932db375d25e78c4884', 162, '', 1573026808, 1573026808),
(8244, '0b205840d8952eb1efb56cd8c107d1c5', 1575619020, 'cf38afcb980b9f68088ba65a526c776f', 162, '', 1573027020, 1573027020),
(8245, '325c1349db24e8f02dc190973972090b', 1575619160, '72589e3810cc076a0a7b17a601ea295e', 162, '', 1573027160, 1573027160),
(8246, 'fdebd7acbed91bea292f462499c6a1f3', 1575619591, 'd4e33aa1ab2c33d5b0388a9ceb98fed9', 162, '', 1573027591, 1573027591),
(8247, '1be2465662e7184975818b0fe14ef765', 1575620069, 'b2ed6f2bc7f4989d141f725dd81d8843', 162, '', 1573028069, 1573028069),
(8248, '8e216c5dcb81a373b6ecc9ad477751e2', 1575620307, '9563f6a053e99fee6e13c15ca3fdd5f8', 162, '', 1573028307, 1573028307),
(8249, 'ff5e932d721d1db815f7175799b775a1', 1575620919, '8ca5fadcd6afc023a3423cd05bcb306d', 162, '', 1573028919, 1573028919),
(8250, '3aaae15d6d21748b81e32c82cda89b54', 1575621286, 'c41aa7f7ff4ccb330f3bea4d56f0eae3', 162, '', 1573029286, 1573029286),
(8251, '6a48029fd9fdbd01109c4f946ad4976a', 1575621642, 'a3ccd2abd0f81940fd9a8cb1e16b7513', 162, '', 1573029642, 1573029642),
(8252, 'f1673a70f2667d6f033a417f5775dd8b', 1575683984, '6b2673e92c9bb0f1e98756595d699336', 162, '', 1573091984, 1573091984),
(8253, 'a296a5b0739c10b20bc668a8090008e3', 1575689556, '9916fb05982bb51e7c4aa836c32d9ec8', 162, '', 1573097556, 1573097556),
(8254, '0b63862712fcc8b402779f5a602ac466', 1575692328, 'ea6f0fd0063204579f50f5c82c84938a', 162, '', 1573100328, 1573100328),
(8255, '377c6c6aa38818c9ed001ba220ac64bf', 1575692711, '8f022207127579cc3720b1a53529f333', 162, '', 1573100711, 1573100711),
(8256, '149b56b72cd9cb532614d05601bd73c0', 1575709205, '3525eb624f6f0412b61c0f5d29ad60ac', 162, '', 1573117205, 1573117205),
(8257, '2c4792e265d568f2c9c9375deaee563c', 1575709764, 'e597783635e5bf0a918b2c02c6e73b69', 162, '', 1573117764, 1573117764),
(8258, '2898493670c38f5e6bb6c20214b0ba6b', 1575710768, '4f8c3bc097f92cdaf28fa06f5b0ee5cc', 162, '', 1573118768, 1573118768),
(8259, '2ca22d22d55075ac35a58bdf959614f7', 1575711274, 'b0bfcc4d6192431c4f98c41f910f6905', 162, '', 1573119274, 1573119274),
(8260, 'beb12a1ae79a4d994a94813c90e0ed87', 1575711636, '376ae0876b113cfb8f8d5ef16cfca151', 162, '', 1573119636, 1573119636),
(8261, '91bb5dc7567c41956c7174b6693063c8', 1575712099, '4cc03c609576374b1f8679deae6fd58e', 162, '', 1573120099, 1573120099),
(8262, '5f218139adcfc7673c0e9ec6e71c0cf2', 1575712749, '8db5a75a82c50aa3292bf2b400f37403', 162, '', 1573120749, 1573120749),
(8263, 'ad51b2fc0a99d9d3af39a51750f24542', 1575771986, '4d645aab05bfc9c1978680eceb0a1437', 162, '', 1573179986, 1573179986),
(8264, '11f02b53bfc3acd351a82f274bdb98f2', 1575772937, '0db70ab203068c2efe7414d56e8ecd3e', 162, '', 1573180937, 1573180937),
(8265, '89a214c0d3a8faf025423eaa7d965348', 1575773797, '670f4b5d9beb011977ebad04a8a014d9', 162, '', 1573181797, 1573181797),
(8266, 'c5d0727857d479326243636cb84a2f7b', 1575774402, '31167111481df48e366379e72cf9bdc3', 162, '', 1573182402, 1573182402),
(8267, '95eb2c7fe87ce8afd3dfdcaf1eb3774c', 1575775218, '9ec5b90dcb00d34a4fc6667b4f2bf61d', 162, '', 1573183218, 1573183218),
(8268, '200d03cabe471c2a4bee578000a43520', 1575779203, '86541113ff30db3002d24f2df483e698', 162, '', 1573187203, 1573187203),
(8269, '04e7a801041c9b4252ddaabd3d76f8df', 1575790676, '4416f2e3b89695b6d7470c107979bdd5', 162, '', 1573198676, 1573198676),
(8270, '611caf896cd62508ae2890764c90abeb', 1575793099, '8b0cf7ba91382b965fb736852eee310c', 162, '', 1573201099, 1573201099),
(8271, '866de613d841cd0d42c166be17087df6', 1575796118, 'a4ebf3c91979d18989e339c78711514f', 162, '', 1573204118, 1573204118),
(8272, '497e6bfa7cf9fff39908601cec5e6250', 1575796493, '39d7e3baac9ca921571f718dfa65b758', 162, '', 1573204493, 1573204493),
(8273, '34b235b369b538f43a28e0cd19a4eba3', 1575797018, '5374510c1df3de1a289f0ddaf9035d7e', 162, '', 1573205018, 1573205018),
(8274, 'f629bb8509e270e91989fe58de7d19c1', 1575798653, 'a0b28c6a81331a1cdf75089ea55ded79', 162, '', 1573206653, 1573206653),
(8275, 'd44de4deb003cdaf6a32932542eeb333', 1576031338, '2f8a09398306699c3a0446435722080e', 162, '', 1573439338, 1573439338),
(8276, '3cd209830496c20c5f59ba252d09de9e', 1576033722, '3a7b73ae0ea54e0408faebca2df61c96', 162, '', 1573441722, 1573441722),
(8277, 'd69b49d4b20be3f042eb495b4c7da941', 1576034850, 'a53676e43966734b05e226c8b85c5a3a', 162, '', 1573442850, 1573442850),
(8278, '835430b7614f09b2693976d61dc0a0ac', 1576035182, '92bc57e9627a3105289e6c9acb029b5b', 162, '', 1573443182, 1573443182),
(8279, 'da4074506a69a5148b9e0e7ac2cc08b6', 1576035818, '41913dc1f610253dad5d1993f5b806d7', 162, '', 1573443818, 1573443818),
(8280, 'ab88f9a608da998d8e3e986de6a789b0', 1576036209, '04e8df0b12ce60a0b70e21dbbb43cdd4', 162, '', 1573444209, 1573444209),
(8281, '514ad17cf0ff7a8fad117a3acc5c65c6', 1576036918, '2f46ffb8391353deb43f5ca37f3d76b0', 162, '', 1573444918, 1573444918),
(8282, '26869cda6d9f905e5706e2cc64997448', 1576037424, '6297c966081cea82d2d1a6e17f536946', 162, '', 1573445424, 1573445424),
(8283, 'b24057a92e88eda2995f15171d3312af', 1576037858, 'd2a651257d89a6b9321e4ad65d3df969', 162, '', 1573445858, 1573445858),
(8284, 'e37cfa93d719882b9fdb73f1aba148c7', 1576038072, 'b24c3876ae7c5f7d75f36030a978d34a', 162, '', 1573446072, 1573446072),
(8285, 'e6ab989bfcf547d9fa4505c63bff6284', 1576049973, 'eeda8a9ee2bad915d93167073860b9f2', 162, '', 1573457973, 1573457973),
(8286, '4973e07017da3cfae23941a17393f26d', 1576054708, 'f60888e554e06868f4c06e7a9bb79566', 162, '', 1573462708, 1573462708),
(8287, '7d01cca211481027c5a4a9b7977297d1', 1576055606, '245b2640110f3bf01d3e183d05863ac4', 162, '', 1573463606, 1573463606),
(8288, 'd34827803b7d849a034a02318f2e91b6', 1576057123, 'a43366d135b794abed5564ed1da30c71', 162, '', 1573465123, 1573465123),
(8289, '9ec19b2cf46baf43abdb36380397cbd2', 1576057718, 'a65ff6b778d9d6378db798bc37c7da8a', 162, '', 1573465718, 1573465718),
(8290, '706a4dc082b456caccbccd07b5b58712', 1576058360, '80f7c2cbac784a45524c7fc3fba37bf3', 162, '', 1573466360, 1573466360),
(8291, '8d063920fc48e0812840025fa63cd51f', 1576058667, 'f0c0b1aeecc6689057d89aa12f210ec0', 162, '', 1573466667, 1573466667),
(8292, '6739ad929641ab504576f867ccfc4646', 1576059016, '8f8a4712fc982a8cafffd006c7329e1d', 162, '', 1573467016, 1573467016),
(8293, '25ce1f7bdbb945fafe85f17958fea8cf', 1576110601, 'a5ecdb48319903b8cacdde9503fc4817', 162, '', 1573518601, 1573518601),
(8294, 'cc543f671f1e7140eec525f09d741d8c', 1576113464, '54f0986dcf0f25dd053412adf1e6bf3f', 162, '', 1573521464, 1573521464),
(8295, '632c45d353bec9ff0d4b992e7a346f9b', 1576114630, '025a4921c2cb25ea89d1e66a5e38df12', 162, '', 1573522630, 1573522630),
(8296, 'dde1da8aa7685852b812c9756582bb45', 1576114974, '2127a016e3917901c7ecd8ac64a0f230', 162, '', 1573522974, 1573522974),
(8297, 'c0e7794e6fa7e0cd608c363d5709e4aa', 1576116989, '0242c21fcb1fec625388ef1ffa8e987f', 162, '', 1573524989, 1573524989),
(8298, '2961d8ed270e5aa594ab137d4bfa22e1', 1576117147, 'f857e1702878f504eaa85a3749678977', 162, '', 1573525147, 1573525147),
(8299, '56cf7e6d98f577708e7cb55e1f1b40dd', 1576117491, '084a109619a1fbeada8987e4b4a9b495', 162, '', 1573525491, 1573525491),
(8300, '1490bad377e683dc979795a64c6dabf8', 1576117741, '13c42774e80934f820fc10d5d8c30e1a', 162, '', 1573525741, 1573525741),
(8301, '20d6010a6eb06ea6b2a44b8cbda97c60', 1576117941, '91856520a1f78e7269ddaccb9c1544c7', 162, '', 1573525941, 1573525941),
(8302, '06bfaa41949534965a0b49056239b67f', 1576118361, 'eb5e90fa400d3e9aac60e175a8258c55', 162, '', 1573526361, 1573526361),
(8303, 'c85b3e159f22be6ce1d5d5f0d6b5196c', 1576118777, '324a7926e73251623ec1b7eff4c1cdd6', 162, '', 1573526777, 1573526777),
(8304, 'ea5036b217cb869bf8f130bcde7af7da', 1576124575, '1b828f89fc9f8614bd9dd000493a5da2', 162, '', 1573532575, 1573532575),
(8305, 'bdfe6ef702cfc175bd4bb102344ca954', 15761383, '0e941cdc03c9731f0050a86ca1010994', 162, '', 1573546381, 1573546381),
(8306, 'acf28777ccce08431348829e2ee053f7', 1576139109, 'ab43d2dc04fb6cc245119f5f24a77e66', 162, '', 1573547109, 1573547109),
(8307, '4998ba8b59367038eb09b13223b0c052', 1576139153, '53aaddb798b249249109f972ccbd87b9', 162, '', 1573547153, 1573547153),
(8308, '46de47ce59b095d121f7cf69cb7d4583', 1576139159, 'dddb50e0e906dadcfb08a2e86dfe69f3', 162, '', 1573547159, 1573547159),
(8309, '1433e4a42ed9e47af9dab323a326ce22', 1576139174, 'c695ff93f309a7fbc412b2eaaefe1ae1', 162, '', 1573547174, 1573547174),
(8310, '89b1a5c76b11d3f0eedbe9566132c8e4', 1576139236, 'd83bfb646c37574b841f8c7f5dca841b', 162, '', 1573547236, 1573547236),
(8311, 'f2275c8252b23d85bb7307f7868cb405', 1576139393, '8455b09ed8ed465d7cb7c2bdb7ebc507', 162, '', 1573547393, 1573547393),
(8312, '690e5470e10f555b2231543b51e9a548', 1576139402, '65f27dbf4ce33b2969b06bd913169ba7', 162, '', 1573547402, 1573547402),
(8313, '7b05d3f99ee0e093fc2fdad59074f11f', 1576139617, '4e98ccd88a98db2c5c2340cb0c05981b', 162, '', 1573547617, 1573547617),
(8314, '35869a4c7a674d1af886c00c0c6aaab8', 1576139647, '566af40198c4d39b7a3045c79cb2e855', 34, '', 1573547647, 1573547647),
(8315, '196def90d4b16e36de52f9fe6244fdfa', 1576139653, '6a5829fb3722362d63062b697d7b32e2', 34, '', 1573547653, 1573547653),
(8316, '20bd0d52c3c21e64b80f6e9825834ca2', 1576139844, 'ba28c0bc97f51dd12152a9f00ae859a5', 34, '', 1573547844, 1573547844),
(8317, '9a429981838f9193bd09d2a54c458120', 1576139850, '49351dacbf58ad3759f720f5cdfa75e2', 34, '', 1573547850, 1573547850),
(8318, 'a9a85a69a0c5a3054892b27dabe2b808', 1576140050, '8aa2bb13c0b56e126610920065f8bc4c', 34, '', 1573548050, 1573548050),
(8319, '9eeba83b3dbf797da6d5ec014a9ad2e7', 1576140503, 'c099a4f39810821ee6a9f884241715fc', 34, '', 1573548503, 1573548503),
(8320, 'be62e37b7bc92c8cfded2fc7d0886324', 1576140512, '824b8767954f85b7d6c8b83e2b98afef', 34, '', 1573548512, 1573548512),
(8321, '74c49fabd9094455d55e3e2319a7f00d', 1576140535, '17636d8bd0a88f68deb808d49c1b901b', 34, '', 1573548535, 1573548535),
(8322, '581be8856afc73c5e2d539e8c958e862', 1576140846, '74e23d7a912ab0b8133861c2bde91208', 34, '', 1573548846, 1573548846),
(8323, 'bfe044b28f87a3da14112b9f597f9ce9', 1576140920, 'c778c8e3964c8377d1c89a08c2bf1ba9', 34, '', 1573548920, 1573548920),
(8324, 'b628f4963f50a0b8c1b97e3381af3aa7', 1576141140, '9f16da8d6347103526dd1b60810cb3bd', 34, '', 1573549140, 1573549140),
(8325, '44d9d85ed1ce02c5e7e2a065e7c9225e', 1576141214, '8f8426fab349233dfae3819da28dfe0a', 34, '', 1573549214, 1573549214),
(8326, 'bbe36d180493bb04f872ad611d579223', 1576142962, '1c1004230577cde45a2e5f48b0746261', 34, '', 1573550962, 1573550962),
(8327, 'dc31e525d78e9c54f048d8740eb924f2', 1576143841, '3d478813853d30224a892650f102919b', 34, '', 1573551841, 1573551841),
(8328, '9d06d084c70d133a1279a51e0fb7cbc2', 1576144033, 'e5a74f5c2a8c79186418fc4177ebcedd', 34, '', 1573552033, 1573552033),
(8329, 'd5ff32ce8ac23067f94df1a26f52e476', 1576207260, '02892eebb072d14b159b96c6a5d940a1', 34, '', 1573615260, 1573615260),
(8330, '1cef63cde98e67bd329fdc7d66e7e515', 1576208058, 'e385a50edb3d538498c8479c054a6dc7', 34, '', 1573616058, 1573616058),
(8331, '13ab4e6b1f74253616c2f83ece18a1e9', 1576208547, '5c2c006c21ebe84dc9fc38304e383b49', 34, '', 1573616547, 1573616547),
(8332, 'c8e8b7029766d72c63b073a3314d81c0', 1576208604, '82f0db748020faa1e833c3ffea1256b0', 34, '', 1573616604, 1573616604),
(8333, '909bdf7d85d1c87c6348e3c42cb64a9b', 1576208880, '76a969c6c899085d091babe2663d5a13', 34, '', 1573616880, 1573616880),
(8334, 'd9537800b679801de50c76930c54e7e2', 1576208929, '8bb816d8f4a277df5b7af8f72587e8be', 34, '', 1573616929, 1573616929),
(8335, '2ea8887c7dce8bd4318ae198535da288', 1576209185, '2f332a39b0b1570e9d6b05f4fe9cb8c2', 34, '', 1573617185, 1573617185),
(8336, '5fdf44fb51a60dc8339538d4ac44f62f', 1576210089, 'aa7507888d956d916052d8fddf3635e2', 34, '', 1573618089, 1573618089),
(8337, '22bafbaecd2a24dd91b0ad72efa6f39d', 1576210375, '8f8a26dddd787ecc198bed686a9e06fb', 34, '', 1573618375, 1573618375),
(8338, '28a962073a3f8edd128870693afd1bb9', 1576224735, 'd83be0ae740f2184b7177a0789ff54de', 34, '', 1573632735, 1573632735),
(8339, '4ab16b8c6111d926442487a8ec6d8242', 1576225417, '7cd15b22178f6ff920c7b0027f6cb06e', 34, '', 1573633417, 1573633417),
(8340, '6938f38946731644fb7bcd98e30d6f1d', 1576225502, '797c5e2529a9ca654ecc0c02e5f7d8f6', 34, '', 1573633502, 1573633502),
(8341, 'd4068d63126f0913420f8ec4017215d8', 1576225759, 'b544796d7de9f13a7a0a03004b2a48e3', 34, '', 1573633759, 1573633759),
(8342, 'a695ae627ec4b13d2d276559d756fc7e', 1576226008, '571ce4e394fd16e77eb207f320dbdb87', 34, '', 1573634008, 1573634008),
(8343, '3fd9bcf5dc0b1f27a85368ad03e83c7d', 1576226391, 'be895edf99f8a2ea3f78545b1eeb2c02', 34, '', 1573634391, 1573634391),
(8344, '139ffc0e706b40ed5b38a1f9c860eb1e', 1576288104, '91a0eefc93589b89f16ac656ff14e329', 162, '', 1573696104, 1573696104),
(8345, '79dc1690e50b09b0cfb0ecfb0164805c', 1576288801, '93fa6e8297bffd66f5feac31c4120d6d', 162, '', 1573696801, 1573696801),
(8346, '652ef8f562018b478f484c2a930294e8', 1576290124, 'b76f4ebc14f51c16da3758a0ab5e3cd6', 162, '', 1573698124, 1573698124),
(8347, '2a4151e6bbc53ba5bef20682660feb96', 1576290480, '8b5bf4f31e930e557202fe8c003db97b', 162, '', 1573698480, 1573698480),
(8348, 'c54fdf5fd1dbfb76fe11d553026175df', 1576290669, '66499561115ac85242f32080ec11cb8d', 162, '', 1573698669, 1573698669),
(8349, '28557a30661e1281cb473b275b133d90', 1576291072, '9555b06b476dcc4973ffcdc2b0376696', 162, '', 1573699072, 1573699072),
(8350, '6bd7d4beb9ea7ab090ff4608c9bfd79f', 1576310713, '2bed5ec19e0aadf68838493beed8f952', 162, '', 1573718713, 1573718713),
(8351, 'e228e97dd21144cd93e9da0b5a12ac82', 1576314753, 'ba6f89628a472ed31b686e168cc060d4', 162, '', 1573722753, 1573722753),
(8352, '4819e1dac0b74d26a7aa0477ffd3dfd4', 1576315751, '93031b3c63da430cfb20ca7141e8ed08', 162, '', 1573723751, 1573723751),
(8353, 'cd0762eefa45c6e447fa1ac459a0cb76', 1576318175, '43c8644b542b83c01b5888008b45adfb', 162, '', 1573726175, 1573726175),
(8354, '6dfe8e9b403f63f35059c41b56f37264', 1576375953, '32c9c5a93614507a98cde08ef43259ed', 162, '', 1573783953, 1573783953),
(8355, '23fb12f9eed6c196d4be1e02ddbf25d8', 1576376382, '40f89004ce1efe13637558de31941f8a', 162, '', 1573784382, 1573784382),
(8357, '72603c78652e95fe535e0ea792b771a9', 1576377037, '7350a502896a66508d90637267fa16a6', 162, '', 1573785037, 1573785037),
(8358, '73b24d7bb44b69a27ea45251659ae51b', 1576377205, 'b0c1c6c46aad4922af56d10d590fa528', 162, '', 1573785205, 1573785205),
(8359, 'a30d6903364fe02c99c3df09fc96380c', 1576377233, '6670a6d5bf4552db3fb959432b21a65b', 162, '', 1573785233, 1573785233),
(8360, '12676340656e26518d56320a2a57e879', 1576377398, '1c8f7f27ce8a80bc3177f3ae3bffb92d', 162, '', 1573785398, 1573785398),
(8361, '224c24dad0b08d03eb1b52c80c68015b', 1576377963, '658c17fd221cd13e53656ee2f3c1da1e', 162, '', 1573785963, 1573785963),
(8362, '3ada85aee4252b101b1b549847a304c1', 1576378020, 'bb12d10555aaa40130b8d83cc7e9fc35', 162, '', 1573786020, 1573786020),
(8364, 'efb539045673e10f27aaa27c50e817b0', 1576379638, 'd13f24d4bcc9936bfad585b5ad043ba5', 162, '', 1573787638, 1573787638),
(8365, '40e55621c79faea33f865535b12b7260', 1576381428, 'feb65c4a026903bc1b7b136ec56de3ea', 162, '', 1573789428, 1573789428),
(8366, '2de5f1274a2fc3813431540dad6dade8', 1576382445, 'd9a903256a8e0c7de58e90765a934794', 162, '', 1573790445, 1573790445),
(8367, 'fe89de0798647ab778d934bf74f3ab1b', 1576383289, '540706c5d131fd3adf0eccbb4f34f5bd', 162, '', 1573791289, 1573791289),
(8368, '5b2754d465d031b2650d01e619c96802', 1576383788, 'ce5707fb753d10beeb0cdf7c6004e0f7', 162, '', 1573791788, 1573791788),
(8369, 'b3c12fc3becbe1ac3a6a8ac2fd840e62', 1576394293, 'e93a996765c2fba1343c0448c8ab24cc', 162, '', 1573802293, 1573802293),
(8370, 'b2a87459fd66644dfacd0159fb070502', 1576394715, '2dee2cf82f5fc4b6eb451c0112472010', 162, '', 1573802715, 1573802715),
(8371, 'cb7089bc4d3f0239f8180b86b81d43b7', 1576395326, '2b4061a47fb65b945df3cd05d1741c8b', 162, '', 1573803326, 1573803326),
(8372, '9f70f00786b2d2b9b59d96d578b6cd4e', 1576395755, '9a81c26d6f8736d389d74e195d5a005e', 162, '', 1573803755, 1573803755),
(8373, '71a139b41ebc2dbf640a79ac60c8c865', 1576396092, '5a82853861e5196015c16f17be484b40', 162, '', 1573804092, 1573804092),
(8374, '564da0fbf88e45bf38a37611862d47c1', 1576396614, 'daa9d970f3daae65bc892c4751b0ed73', 162, '', 1573804614, 1573804614),
(8375, '7c99d9eb3ca26d4787ed1b3b7be7c1b1', 1576397245, '68c1aa6a83211a8cdf59e14c60736d48', 162, '', 1573805245, 1573805245),
(8376, '7ac45d3e7318c87c864321852cc57c94', 1576397800, 'a44ebf115b8dd3f18e8465cf1167163c', 162, '', 1573805800, 1573805800),
(8377, 'e63bde87f63096501467fe5743e7b2ad', 1576397808, 'cbe34d39b6d31bedcec4f7df7cf47a85', 162, '', 1573805808, 1573805808),
(8378, 'a0ec80a1cbb2dd4b430a9131f310ccbd', 1576397956, '40fdadc271f6188e20c5841155f01383', 162, '', 1573805956, 1573805956),
(8379, '9a2672aa86819e9b897177513f7eff47', 1576632500, 'fa101e099b5c889051a39582dc643eb2', 162, '', 1574040500, 1574040500),
(8380, 'd514e661c47a04722aa92a5c641c9f78', 1576632978, 'd1e76621bffda90cddb59c1c3fb30281', 162, '', 1574040978, 1574040978),
(8381, 'c48856b1ae4b880ca7a51b9f38c17fb2', 1576633015, '43dd9e698d556c5e11b4255dc300e97c', 162, '', 1574041015, 1574041015),
(8382, '7fbc5229ad746800f242bf6b0f812238', 1576633262, 'f02da56c9f34f51f76b19819175c43e3', 162, '', 1574041262, 1574041262),
(8383, '7d9490203cc13b16dd6b69c00edc7900', 1576633645, '842a66c63dbaac3e5806d9194e584b36', 162, '', 1574041645, 1574041645),
(8384, 'f3a6f6789e474ebe2ba2b7f0f1def89f', 1576633670, 'eb5bae372f994b711d7dd008afa6ce01', 162, '', 1574041670, 1574041670),
(8385, '506ceabe2eafefa6f934ca9f53500ec9', 1576634044, '3e60c1884343a4c5a576c80fda8a9262', 162, '', 1574042044, 1574042044),
(8386, '9a0b988504bd44748b0f75039909ea28', 1576634450, '4a7198160a85bdb163886cde7990493b', 162, '', 1574042450, 1574042450),
(8387, '79fa27575249ea30c97b4f598d3cee4f', 1576635154, '54e7c42ef9038d8d043a2d8bf4b67af4', 162, '', 1574043154, 1574043154),
(8388, 'e480cb3552c554fd6230dddcefec0892', 1576635177, '9061122c52baa4e686221db6fd76106f', 162, '', 1574043177, 1574043177),
(8389, 'ecb596be22fff53b65e104a590c91dab', 1576635191, '40b8de64af549a6d8d616ef811a5701e', 162, '', 1574043191, 1574043191),
(8390, '95c1ee35dec9ec2471f5080a6386c4db', 1576635250, '36967deee737c68dcce41afbf260d502', 162, '', 1574043250, 1574043250),
(8391, '6eae113a7bf45774bdc32a00caa8d9d7', 1576635261, '06af4a13beb01dfcdf3a030f5a97a5f7', 162, '', 1574043261, 1574043261),
(8392, 'f90717e9b93a5295373e4b7d512bcb3b', 1576635515, '638208a4694e7fb6422d35af1a7ae3b8', 162, '', 1574043515, 1574043515),
(8393, 'ef93692d31a1ae961649389da34d7317', 1576641477, 'efa1a227a4da991e0fc2ab30e013437e', 162, '', 1574049477, 1574049477),
(8394, 'd7228b40ee46917e4208584e2d6395c5', 1576740369, 'd8580bc29a7dbcaf5e3b12219348ce5a', 162, '', 1574148369, 1574148369),
(8395, '2f0e64e31612263be89ed85692393174', 1576741272, '17388ccf25050e28ab2c6b09abe60716', 162, '', 1574149272, 1574149272),
(8396, 'a1f5a62b6ca0b8c877cc62fde0060428', 1576741404, '7a6235ae17477a11fc3fc6f3a21c2391', 162, '', 1574149404, 1574149404),
(8397, 'a439d560cfa69dbc6298242328cf4de7', 1576741418, 'ffe119e07ad02a9f4c8acf17af2cd4b8', 162, '', 1574149418, 1574149418),
(8398, '319405b275e5972026b3b5c18071930d', 1576741461, '2e7b851ab318c16ee89041c4a52fc4bc', 162, '', 1574149461, 1574149461),
(8399, '69312e0b41021e1fe9653687f66a2f93', 1576742092, '4749cc7181692bb9820f372632f6ec88', 162, '', 1574150092, 1574150092),
(8400, '630fc1cab314dd054cf485c7ac082a5c', 1576742101, '27bb4f2b6a1263ac9e7e5ba2863d1d2f', 162, '', 1574150101, 1574150101),
(8401, '7d37eb4ce9c4cae8a0cfda53da0c080b', 1576742520, 'c908343295f40bb8c16c45a1c3ffa15d', 162, '', 1574150520, 1574150520),
(8402, '83f1238c28053adee5e38926e9ddb4c7', 1576742613, 'e7a6ce905c2018fd2b698212e9ba81d9', 162, '', 1574150613, 1574150613),
(8403, '38397bd2f2b4e5343ea6662bc1bfa064', 1576742764, '262a5a9d8a063c919356f91e10504a14', 162, '', 1574150764, 1574150764),
(8406, '56d82f4d90a98905bddd734b2167bce4', 1576744725, '6990e56e6dfbb85ae30d13df506baafa', 162, '', 1574152725, 1574152725),
(8408, '9456ea25a890cc335f04c9ee1edf7cfe', 1576827081, 'ced5acf982b5a1e0d0f4ba0f9821378f', 162, '', 1574235081, 1574235081),
(8409, 'a9000e39e9df6bf52cf563fa11ea5f51', 1576830685, '77a205bd1e03ee7d1e30e51e1fd1c0cf', 162, '', 1574238685, 1574238685),
(8410, '37445ddc212ef2f218fba842f8780274', 1576832442, 'a1134e7300f71383530e814fd062d8e3', 162, '', 1574240442, 1574240442),
(8411, '2078083222916895ca13a3d5add0a113', 1576833207, 'ceb06a11ce73a38e5b015168051ada4e', 162, '', 1574241207, 1574241207),
(8412, 'fab10dbcf34ffdfbd4604ac8cf972396', 1576834913, '1370e038bca11467e5c2c39cbd8c7058', 162, '', 1574242913, 1574242913),
(8413, 'fa4be8e47c9dc8f0d2fd66073be4b387', 1576835696, 'a90d063d5aad9888fdb71e5f9f633a96', 162, '', 1574243696, 1574243696),
(8414, '4603ee27382159c8faf797b659b009c1', 1576836392, '27bf1939c8dd7a5de0a9ed55846b8441', 162, '', 1574244392, 1574244392),
(8415, '35245ac1986c9750db582da04de9d8ad', 1576893015, '96bf1246c29c332ca2d85df7a04539a4', 162, '', 1574301015, 1574301015),
(8416, '1d249c211670830ce384eba0f4f847f8', 1576894892, '3e3c0e3c28b0dd3f8b437785f5236adc', 162, '', 1574302892, 1574302892),
(8417, 'cbd74e3443958d8fa8ed67dac9137257', 1576897739, '4b20eca7ca7924f202478caf835963fb', 162, '', 1574305739, 1574305739),
(8418, '6d11760aec9c3073d8df9d3796b3b334', 1577333622, 'fc8e1411644e47770c7ce4529bacf10c', 162, '', 1574741622, 1574741622),
(8419, '3c21577056c9f6a6ecaaf73e994d2a61', 1577345382, '931ba64e7708a2ff38ded5d8b2232ebe', 162, '', 1574753382, 1574753382),
(8420, 'bbd3c48212f7cc20dd1e8ec2fa0fff5e', 1577353353, 'b3a7420242f4d14b4428fdedd5a3ff19', 162, '', 1574761353, 1574761353),
(8422, 'df4147f0fee1aad026b6487dda26e9b1', 1577413209, 'b40d3367bde8373dcb5f10f8fd6455db', 162, '', 1574821209, 1574821209),
(8423, 'e801a066a4a0f4ad916bae4f9404a1a8', 1577418052, '5bb71a197c632b2a3b1378f95acfad08', 162, '', 1574826052, 1574826052),
(8424, '3f59638e2ebb1420870bd945ad08c533', 1577419804, '026f52bc04d8be54be08bcca2613bc42', 162, '', 1574827804, 1574827804),
(8425, '29ef69055697b80169478b77a0ab085b', 1577438192, 'dcc07136e1b68f65f5c0a479a6601ae1', 162, '', 1574846192, 1574846192),
(8426, 'af8e093ee845eeefd3e3e54598c21864', 1577524650, '3dfe0493e7c3b61f1ea2aba3fd124223', 162, '', 1574932650, 1574932650),
(8427, 'bc9491e7d0dd743a10218915ff520fb8', 1577587291, '24f95aaeebdbf7f940eb5399d97b82ae', 162, '', 1574995291, 1574995291),
(8428, '8cc04f9fcbf32041ed6a5e2410a70bec', 1577873237, '1b673ea7c3f6f53fb7520e9d8d195b33', 162, '', 1575281237, 1575281237),
(8429, '851580151cf51ee206f8c8fc18cd311a', 1577934817, '4f88433ad0e988931accaee3e7f09e0b', 162, '', 1575342817, 1575342817),
(8430, '0b3440aeab08a2aec57c13435333ceb2', 1577934988, 'b2ffe4db8028fb0abbc979f838947686', 162, '', 1575342988, 1575342988),
(8431, 'fbc16047449ad98e13a7f4eb6f459eda', 1578024938, 'd72ab08930b83294195b5f462ec46c29', 162, '', 1575432938, 1575432938),
(8432, 'cf1733490a39eb6b4aac6838e790af3f', 1578025573, 'c74156c6ebed40a780b003efe4df1f87', 162, '', 1575433573, 1575433573),
(8433, '09dcb2c234df0e5361ee234a612f459c', 1578035943, 'a352c11a4b46814576471f5c6b89f690', 162, '', 1575443943, 1575443943),
(8434, '7a737e845190cc6fed084fe4ed56c35f', 1578109302, '445adf0cff53852b55ff8f74bde447b4', 162, '', 1575517302, 1575517302),
(8435, 'bba5b498822ca28450e7f423346396de', 1578109649, '2a90cc823dba44769ddd13efeeddfb06', 162, '', 1575517649, 1575517649),
(8436, '5e75ea2f22ab03c1fc37866b567b4161', 1578123970, 'c3303acc26c275fcb8906f0c7bc98cc2', 162, '', 1575531970, 1575531970),
(8437, '26b841dad88d4340d478843746f646c1', 1578128340, 'a9e90c39667a90a786b02f4d124218d3', 162, '', 1575536340, 1575536340),
(8438, 'df63c842c3f66fb5b6aa4fd2bbb78456', 1578194625, 'adc558eef93145d963f1aa78e85e0747', 162, '', 1575602625, 1575602625),
(8439, '56d6cfb0419f5a7066b1ed2d008cec28', 1578196170, 'ed3c04f7c0e268b7f608114990e2ab2f', 162, '', 1575604170, 1575604170),
(8440, '8c75cf6f4abd853ae3a10f8328686739', 1578197879, '1151e8fa9523778e0343b28e1cc2f545', 162, '', 1575605879, 1575605879),
(8441, '87b13c0bacf6b19772d8f1091f569da9', 1578452213, '2a408e72155d0d5693dd9cd8797408b0', 162, '', 1575860213, 1575860213),
(8442, 'c61921645f365051e727236a8316dd79', 1578793078, 'fcb49b93d54209bd34211e9652588e6e', 162, '', 1576201078, 1576201078),
(8444, 'd880276d2f2a9aa9e5d2b5a2ea27ec09', 1578819004, 'e38674badb9fd955581b27a9878afe9b', 162, '', 1576227004, 1576227004),
(8445, 'e90e01d8de8d41f270356d62362d2ea1', 1578819032, '3d72f141e3ce0c750bec50409c2732df', 162, '', 1576227032, 1576227032),
(8446, 'b6c56502f448b8525cfd493816c26672', 1578819093, '99f003269161463d3c6abf1b35a6991d', 162, '', 1576227093, 1576227093),
(8447, '03a3113a5cadabefabad7de53693e2d6', 1578819110, '0adca1db1a472cb18fd015f6e976597f', 162, '', 1576227110, 1576227110),
(8448, '06784acc7ddefa490bc36406de23af9e', 1578819133, 'b849b20552510e8521ee5a4a151f734e', 162, '', 1576227133, 1576227133),
(8449, 'a063ed33b4255bd679a873dbac1361c8', 1578821554, 'ac0546646bfa586ef39bfd26a5d5c825', 162, '', 1576229554, 1576229554),
(8450, 'fc2cb48fe76678efc057921fe3662436', 1578821561, '8c5d9066396d5cb1eff280a093926526', 162, '', 1576229561, 1576229561),
(8451, '7fea6ab1d5dca2fd6c5a490ee0f70aed', 1578821668, '85708c9b95348fbbe1bdc2f922d74fff', 162, '', 1576229668, 1576229668),
(8452, 'f415cb3b790437b5725af9d7b1442b35', 1578823812, 'd44a7dee9473d8d439ff383d778fb8df', 162, '', 1576231812, 1576231812),
(8453, '0c203c43400c92bbbf34e55b04b016c9', 1578823910, '3df05a7644bf083acb516736596162df', 162, '', 1576231910, 1576231910),
(8454, '8fe88d61601972814a8b9bf5faa38b28', 1578824414, '3df8789e1e3506a2c17941cc5c3afe09', 162, '', 1576232414, 1576232414),
(8455, 'fa683ed1d9aa079d683d4b3ca13e80a3', 1578824434, 'd93da3f7a6666859e118bc2e9ab914b5', 162, '', 1576232434, 1576232434),
(8456, '09fa4d020a3ab3174dd2a4214af86edb', 1579054246, 'd5e1540ce6cde46ff5b0e37c3ba72b90', 162, '', 1576462246, 1576462246),
(8457, 'd685802f538469d6c298d1532b1705d7', 1579055335, '1a7ff475929d500ddf04120c1a3bab5c', 162, '', 1576463335, 1576463335),
(8458, '5e79c27338bb8caf45ac3986cb4c371d', 1579056635, 'bd382da1c9efa429c510cc5f77b16e40', 162, '', 1576464635, 1576464635),
(8459, '232f9bbc40b931a1b68fe24bba6fe30a', 1579058028, '1be80da8389da19632ae4f6d3948f8b4', 162, '', 1576466028, 1576466028),
(8460, '712285b2f3b9594700ec130bb195dd10', 1579070907, '26904117ba0971d806435776246cb52a', 162, '', 1576478907, 1576478907),
(8467, '2c6974376a4d81bf80996246ff635558', 1579143372, 'cec5ec9b26ddda1e129b3fe24ef1b28a', 162, '', 1576551372, 1576551372),
(8470, '18c9ade2b5301c9eb2f80f5a8f0ec6f0', 15791441, '427b38aafe59a50066bd52b03b352051', 162, '', 1576552162, 1576552162),
(8471, '3c2d049e0f9eb83f10206d5aa9273509', 15791446, '49f4c7c0df3d4e92b53ac685d736a2c9', 162, '', 1576552611, 1576552611),
(8473, '4471da1ccd98f67369254f63ef4ffd4a', 1579164967, '305ba1c03f85c3cfa0528d8dcc9efc8e', 162, '', 1576572967, 1576572967),
(8474, '4c35b0ac0fd7131170b10f300a3891ae', 1579168676, '8111bc8fddcbe2e30246b2942dfcefb9', 162, '', 1576576676, 1576576676),
(8475, '31c15075b1a478b2fed2a2224b468d2f', 1579226299, '1da1d11056748a03cabf105b5dcc4860', 162, '', 1576634299, 1576634299),
(8477, '6a0edc91655312eab8cd3e9535414239', 1579422592, '1f8179764bd0425efe11b51bf444af70', 162, '', 1576830592, 1576830592),
(8478, 'e7c1504ab9fe4f70f4e68cab58bcd105', 1579423246, 'cf42d05c737b64544058aa146cc25d1a', 162, '', 1576831246, 1576831246),
(8479, '1ff89e047c8c09ef6ec4760ccd926577', 1579767932, 'd5c864d42e95dfb569d3e308e9fa0158', 162, '', 1577175932, 1577175932),
(8480, '7fc93e3400911634b694659ac2cb31b6', 1579769186, 'fbdc317867b54b361eaf28eff9146203', 162, '', 1577177186, 1577177186),
(8481, 'd3294adac71ae13533102a4abb1347fc', 1579769313, '2979ea46580574f7b28cf6ceeb425814', 162, '', 1577177313, 1577177313),
(8483, 'c86f24b8416bb761641332c6af46ec0d', 1579774962, 'cfd49a767c285252782a0bfbb27dabfd', 162, '', 1577182962, 1577182962),
(8486, 'cc16557662e2b2005690481aabbeb715', 1579832313, '359d77370c162b05600e31e916e7b0f6', 162, '', 1577240313, 1577240313),
(8488, 'eefab99caa2b13e59a2e3936e1b131c4', 1579834982, '091eea383215e1c5b98fa9c7aae972be', 162, '', 1577242982, 1577242982),
(8489, 'dfdcc7139193a8e150b1e6c82e19a63d', 1584675280, '127d88afd95ff475f5323e892dfc615c', 17, NULL, 1582083280, 1582083280),
(8492, '569315ae6ca1d3fbf599f86d7b0835b7', 1584675979, 'bafdca2cb4e81e6a760ce3a2021c771e', 30, NULL, 1582083979, 1582083979),
(8494, '2f327ca5eba423ed8e3873004388725c', 1584676195, '37d1bf8e2236d432682374fdd187f0c9', 30, NULL, 1582084195, 1582084195),
(8497, 'a4ce3a62ebf559c859e42c79ef3476e2', 1584677053, 'd11cf76285294a457269f84b71cbbbb1', 30, NULL, 1582085053, 1582085053),
(8498, '5eaf6c49ddc625b9cbdb5ab5e5c4e194', 1584677854, '110057ba8d3a748afb281f724e68501a', 30, NULL, 1582085854, 1582085854),
(8502, '4d7b30db6deeca1cc58f5cc999e66572', 1584679300, 'f7cc3734956b5d55a2e022c5f932f4ae', 31, NULL, 1582087300, 1582087300),
(8504, '6bc47221fa48b6f9b5554137848d67b9', 1584681717, '9d87b784cb95ea590642393c87516239', 19, NULL, 1582089717, 1582089717),
(8510, 'd77787b36de0993df416c4fded9235de', 1584688770, '8bd08f3563727350fa6f075609056569', 33, NULL, 1582096770, 1582096770),
(8511, 'c11a9ed90093829a19a9915eb3893259', 1584688934, '51820dfee0cc0d2ca6a769a826bd5769', 33, NULL, 1582096934, 1582096934),
(8512, 'd4e1fbafb44a392921d9faf6402ec18b', 1584690146, 'b057524c9984d792e8e3786a8948d0b1', 33, NULL, 1582098146, 1582098146),
(8514, '6d20bc9bf0aff93b959406d090f53d03', 1584714937, '5d90d536b9a767aa944c9fb51cef0845', 8, NULL, 1582122937, 1582122937),
(8515, '901a154ff8a3f106146491ff3c0d8fc1', 1584714954, '2cb000de803a9d80f5e76e8da2f098ae', 8, NULL, 1582122954, 1582122954),
(8516, '0f8b064e450ad0d2fbca137d678d1474', 1584715014, 'b69851bdd4a72e7982e8b1b7ad704cf1', 30, NULL, 1582123014, 1582123014),
(8517, 'd47774526858d2d8ec7bebb9c1526f07', 1584715087, '8c384bf5b34311a12a605df6da0d3cba', 30, NULL, 1582123087, 1582123087),
(8518, 'c69ccc68c2d680292c111f96b3f37423', 1584715213, '373ac2326722d726fe3eb17383bc3401', 30, NULL, 1582123213, 1582123213),
(8519, 'fa4a9f6f81a8f540bbd3261c0bd12ff8', 1584717997, 'a663c86f30c537982ea796206c3b2086', 30, NULL, 1582125997, 1582125997),
(8520, 'ebca68c5e06359850a4fdcf0008b68e7', 1584718072, '2190f54c58a99a940f17301cf759e9a1', 30, NULL, 1582126072, 1582126072),
(8522, 'd137c3f9ed46bda224c38c18898c280a', 1584718244, '1f5ba56ac0e0c7af4861b5457721ba1b', 30, NULL, 1582126244, 1582126244);

-- --------------------------------------------------------

--
-- Cấu trúc bảng cho bảng `activities_log`
--

DROP TABLE IF EXISTS `activities_log`;
CREATE TABLE IF NOT EXISTS `activities_log` (
  `activity_log_id` int(11) NOT NULL AUTO_INCREMENT,
  `activity_type` varchar(32) NOT NULL,
  `description` varchar(255) NOT NULL,
  `user_id` int(11) NOT NULL,
  `create_at` int(11) NOT NULL,
  PRIMARY KEY (`activity_log_id`),
  KEY `activity_type` (`activity_type`),
  KEY `user_id` (`user_id`)
) ENGINE=InnoDB AUTO_INCREMENT=452 DEFAULT CHARSET=utf8;

--
-- Đang đổ dữ liệu cho bảng `activities_log`
--

INSERT INTO `activities_log` (`activity_log_id`, `activity_type`, `description`, `user_id`, `create_at`) VALUES
(3, 'maintenance-create', 'Nguyễn Đình Châu đã tạo đợt bảo dưỡng TKY T8-2018, Lê Trung Nguyên làm nhóm trưởng.', 1, 1534923303),
(4, 'maintenance-create', 'Nguyễn Đình Châu đã tạo đợt bảo dưỡng TKY T8-2018, Lê Trung Nguyên làm nhóm trưởng.', 1, 1534923341),
(10, 'maintenance-create', 'Nguyễn Đình Châu đã tạo đợt bảo dưỡng TGG, Trần Minh Hạnh làm nhóm trưởng.', 1, 1534929526),
(11, 'maintenance-create', 'Nguyễn Đình Châu đã tạo đợt bảo dưỡng tgg, Trần Minh Hạnh làm nhóm trưởng.', 1, 1534929562),
(12, 'maintenance-create', 'Nguyễn Đình Châu đã tạo đợt bảo dưỡng tgg, Trần Minh Hạnh làm nhóm trưởng.', 1, 1534929693),
(14, 'maintenance-create', 'Nguyễn Đình Châu đã tạo đợt bảo dưỡng TKY T10-2018, Lê Trung Nguyên làm nhóm trưởng.', 1, 1536918742),
(15, 'maintenance-create', 'Nguyễn Đình Châu đã tạo đợt bảo dưỡng Dot2, Phan Hoài Bảo làm nhóm trưởng.', 1, 1537151460),
(16, 'maintenance-create', 'Nguyễn Đình Châu đã tạo đợt bảo dưỡng TKY T8-2018, Trần Minh Hạnh làm nhóm trưởng.', 1, 1537176470),
(17, 'user-add', 'Nguyễn Đình Châu đã thêm nhân viên N/A', 1, 1537261120),
(18, 'maintenance-create', 'Nguyễn Đình Châu đã tạo đợt bảo dưỡng TKY_T10-2018, Lê Trung Nguyên làm nhóm trưởng.', 1, 1538451859),
(19, 'maintenance-create', 'Nguyễn Đình Châu đã tạo đợt bảo dưỡng TPTM-T10_2018, Trần Minh Hạnh làm nhóm trưởng.', 1, 1539091354),
(22, 'unit-add', 'Nguyễn Đình Châu đã thêm đơn vị QNM_CSHT_00450', 1, 1542618039),
(23, 'maintenance-create', 'Nguyễn Đình Châu đã tạo đợt bảo dưỡng QTC_BVT-T11_2018, Lê Trung Nguyên làm nhóm trưởng.', 1, 1542680702),
(24, 'maintenance-create', 'Nguyễn Đình Châu đã tạo đợt bảo dưỡng BDIDDD, Lê Trung Nguyên làm nhóm trưởng.', 1, 1545276572),
(25, 'maintenance-create', 'Nguyễn Đình Châu đã tạo đợt bảo dưỡng INDOOR_T12, Lê Văn Hồng làm nhóm trưởng.', 1, 1545294098),
(41, 'unit-update', 'Nguyễn Đình Châu đã cập nhật nhà trạm Pà Dấu 1', 1, 1547958255),
(47, 'unit-update', 'Nguyễn Đình Châu đã cập nhật nhà trạm Trạm Giáo Đông (Ái Nghĩa)', 1, 1548059367),
(49, 'unit-update', 'Nguyễn Đình Châu đã cập nhật nhà trạm Trạm Giáo Đông (Ái Nghĩa)', 1, 1548059761),
(50, 'unit-update', 'Nguyễn Đình Châu đã cập nhật nhà trạm Trạm Giáo Đông (Ái Nghĩa)', 1, 1548059769),
(51, 'unit-update', 'Nguyễn Đình Châu đã cập nhật nhà trạm CLDC La Dê', 1, 1548130505),
(54, 'user-add', 'Nguyễn Đình Châu đã thêm nhân viên Zơ Râm Trọng', 1, 1548144189),
(64, 'unit-update', 'Nguyễn Đình Châu đã cập nhật nhà trạm Tam Lãnh', 1, 1548219895),
(65, 'unit-update', 'Nguyễn Đình Châu đã cập nhật nhà trạm Tam Lãnh 2', 1, 1548220107),
(66, 'unit-update', 'Nguyễn Đình Châu đã cập nhật nhà trạm Tam Dân 2', 1, 1548220127),
(67, 'unit-update', 'Nguyễn Đình Châu đã cập nhật nhà trạm Sông Kôn', 1, 1548231427),
(68, 'unit-update', 'Nguyễn Đình Châu đã cập nhật nhà trạm Ngã 3 Sông Kôn', 1, 1548231435),
(69, 'unit-update', 'Nguyễn Đình Châu đã cập nhật nhà trạm Ba Liên', 1, 1548231482),
(70, 'unit-update', 'Admin đã cập nhật nhà trạm Trạm Thôn 5 (Quế Lưu)', 1, 1549959132),
(71, 'unit-update', 'Admin đã cập nhật nhà trạm Đại Hưng', 1, 1550459816),
(72, 'unit-update', 'Admin đã cập nhật nhà trạm Thôn 2 Trà Don', 1, 1551245142),
(73, 'unit-update', 'Admin đã cập nhật nhà trạm Mỏ vàng Phước Đức', 1, 1551259497),
(136, 'unit-update', 'Admin đã cập nhật nhà trạm Tổ 3 Xuân Mỹ', 1, 1551320152),
(210, 'unit-update', 'Admin đã cập nhật nhà trạm Tam Nghĩa', 1, 1551497388),
(229, 'unit-update', 'Admin đã cập nhật nhà trạm Tam Trà', 1, 1551751729),
(232, 'user-add', 'Admin đã thêm nhân viên Huỳnh Tấn Cảnh', 1, 1551779713),
(233, 'unit-update', 'Admin đã cập nhật nhà trạm Thôn Thanh Đông Tam Thanh', 1, 1551841638),
(237, 'unit-update', 'Admin đã cập nhật nhà trạm Đức Bố', 1, 1551858664),
(238, 'unit-update', 'Admin đã cập nhật nhà trạm KCN Bắc Chu Lai 2', 1, 1551864164),
(239, 'unit-update', 'Admin đã cập nhật nhà trạm Xuân Ngọc', 1, 1551864184),
(240, 'unit-update', 'Admin đã cập nhật nhà trạm Bắc chu lai 2', 1, 1551920109),
(241, 'unit-update', 'Admin đã cập nhật nhà trạm Thanh Trà (3G)', 1, 1551922589),
(242, 'unit-update', 'Admin đã cập nhật nhà trạm Tam Nghĩa', 1, 1551922609),
(243, 'unit-update', 'Admin đã cập nhật nhà trạm Núi Thành', 1, 1551922630),
(244, 'unit-update', 'Admin đã cập nhật nhà trạm Quế An', 1, 1551922662),
(245, 'unit-update', 'Admin đã cập nhật nhà trạm Thắng Đông', 1, 1551922679),
(246, 'unit-update', 'Admin đã cập nhật nhà trạm Quế Sơn', 1, 1551922698),
(247, 'unit-update', 'Admin đã cập nhật nhà trạm Quế Minh', 1, 1551923682),
(248, 'unit-update', 'Admin đã cập nhật nhà trạm Bàn Thạch (Duy Vinh)', 1, 1551929367),
(249, 'unit-update', 'Admin đã cập nhật nhà trạm Trà Giáp', 1, 1551949028),
(250, 'unit-update', 'Admin đã cập nhật nhà trạm Trà Giáp', 1, 1551950359),
(251, 'unit-update', 'Admin đã cập nhật nhà trạm Thôn Long Phú Tam Nghĩa', 1, 1552006132),
(252, 'unit-update', 'Admin đã cập nhật nhà trạm Núi Thành', 1, 1552006181),
(257, 'unit-update', 'Admin đã cập nhật nhà trạm Thôn Tú Trà Bình Chánh', 1, 1552288602),
(259, 'unit-update', 'Admin đã cập nhật nhà trạm Phú Thọ', 1, 1552379214),
(260, 'unit-update', 'Admin đã cập nhật nhà trạm Thôn 5 Phú Thọ', 1, 1552379224),
(261, 'unit-update', 'Admin đã cập nhật nhà trạm Quế Cường', 1, 1552379701),
(262, 'unit-update', 'Admin đã cập nhật nhà trạm Quế Thuận', 1, 1552437322),
(263, 'unit-update', 'Admin đã cập nhật nhà trạm Cell_RRU Thôn Thượng Phước Quế Thuận', 1, 1552437346),
(264, 'unit-update', 'Admin đã cập nhật nhà trạm Quế Hiệp', 1, 1552437382),
(265, 'unit-update', 'Admin đã cập nhật nhà trạm Trạm KCN Đông Quế Sơn (Hương An)', 1, 1552437520),
(267, 'unit-update', 'Admin đã cập nhật nhà trạm PSB Tam Tiến', 1, 1552643162),
(274, 'unit-update', 'Admin đã cập nhật nhà trạm Thôn 8 Phước Hiệp', 1, 1553575852),
(276, 'unit-update', 'Admin đã cập nhật nhà trạm CLDC 505 Phước Xuân', 1, 1553740916),
(277, 'unit-update', 'Admin đã cập nhật nhà trạm Trạm Ninh Khánh 2 (Quế Ninh)', 1, 1553915584),
(278, 'unit-update', 'Admin đã cập nhật nhà trạm Tam Nghĩa', 1, 1554187502),
(279, 'user-add', 'Admin đã thêm nhân viên Hoàng Văn Kiên', 1, 1554351721),
(280, 'unit-update', 'Admin đã cập nhật nhà trạm CLDC 505 Phước Xuân', 1, 1554351879),
(281, 'unit-update', 'Admin đã cập nhật nhà trạm Khu TDC DakMi', 1, 1554351888),
(282, 'unit-update', 'Admin đã cập nhật nhà trạm Kiểm Lâm_Phước Hiệp', 1, 1554351894),
(283, 'unit-update', 'Admin đã cập nhật nhà trạm DakMi 4', 1, 1554351901),
(284, 'unit-update', 'Admin đã cập nhật nhà trạm Phước Hiệp', 1, 1554351908),
(285, 'unit-update', 'Admin đã cập nhật nhà trạm Thôn 8 Phước Hiệp', 1, 1554351917),
(286, 'unit-update', 'Admin đã cập nhật nhà trạm Bắc chu lai 2', 1, 1554948545),
(287, 'unit-update', 'Admin đã cập nhật nhà trạm K8 Tà Lu', 1, 1555544813),
(288, 'unit-update', 'Admin đã cập nhật nhà trạm Thôn Phú Sơn Xã Ba', 1, 1555544843),
(289, 'unit-update', 'Admin đã cập nhật nhà trạm Trạm Thôn 5 (Quế Lưu)', 1, 1555558008),
(290, 'unit-update', 'Admin đã cập nhật nhà trạm Thôn Tú Trà Bình Chánh', 1, 1555645969),
(293, 'unit-update', 'Admin đã cập nhật nhà trạm Bắc chu lai 2', 1, 1558342881),
(294, 'maintenance-finish', 'Admin đã kết thúc đợt bảo dưỡng KTNT_T05-2019_31 (tại trạm Trường Xuân)', 1, 1558491991),
(295, 'maintenance-finish', 'Admin đã kết thúc đợt bảo dưỡng KTNT_T05-2019_113 (tại trạm KCN HTKháng)', 1, 1558492013),
(296, 'maintenance-finish', 'Admin đã kết thúc đợt bảo dưỡng KTNT_T05-2019_189 (tại trạm Tân An (Nhà máy nước))', 1, 1558492020),
(297, 'maintenance-finish', 'Admin đã kết thúc đợt bảo dưỡng KTNT_T05-2019_199 (tại trạm Bầu Tây)', 1, 1558492086),
(298, 'maintenance-finish', 'Admin đã kết thúc đợt bảo dưỡng KTNT_T05-2019_255 (tại trạm Đại Hòa(Quảng Huế ))', 1, 1558492097),
(299, 'maintenance-finish', 'Admin đã kết thúc đợt bảo dưỡng KTNT_T05-2019_266 (tại trạm 83 Lưu Quý Kỳ)', 1, 1558492106),
(300, 'maintenance-finish', 'Admin đã kết thúc đợt bảo dưỡng KTNT_T05-2019_268 (tại trạm Xuyên Tây (3G))', 1, 1558492122),
(301, 'maintenance-finish', 'Admin đã kết thúc đợt bảo dưỡng KTNT_T05-2019_189 (tại trạm Tân An (Nhà máy nước))', 1, 1558492161),
(302, 'maintenance-finish', 'Admin đã kết thúc đợt bảo dưỡng KTNT_T05-2019_341 (tại trạm Đinh An - Nam Phước (3G))', 1, 1558492168),
(303, 'maintenance-finish', 'Admin đã kết thúc đợt bảo dưỡng KTNT_T05-2019_349 (tại trạm KDC6 Tân Thạnh (3G))', 1, 1558492181),
(304, 'maintenance-finish', 'Admin đã kết thúc đợt bảo dưỡng KTNT_T05-2019_398 (tại trạm Thôn Thọ Tân Tam Ngọc)', 1, 1558492199),
(305, 'maintenance-finish', 'Admin đã kết thúc đợt bảo dưỡng KTNT_T05-2019_429 (tại trạm Thôn 5 Duy Hải)', 1, 1558492213),
(306, 'maintenance-finish', 'Admin đã kết thúc đợt bảo dưỡng KTNT_T05-2019_447 (tại trạm Khu TDC Trường Xuân)', 1, 1558492233),
(307, 'maintenance-finish', 'Admin đã kết thúc đợt bảo dưỡng KTNT_T05-2019_451 (tại trạm Trạm 161 Phan Bội Châu (Tân Thạnh))', 1, 1558492241),
(308, 'maintenance-finish', 'Admin đã kết thúc đợt bảo dưỡng KTNT_T05-2019_358 (tại trạm Cell_RRU Inbuilding Mường Thanh)', 1, 1558493159),
(309, 'maintenance-finish', 'Admin đã kết thúc đợt bảo dưỡng KTNT_T05-2019_334 (tại trạm Trường Xuân 2)', 1, 1558493173),
(310, 'maintenance-finish', 'Admin đã kết thúc đợt bảo dưỡng KTNT_T05-2019_303 (tại trạm Bến xe Hội An)', 1, 1558493203),
(311, 'maintenance-finish', 'Admin đã kết thúc đợt bảo dưỡng KTNT_T05-2019_111 (tại trạm BĐ Tam kỳ)', 1, 1558493255),
(312, 'maintenance-finish', 'Admin đã kết thúc đợt bảo dưỡng KTNT_T05-2019_208 (tại trạm Hai Bà Trưng (Cửa Suối))', 1, 1558517060),
(313, 'maintenance-finish', 'Admin đã kết thúc đợt bảo dưỡng KTNT_T05-2019_269 (tại trạm UB Thanh Hà)', 1, 1558517089),
(314, 'maintenance-finish', 'Admin đã kết thúc đợt bảo dưỡng KTNT_T05-2019_367 (tại trạm Thôn Ngọc Bích Tam Ngọc)', 1, 1559032248),
(315, 'maintenance-finish', 'Admin đã kết thúc đợt bảo dưỡng KTNT_T05-2019_33 (tại trạm Thôn 7 Tam Ngọc)', 1, 1559032255),
(316, 'maintenance-finish', 'Admin đã kết thúc đợt bảo dưỡng KTNT_T06-2019_422 (tại trạm Thôn Thượng Phước Đại Hòa)', 1, 1560739614),
(317, 'maintenance-finish', 'Admin đã kết thúc đợt bảo dưỡng KTNT_T06-2019_451 (tại trạm Trạm 161 Phan Bội Châu (Tân Thạnh))', 1, 1560739658),
(318, 'maintenance-finish', 'Admin đã kết thúc đợt bảo dưỡng KTNT_T06-2019_464 (tại trạm Trạm 159B Trần Quý Cáp)', 1, 1560739664),
(319, 'maintenance-finish', 'Admin đã kết thúc đợt bảo dưỡng KTNT_T06-2019_31 (tại trạm Trường Xuân)', 1, 1560739672),
(320, 'maintenance-finish', 'Admin đã kết thúc đợt bảo dưỡng KTNT_T06-2019_111 (tại trạm BĐ Tam kỳ)', 1, 1560739698),
(321, 'maintenance-finish', 'Admin đã kết thúc đợt bảo dưỡng KTNT_T06-2019_113 (tại trạm KCN HTKháng)', 1, 1560739703),
(322, 'maintenance-finish', 'Admin đã kết thúc đợt bảo dưỡng KTNT_T06-2019_152 (tại trạm Sông Kôn)', 1, 1560739707),
(323, 'maintenance-finish', 'Admin đã kết thúc đợt bảo dưỡng KTNT_T06-2019_255 (tại trạm Đại Hòa(Quảng Huế ))', 1, 1560739710),
(324, 'maintenance-finish', 'Admin đã kết thúc đợt bảo dưỡng KTNT_T06-2019_349 (tại trạm KDC6 Tân Thạnh (3G))', 1, 1560739717),
(325, 'maintenance-finish', 'Admin đã kết thúc đợt bảo dưỡng KTNT_T06-2019_358 (tại trạm Cell_RRU Inbuilding Mường Thanh)', 1, 1560739725),
(326, 'maintenance-finish', 'Admin đã kết thúc đợt bảo dưỡng KTNT_T06-2019_378 (tại trạm Thôn Phú Sơn Xã Ba)', 1, 1560739736),
(327, 'maintenance-finish', 'Admin đã kết thúc đợt bảo dưỡng KTNT_T06-2019_182 (tại trạm Hiệp Thuận)', 1, 1560835027),
(328, 'unit-add', 'Admin đã thêm đơn vị CSHT_QNM_ NoBTS_001', 1, 1560847537),
(329, 'device-add', 'Admin đã thêm thiết bị Cơ sở hạ tầng vào trạm Trạm RLU Tiên Hiệp', 1, 1560847901),
(330, 'unit-add', 'Admin đã thêm đơn vị CSHT_QNM_ NoBTS_002', 1, 1560931280),
(331, 'device-add', 'Admin đã thêm thiết bị Cơ sở hạ tầng vào trạm Trạm lặp Trà Dương', 1, 1560931339),
(332, 'unit-add', 'Admin đã thêm đơn vị CSHT_QNM_ NoBTS_003', 1, 1560931416),
(333, 'device-add', 'Admin đã thêm thiết bị Cơ sở hạ tầng vào trạm NoBTS Tiên Thọ', 1, 1560931457),
(334, 'maintenance-finish', 'Admin đã kết thúc đợt bảo dưỡng KTNT_T06-2019_8 (tại trạm Duy Phú)', 1, 1561689369),
(335, 'maintenance-finish', 'Admin đã kết thúc đợt bảo dưỡng KTNT_T06-2019_228 (tại trạm BD Kiểm Lâm)', 1, 1561689410),
(336, 'maintenance-finish', 'Admin đã kết thúc đợt bảo dưỡng KTNT_T06-2019_25 (tại trạm Quế Minh)', 1, 1561709736),
(337, 'maintenance-finish', 'Admin đã kết thúc đợt bảo dưỡng KTNT_T06-2019_268 (tại trạm Xuyên Tây (3G))', 1, 1561944082),
(338, 'maintenance-finish', 'Admin đã kết thúc đợt bảo dưỡng KTNT_T06-2019_274 (tại trạm Duy Xuyên)', 1, 1561944089),
(339, 'maintenance-finish', 'Admin đã kết thúc đợt bảo dưỡng KTNT_T06-2019_341 (tại trạm Đinh An - Nam Phước (3G))', 1, 1561944095),
(340, 'unit-add', 'Admin đã thêm đơn vị CSHT_QNM_ NoBTS_004', 1, 1561947845),
(341, 'device-add', 'Admin đã thêm thiết bị Cơ sở hạ tầng vào trạm V5.2 Tiên Lãnh', 1, 1561947898),
(342, 'unit-add', 'Admin đã thêm đơn vị CSHT_QNM_ NoBTS_005', 1, 1561947948),
(343, 'device-add', 'Admin đã thêm thiết bị Cơ sở hạ tầng vào trạm CSND Tam Hải', 1, 1561947981),
(344, 'unit-add', 'Admin đã thêm đơn vị CSHT_QNM_ NoBTS_006', 1, 1561948109),
(345, 'device-add', 'Admin đã thêm thiết bị Cơ sở hạ tầng vào trạm Trạm CSN Kế Xuyên', 1, 1561948157),
(346, 'unit-add', 'Admin đã thêm đơn vị CSHT_QNM_ NoBTS_007', 1, 1561948964),
(347, 'device-add', 'Admin đã thêm thiết bị Cơ sở hạ tầng vào trạm Trạm RLU Thanh Hà', 1, 1561948994),
(348, 'unit-add', 'Admin đã thêm đơn vị CSHT_QNM_ NoBTS_008', 1, 1561949051),
(349, 'device-add', 'Admin đã thêm thiết bị Cơ sở hạ tầng vào trạm V5.2 A Sờ', 1, 1561949074),
(350, 'unit-update', 'Admin đã cập nhật nhà trạm Trạm CSN Kế Xuyên', 1, 1561953240),
(351, 'unit-update', 'Admin đã cập nhật nhà trạm Nam Giang', 1, 1562559240),
(352, 'maintenance-finish', 'Admin đã kết thúc đợt bảo dưỡng KTNT_T07-2019_16 (tại trạm QTC Bảo Việt)', 1, 1562812280),
(353, 'maintenance-finish', 'Admin đã kết thúc đợt bảo dưỡng KTNT_T07-2019_111 (tại trạm BĐ Tam kỳ)', 1, 1562832409),
(354, 'maintenance-finish', 'Admin đã kết thúc đợt bảo dưỡng KTNT_T07-2019_113 (tại trạm KCN HTKháng)', 1, 1562832414),
(355, 'maintenance-finish', 'Admin đã kết thúc đợt bảo dưỡng KTNT_T07-2019_152 (tại trạm Sông Kôn)', 1, 1562832447),
(356, 'maintenance-finish', 'Admin đã kết thúc đợt bảo dưỡng KTNT_T07-2019_153 (tại trạm Xã Tư)', 1, 1562832456),
(357, 'maintenance-finish', 'Admin đã kết thúc đợt bảo dưỡng KTNT_T07-2019_364 (tại trạm Thôn Tây Yên Tam Đàn)', 1, 1562832480),
(358, 'maintenance-finish', 'Admin đã kết thúc đợt bảo dưỡng KTNT_T07-2019_378 (tại trạm Thôn Phú Sơn Xã Ba)', 1, 1562832486),
(359, 'maintenance-finish', 'Admin đã kết thúc đợt bảo dưỡng KTNT_T07-2019_387 (tại trạm Thôn Việt Sơn Bình Trị)', 1, 1562832496),
(360, 'maintenance-finish', 'Admin đã kết thúc đợt bảo dưỡng KTNT_T07-2019_255 (tại trạm Đại Hòa(Quảng Huế ))', 1, 1562832542),
(361, 'maintenance-finish', 'Admin đã kết thúc đợt bảo dưỡng KTNT_T07-2019_422 (tại trạm Thôn Thượng Phước Đại Hòa)', 1, 1562914782),
(362, 'maintenance-finish', 'Admin đã kết thúc đợt bảo dưỡng KTNT_T07-2019_199 (tại trạm Bầu Tây)', 1, 1562914839),
(363, 'maintenance-finish', 'Admin đã kết thúc đợt bảo dưỡng KTNT_T07-2019_358 (tại trạm Cell_RRU Inbuilding Mường Thanh)', 1, 1562914848),
(364, 'maintenance-finish', 'Admin đã kết thúc đợt bảo dưỡng KTNT_T07-2019_451 (tại trạm Trạm 161 Phan Bội Châu (Tân Thạnh))', 1, 1562914853),
(365, 'maintenance-finish', 'Admin đã kết thúc đợt bảo dưỡng KTNT_T07-2019_349 (tại trạm KDC6 Tân Thạnh (3G))', 1, 1563332522),
(366, 'maintenance-finish', 'Admin đã kết thúc đợt bảo dưỡng KTNT_T07-2019_8 (tại trạm Duy Phú)', 1, 1563938207),
(367, 'maintenance-finish', 'Admin đã kết thúc đợt bảo dưỡng KTNT_T07-2019_96 (tại trạm Thôn 2 Trà Don)', 1, 1563938275),
(368, 'maintenance-finish', 'Admin đã kết thúc đợt bảo dưỡng KTNT_T07-2019_31 (tại trạm Trường Xuân)', 1, 1564111382),
(369, 'maintenance-finish', 'Admin đã kết thúc đợt bảo dưỡng KTNT_T07-2019_228 (tại trạm BD Kiểm Lâm)', 1, 1564111405),
(370, 'maintenance-finish', 'Admin đã kết thúc đợt bảo dưỡng KTNT_T07-2019_398 (tại trạm Thôn Thọ Tân Tam Ngọc)', 1, 1564363538),
(371, 'maintenance-finish', 'Admin đã kết thúc đợt bảo dưỡng KTNT_T07-2019_33 (tại trạm Thôn 7 Tam Ngọc)', 1, 1564363563),
(372, 'maintenance-finish', 'Admin đã kết thúc đợt bảo dưỡng KTNT_T07-2019_430 (tại trạm Thôn 8 Trà Tân)', 1, 1564363866),
(373, 'user-add', 'Admin đã thêm nhân viên Trần Anh Lâm', 1, 1564389522),
(374, 'unit-update', 'Admin đã cập nhật nhà trạm Cell_RRU Thôn Thượng Phước Quế Thuận', 1, 1564391573),
(375, 'maintenance-finish', 'Admin đã kết thúc đợt bảo dưỡng KTNT_T07-2019_313 (tại trạm Trà Nam)', 1, 1564454457),
(379, 'unit-update', 'Admin đã cập nhật nhà trạm KV Quế Phú', 1, 1565053846),
(380, 'maintenance-finish', 'Admin đã kết thúc đợt bảo dưỡng KTNT_T08-2019_111 (tại trạm BĐ Tam kỳ)', 1, 1565835264),
(381, 'maintenance-finish', 'Admin đã kết thúc đợt bảo dưỡng KTNT_T08-2019_113 (tại trạm KCN HTKháng)', 1, 1565835268),
(382, 'maintenance-finish', 'Admin đã kết thúc đợt bảo dưỡng KTNT_T08-2019_199 (tại trạm Bầu Tây)', 1, 1565835304),
(383, 'maintenance-finish', 'Admin đã kết thúc đợt bảo dưỡng KTNT_T08-2019_206 (tại trạm Đại Minh)', 1, 1565835314),
(384, 'maintenance-finish', 'Admin đã kết thúc đợt bảo dưỡng KTNT_T08-2019_349 (tại trạm KDC6 Tân Thạnh (3G))', 1, 1565835341),
(385, 'maintenance-finish', 'Admin đã kết thúc đợt bảo dưỡng KTNT_T08-2019_154 (tại trạm Ngã 3 Sông Kôn)', 1, 1565839284),
(386, 'maintenance-finish', 'Admin đã kết thúc đợt bảo dưỡng KTNT_T08-2019_156 (tại trạm Ba Liên)', 1, 1565839293),
(387, 'maintenance-finish', 'Admin đã kết thúc đợt bảo dưỡng KTNT_T08-2019_358 (tại trạm Cell_RRU Inbuilding Mường Thanh)', 1, 1565839298),
(388, 'maintenance-finish', 'Admin đã kết thúc đợt bảo dưỡng KTNT_T08-2019_334 (tại trạm Trường Xuân 2)', 1, 1565839299),
(389, 'maintenance-finish', 'Admin đã kết thúc đợt bảo dưỡng KTNT_T08-2019_464 (tại trạm Trạm 159B Trần Quý Cáp)', 1, 1566271258),
(390, 'unit-update', 'Admin đã cập nhật nhà trạm Trạm CSN Kế Xuyên', 1, 1566353226),
(391, 'maintenance-finish', 'Admin đã kết thúc đợt bảo dưỡng KTNT_T08-2019_451 (tại trạm Trạm 161 Phan Bội Châu (Tân Thạnh))', 1, 1566546804),
(392, 'maintenance-finish', 'Admin đã kết thúc đợt bảo dưỡng KTNT_T08-2019_426 (tại trạm Thôn Xuyên Tây 1 Nam Phước)', 1, 1566546810),
(393, 'maintenance-finish', 'Admin đã kết thúc đợt bảo dưỡng KTNT_T08-2019_119 (tại trạm Phong Thử)', 1, 1566546825),
(394, 'maintenance-finish', 'Admin đã kết thúc đợt bảo dưỡng KTNT_T08-2019_341 (tại trạm Đinh An - Nam Phước (3G))', 1, 1566547009),
(395, 'maintenance-finish', 'Admin đã kết thúc đợt bảo dưỡng KTNT_T08-2019_98 (tại trạm Quế Ninh)', 1, 1567135417),
(396, 'maintenance-finish', 'Admin đã kết thúc đợt bảo dưỡng KTNT_T08-2019_8 (tại trạm Duy Phú)', 1, 1567135680),
(397, 'maintenance-finish', 'Admin đã kết thúc đợt bảo dưỡng KTNT_T08-2019_274 (tại trạm Duy Xuyên)', 1, 1567246161),
(398, 'maintenance-finish', 'Admin đã kết thúc đợt bảo dưỡng KTNT_T08-2019_302 (tại trạm CLDC Bàn Sơn)', 1, 1567246174),
(399, 'maintenance-finish', 'Admin đã kết thúc đợt bảo dưỡng KTNT_T08-2019_177 (tại trạm Mỹ Sơn (Viettel))', 1, 1567249433),
(400, 'maintenance-finish', 'Admin đã kết thúc đợt bảo dưỡng KTNT_T08-2019_268 (tại trạm Xuyên Tây (3G))', 1, 1567262369),
(401, 'unit-update', 'Admin đã cập nhật nhà trạm Trạm Tổ 3 (Hà Lam)', 1, 1568103184),
(402, 'maintenance-finish', 'Admin đã kết thúc đợt bảo dưỡng KTNT_T09-2019_113 (tại trạm KCN HTKháng)', 1, 1568163731),
(403, 'maintenance-finish', 'Admin đã kết thúc đợt bảo dưỡng KTNT_T09-2019_111 (tại trạm BĐ Tam kỳ)', 1, 1568163760),
(404, 'maintenance-finish', 'Admin đã kết thúc đợt bảo dưỡng KTNT_T09-2019_334 (tại trạm Trường Xuân 2)', 1, 1568163797),
(405, 'maintenance-finish', 'Admin đã kết thúc đợt bảo dưỡng KTNT_T09-2019_341 (tại trạm Đinh An - Nam Phước (3G))', 1, 1568163821),
(406, 'maintenance-finish', 'Admin đã kết thúc đợt bảo dưỡng KTNT_T09-2019_398 (tại trạm Thôn Thọ Tân Tam Ngọc)', 1, 1568792318),
(407, 'maintenance-finish', 'Admin đã kết thúc đợt bảo dưỡng KTNT_T09-2019_451 (tại trạm Trạm 161 Phan Bội Châu (Tân Thạnh))', 1, 1568792392),
(408, 'maintenance-finish', 'Admin đã kết thúc đợt bảo dưỡng KTNT_T09-2019_358 (tại trạm Cell_RRU Inbuilding Mường Thanh)', 1, 1568792410),
(409, 'maintenance-finish', 'Admin đã kết thúc đợt bảo dưỡng KTNT_T09-2019_349 (tại trạm KDC6 Tân Thạnh (3G))', 1, 1568792418),
(410, 'maintenance-finish', 'Admin đã kết thúc đợt bảo dưỡng KTNT_T09-2019_302 (tại trạm CLDC Bàn Sơn)', 1, 1568792438),
(411, 'maintenance-finish', 'Admin đã kết thúc đợt bảo dưỡng KTNT_T09-2019_31 (tại trạm Trường Xuân)', 1, 1568792441),
(412, 'maintenance-finish', 'Admin đã kết thúc đợt bảo dưỡng KTNT_T09-2019_8 (tại trạm Duy Phú)', 1, 1568792443),
(413, 'maintenance-finish', 'Admin đã kết thúc đợt bảo dưỡng KTNT_T09-2019_430 (tại trạm Thôn 8 Trà Tân)', 1, 1569229601),
(414, 'device-add', 'Admin đã thêm thiết bị outdoor 2G vào trạm Điện Bàn', 1, 1572592745),
(415, 'device-add', 'Admin đã thêm thiết bị outdoor 3G vào trạm Điện Bàn', 1, 1572592952),
(416, 'device-add', 'Admin đã thêm thiết bị outdoor 4G vào trạm Điện Bàn', 1, 1572592990),
(417, 'maintenance-finish', 'Admin đã kết thúc đợt bảo dưỡng KTNT_T09-2019_309 (tại trạm Cao Nhí)', 1, 1572600591),
(418, 'maintenance-finish', 'Admin đã kết thúc đợt bảo dưỡng KTNT_T09-2019_416 (tại trạm Khối Phố chợ Vĩnh Điện)', 1, 1572600685),
(419, 'unit-update', 'Admin đã cập nhật nhà trạm Cẩm Đồng - Điện Phong', 1, 1573180436),
(420, 'unit-update', 'Admin đã cập nhật nhà trạm Cẩm Đồng - Điện Phong', 1, 1573182569),
(421, 'unit-update', 'Admin đã cập nhật nhà trạm Cẩm Đồng - Điện Phong', 1, 1573182636),
(422, 'unit-update', 'Admin đã cập nhật nhà trạm Cẩm Đồng - Điện Phong', 1, 1575337672),
(423, 'unit-update', 'Admin đã cập nhật nhà trạm Cẩm Đồng - Điện Phong', 1, 1575337766),
(424, 'unit-update', 'Admin đã cập nhật nhà trạm Cẩm Đồng - Điện Phong', 1, 1575337850),
(425, 'unit-update', 'Admin đã cập nhật nhà trạm Cẩm Đồng - Điện Phong', 1, 1575337955),
(426, 'unit-update', 'Admin đã cập nhật nhà trạm Phú Phong, An Phú (3G)', 1, 1575857254),
(427, 'unit-update', 'Admin đã cập nhật nhà trạm Tam Phú 4', 1, 1575857946),
(428, 'unit-update', 'Admin đã cập nhật nhà trạm Điện Ngọc', 1, 1580784243),
(429, 'unit-update', 'Admin đã cập nhật nhà trạm Điện Ngọc', 1, 1580784804),
(430, 'unit-update', 'Admin đã cập nhật nhà trạm Điện Ngọc', 1, 1580785036),
(431, 'unit-update', 'Admin đã cập nhật nhà trạm Điện Ngọc', 1, 1580785079),
(434, 'unit-update', 'Admin đã cập nhật nhà trạm An Hà (Đồi QRT)', 1, 1582096549),
(435, 'unit-update', 'Admin đã cập nhật nhà trạm An Hà (Đồi QRT)', 1, 1582096569),
(436, 'maintenance-finish', 'Admin đã kết thúc đợt bảo dưỡng TEST_HNM_1 (tại trạm Điện Bàn)', 1, 1583076528),
(437, 'unit-add', 'Admin đã thêm đơn vị Trung tâm VT Kim bảng', 1, 1583119135),
(438, 'unit-add', 'Admin đã thêm đơn vị Trung tâm VT Thanh liêm', 1, 1583119157),
(439, 'unit-add', 'Admin đã thêm đơn vị sss', 1, 1583122121),
(440, 'device-add', 'admin đã thêm thiết bị Máy nổ ﻿KAMA 5KVA 1P vào trạm PL-Hòa Lạc', 1, 1583200626),
(441, 'device-add', 'admin đã thêm thiết bị Máy nổ VIETGEN 16KVA 3P vào trạm PL-Hòa Lạc', 1, 1583200804),
(442, 'device-add', 'admin đã thêm thiết bị MX960 vào trạm PL-Hòa Lạc', 1, 1583202093),
(443, 'device-add', 'admin đã thêm thiết bị ALCATEL-1642 vào trạm PL-Trạm BTS Việt Thái', 1, 1583850589),
(444, 'device-add', 'admin đã thêm thiết bị ALCATEL-1642 vào trạm PL-Trạm BTS Việt Thái', 1, 1583852306),
(445, 'device-add', 'admin đã thêm thiết bị ALCATEL-1642 vào trạm PL-Làng Đại cầu -Tiên tân', 1, 1583852394),
(446, 'device-add', 'admin đã thêm nhóm thiết bị PDH', 1, 1583856638),
(447, 'device-add', 'admin đã thêm nhóm thiết bị DSLAM', 1, 1583856653),
(448, 'device-add', 'admin đã thêm loại thiết bị VOM-4E1', 1, 1583856695),
(449, 'device-add', 'admin đã thêm loại thiết bị IP DSLAM', 1, 1583856727),
(450, 'device-add', 'admin đã thêm loại thiết bị ATM', 1, 1583856756),
(451, 'device-add', 'admin đã thêm loại thiết bị MXU', 1, 1583856769);

-- --------------------------------------------------------

--
-- Cấu trúc bảng cho bảng `activity`
--

DROP TABLE IF EXISTS `activity`;
CREATE TABLE IF NOT EXISTS `activity` (
  `activity_type` varchar(32) NOT NULL,
  `activity_name` varchar(255) NOT NULL,
  `class` varchar(255) NOT NULL,
  PRIMARY KEY (`activity_type`)
) ENGINE=InnoDB DEFAULT CHARSET=utf8;

--
-- Đang đổ dữ liệu cho bảng `activity`
--

INSERT INTO `activity` (`activity_type`, `activity_name`, `class`) VALUES
('device-add', 'Thêm thiết bị', 'fa fa-tablet'),
('device-remove', 'Xóa thiết bị', 'fa fa-tablet'),
('maintenance-create', 'Lên kế hoạch ', 'fa fa-list-ol'),
('maintenance-do', 'Thực hiện đợt bảo dưỡng', 'fa fa-wrench'),
('maintenance-finish', 'Hoàn thành đợt bảo dưỡng', 'fa fa-check-square-o'),
('unit-add', 'Thêm đơn vị', 'fa fa-university'),
('unit-remove', 'Xóa đơn vị', 'fa fa-university'),
('unit-update', 'Cập nhật', 'fa fa-university'),
('user-add', 'Thêm nhân viên', 'fa fa-user-plus'),
('user-remove', 'Xóa nhân viên', 'fa fa-user-times');

-- --------------------------------------------------------

--
-- Cấu trúc bảng cho bảng `authorization_codes`
--

DROP TABLE IF EXISTS `authorization_codes`;
CREATE TABLE IF NOT EXISTS `authorization_codes` (
  `id` int(11) NOT NULL AUTO_INCREMENT,
  `code` varchar(150) NOT NULL,
  `expires_at` int(11) NOT NULL,
  `user_id` int(11) NOT NULL,
  `app_id` varchar(255) DEFAULT NULL,
  `created_at` int(11) NOT NULL,
  `updated_at` int(11) NOT NULL,
  PRIMARY KEY (`id`)
) ENGINE=InnoDB AUTO_INCREMENT=8576 DEFAULT CHARSET=utf8;

--
-- Đang đổ dữ liệu cho bảng `authorization_codes`
--

INSERT INTO `authorization_codes` (`id`, `code`, `expires_at`, `user_id`, `app_id`, `created_at`, `updated_at`) VALUES
(8350, '0e941cdc03c9731f0050a86ca1010994', 1573546980, 162, 'Dalvik/2.1.0 (Linux; U; Android 8.0.0; Android SDK built for x86 Build/OSR1.180418.019)', 1573546380, 1573546380),
(8351, 'ab43d2dc04fb6cc245119f5f24a77e66', 1573547707, 162, 'Dalvik/2.1.0 (Linux; U; Android 8.0.0; Android SDK built for x86 Build/OSR1.180418.019)', 1573547107, 1573547107),
(8352, '53aaddb798b249249109f972ccbd87b9', 1573547752, 162, 'Dalvik/2.1.0 (Linux; U; Android 8.0.0; Android SDK built for x86 Build/OSR1.180418.019)', 1573547152, 1573547152),
(8353, 'dddb50e0e906dadcfb08a2e86dfe69f3', 1573547757, 162, 'Dalvik/2.1.0 (Linux; U; Android 8.0.0; Android SDK built for x86 Build/OSR1.180418.019)', 1573547157, 1573547157),
(8354, 'c695ff93f309a7fbc412b2eaaefe1ae1', 1573547772, 162, 'Dalvik/2.1.0 (Linux; U; Android 8.0.0; Android SDK built for x86 Build/OSR1.180418.019)', 1573547172, 1573547172),
(8355, 'd83bfb646c37574b841f8c7f5dca841b', 1573547834, 162, 'Dalvik/2.1.0 (Linux; U; Android 8.0.0; Android SDK built for x86 Build/OSR1.180418.019)', 1573547234, 1573547234),
(8356, '8455b09ed8ed465d7cb7c2bdb7ebc507', 1573547991, 162, 'Dalvik/2.1.0 (Linux; U; Android 8.0.0; Android SDK built for x86 Build/OSR1.180418.019)', 1573547391, 1573547391),
(8357, '65f27dbf4ce33b2969b06bd913169ba7', 1573548000, 162, 'Dalvik/2.1.0 (Linux; U; Android 8.0.0; Android SDK built for x86 Build/OSR1.180418.019)', 1573547400, 1573547400),
(8358, '4e98ccd88a98db2c5c2340cb0c05981b', 1573548215, 162, 'Dalvik/2.1.0 (Linux; U; Android 8.0.0; Android SDK built for x86 Build/OSR1.180418.019)', 1573547615, 1573547615),
(8359, '566af40198c4d39b7a3045c79cb2e855', 1573548246, 34, 'Dalvik/2.1.0 (Linux; U; Android 8.0.0; Android SDK built for x86 Build/OSR1.180418.019)', 1573547646, 1573547646),
(8360, '6a5829fb3722362d63062b697d7b32e2', 1573548252, 34, 'Dalvik/2.1.0 (Linux; U; Android 8.0.0; Android SDK built for x86 Build/OSR1.180418.019)', 1573547652, 1573547652),
(8361, 'ba28c0bc97f51dd12152a9f00ae859a5', 1573548442, 34, 'Dalvik/2.1.0 (Linux; U; Android 8.0.0; Android SDK built for x86 Build/OSR1.180418.019)', 1573547842, 1573547842),
(8362, '49351dacbf58ad3759f720f5cdfa75e2', 1573548449, 34, 'Dalvik/2.1.0 (Linux; U; Android 8.0.0; Android SDK built for x86 Build/OSR1.180418.019)', 1573547849, 1573547849),
(8363, '8aa2bb13c0b56e126610920065f8bc4c', 1573548649, 34, 'Dalvik/2.1.0 (Linux; U; Android 8.0.0; Android SDK built for x86 Build/OSR1.180418.019)', 1573548049, 1573548049),
(8364, 'c099a4f39810821ee6a9f884241715fc', 1573549102, 34, 'Dalvik/2.1.0 (Linux; U; Android 8.0.0; Android SDK built for x86 Build/OSR1.180418.019)', 1573548502, 1573548502),
(8365, '824b8767954f85b7d6c8b83e2b98afef', 1573549111, 34, 'Dalvik/2.1.0 (Linux; U; Android 8.0.0; Android SDK built for x86 Build/OSR1.180418.019)', 1573548511, 1573548511),
(8366, '17636d8bd0a88f68deb808d49c1b901b', 1573549134, 34, 'Dalvik/2.1.0 (Linux; U; Android 8.0.0; Android SDK built for x86 Build/OSR1.180418.019)', 1573548534, 1573548534),
(8367, '74e23d7a912ab0b8133861c2bde91208', 1573549444, 34, 'Dalvik/2.1.0 (Linux; U; Android 8.0.0; Android SDK built for x86 Build/OSR1.180418.019)', 1573548844, 1573548844),
(8368, 'c778c8e3964c8377d1c89a08c2bf1ba9', 1573549519, 34, 'Dalvik/2.1.0 (Linux; U; Android 8.0.0; Android SDK built for x86 Build/OSR1.180418.019)', 1573548919, 1573548919),
(8369, '9f16da8d6347103526dd1b60810cb3bd', 1573549739, 34, 'Dalvik/2.1.0 (Linux; U; Android 8.0.0; Android SDK built for x86 Build/OSR1.180418.019)', 1573549139, 1573549139),
(8370, '8f8426fab349233dfae3819da28dfe0a', 1573549812, 34, 'Dalvik/2.1.0 (Linux; U; Android 8.0.0; Android SDK built for x86 Build/OSR1.180418.019)', 1573549212, 1573549212),
(8371, '1c1004230577cde45a2e5f48b0746261', 1573551561, 34, 'Dalvik/2.1.0 (Linux; U; Android 8.0.0; Android SDK built for x86 Build/OSR1.180418.019)', 1573550961, 1573550961),
(8372, '3d478813853d30224a892650f102919b', 1573552439, 34, 'Dalvik/2.1.0 (Linux; U; Android 8.0.0; Android SDK built for x86 Build/OSR1.180418.019)', 1573551839, 1573551839),
(8373, 'e5a74f5c2a8c79186418fc4177ebcedd', 1573552631, 34, 'Dalvik/2.1.0 (Linux; U; Android 8.0.0; Android SDK built for x86 Build/OSR1.180418.019)', 1573552031, 1573552031),
(8374, '02892eebb072d14b159b96c6a5d940a1', 1573615859, 34, 'Dalvik/2.1.0 (Linux; U; Android 8.0.0; Android SDK built for x86 Build/OSR1.180418.019)', 1573615259, 1573615259),
(8375, 'e385a50edb3d538498c8479c054a6dc7', 1573616657, 34, 'Dalvik/2.1.0 (Linux; U; Android 8.0.0; Android SDK built for x86 Build/OSR1.180418.019)', 1573616057, 1573616057),
(8376, '5c2c006c21ebe84dc9fc38304e383b49', 1573617146, 34, 'Dalvik/2.1.0 (Linux; U; Android 8.0.0; Android SDK built for x86 Build/OSR1.180418.019)', 1573616546, 1573616546),
(8377, '82f0db748020faa1e833c3ffea1256b0', 1573617202, 34, 'Dalvik/2.1.0 (Linux; U; Android 8.0.0; Android SDK built for x86 Build/OSR1.180418.019)', 1573616602, 1573616602),
(8378, '76a969c6c899085d091babe2663d5a13', 1573617479, 34, 'Dalvik/2.1.0 (Linux; U; Android 8.0.0; Android SDK built for x86 Build/OSR1.180418.019)', 1573616879, 1573616879),
(8379, '8bb816d8f4a277df5b7af8f72587e8be', 1573617528, 34, 'Dalvik/2.1.0 (Linux; U; Android 8.0.0; Android SDK built for x86 Build/OSR1.180418.019)', 1573616928, 1573616928),
(8380, '2f332a39b0b1570e9d6b05f4fe9cb8c2', 1573617784, 34, 'Dalvik/2.1.0 (Linux; U; Android 8.0.0; Android SDK built for x86 Build/OSR1.180418.019)', 1573617184, 1573617184),
(8381, 'aa7507888d956d916052d8fddf3635e2', 1573618687, 34, 'Dalvik/2.1.0 (Linux; U; Android 8.0.0; Android SDK built for x86 Build/OSR1.180418.019)', 1573618087, 1573618087),
(8382, '8f8a26dddd787ecc198bed686a9e06fb', 1573618974, 34, 'Dalvik/2.1.0 (Linux; U; Android 8.0.0; Android SDK built for x86 Build/OSR1.180418.019)', 1573618374, 1573618374),
(8383, 'd83be0ae740f2184b7177a0789ff54de', 1573633334, 34, 'Dalvik/2.1.0 (Linux; U; Android 8.0.0; Android SDK built for x86 Build/OSR1.180418.019)', 1573632734, 1573632734),
(8384, '7cd15b22178f6ff920c7b0027f6cb06e', 1573634016, 34, 'Dalvik/2.1.0 (Linux; U; Android 8.0.0; Android SDK built for x86 Build/OSR1.180418.019)', 1573633416, 1573633416),
(8385, '797c5e2529a9ca654ecc0c02e5f7d8f6', 1573634101, 34, 'Dalvik/2.1.0 (Linux; U; Android 8.0.0; Android SDK built for x86 Build/OSR1.180418.019)', 1573633501, 1573633501),
(8386, 'b544796d7de9f13a7a0a03004b2a48e3', 1573634358, 34, 'Dalvik/2.1.0 (Linux; U; Android 8.0.0; Android SDK built for x86 Build/OSR1.180418.019)', 1573633758, 1573633758),
(8387, '571ce4e394fd16e77eb207f320dbdb87', 1573634607, 34, 'Dalvik/2.1.0 (Linux; U; Android 8.0.0; Android SDK built for x86 Build/OSR1.180418.019)', 1573634007, 1573634007),
(8388, 'be895edf99f8a2ea3f78545b1eeb2c02', 1573634989, 34, 'Dalvik/2.1.0 (Linux; U; Android 8.0.0; Android SDK built for x86 Build/OSR1.180418.019)', 1573634389, 1573634389),
(8389, '91a0eefc93589b89f16ac656ff14e329', 1573696702, 162, 'Dalvik/2.1.0 (Linux; U; Android 8.0.0; Android SDK built for x86 Build/OSR1.180418.019)', 1573696102, 1573696102),
(8390, '93fa6e8297bffd66f5feac31c4120d6d', 1573697400, 162, 'Dalvik/2.1.0 (Linux; U; Android 8.0.0; Android SDK built for x86 Build/OSR1.180418.019)', 1573696800, 1573696800),
(8391, 'b76f4ebc14f51c16da3758a0ab5e3cd6', 1573698722, 162, 'Dalvik/2.1.0 (Linux; U; Android 8.0.0; Android SDK built for x86 Build/OSR1.180418.019)', 1573698122, 1573698122),
(8392, '8b5bf4f31e930e557202fe8c003db97b', 1573699079, 162, 'Dalvik/2.1.0 (Linux; U; Android 8.0.0; Android SDK built for x86 Build/OSR1.180418.019)', 1573698479, 1573698479),
(8393, '66499561115ac85242f32080ec11cb8d', 1573699268, 162, 'Dalvik/2.1.0 (Linux; U; Android 8.0.0; Android SDK built for x86 Build/OSR1.180418.019)', 1573698668, 1573698668),
(8394, '9555b06b476dcc4973ffcdc2b0376696', 1573699670, 162, 'Dalvik/2.1.0 (Linux; U; Android 8.0.0; Android SDK built for x86 Build/OSR1.180418.019)', 1573699070, 1573699070),
(8395, '2bed5ec19e0aadf68838493beed8f952', 1573719311, 162, 'Dalvik/2.1.0 (Linux; U; Android 8.0.0; Android SDK built for x86 Build/OSR1.180418.019)', 1573718711, 1573718711),
(8396, 'ba6f89628a472ed31b686e168cc060d4', 1573723351, 162, 'Dalvik/2.1.0 (Linux; U; Android 8.0.0; Android SDK built for x86 Build/OSR1.180418.019)', 1573722751, 1573722751),
(8397, '93031b3c63da430cfb20ca7141e8ed08', 1573724350, 162, 'Dalvik/2.1.0 (Linux; U; Android 8.0.0; Android SDK built for x86 Build/OSR1.180418.019)', 1573723750, 1573723750),
(8398, '43c8644b542b83c01b5888008b45adfb', 1573726773, 162, 'Dalvik/2.1.0 (Linux; U; Android 8.0.0; Android SDK built for x86 Build/OSR1.180418.019)', 1573726173, 1573726173),
(8399, '32c9c5a93614507a98cde08ef43259ed', 1573784552, 162, 'Dalvik/2.1.0 (Linux; U; Android 8.0.0; Android SDK built for x86 Build/OSR1.180418.019)', 1573783952, 1573783952),
(8400, '40f89004ce1efe13637558de31941f8a', 1573784981, 162, 'Dalvik/2.1.0 (Linux; U; Android 8.0.0; Android SDK built for x86 Build/OSR1.180418.019)', 1573784381, 1573784381),
(8401, 'a7207b85db41c146679091d12a3c9656', 1573785589, 162, 'Dalvik/2.1.0 (Linux; U; Android 8.0.0; Android SDK built for x86 Build/OSR1.180418.019)', 1573784989, 1573784989),
(8402, '7350a502896a66508d90637267fa16a6', 1573785636, 162, 'Dalvik/2.1.0 (Linux; U; Android 8.0.0; Android SDK built for x86 Build/OSR1.180418.019)', 1573785036, 1573785036),
(8403, 'b0c1c6c46aad4922af56d10d590fa528', 1573785804, 162, 'Dalvik/2.1.0 (Linux; U; Android 8.0.0; Android SDK built for x86 Build/OSR1.180418.019)', 1573785204, 1573785204),
(8404, '6670a6d5bf4552db3fb959432b21a65b', 1573785832, 162, 'Dalvik/2.1.0 (Linux; U; Android 8.0.0; Android SDK built for x86 Build/OSR1.180418.019)', 1573785232, 1573785232),
(8405, '1c8f7f27ce8a80bc3177f3ae3bffb92d', 1573785997, 162, 'Dalvik/2.1.0 (Linux; U; Android 8.0.0; Android SDK built for x86 Build/OSR1.180418.019)', 1573785397, 1573785397),
(8406, '658c17fd221cd13e53656ee2f3c1da1e', 1573786562, 162, 'Dalvik/2.1.0 (Linux; U; Android 8.0.0; Android SDK built for x86 Build/OSR1.180418.019)', 1573785962, 1573785962),
(8407, 'bb12d10555aaa40130b8d83cc7e9fc35', 1573786619, 162, 'Dalvik/2.1.0 (Linux; U; Android 8.0.0; Android SDK built for x86 Build/OSR1.180418.019)', 1573786019, 1573786019),
(8408, 'a57a0242ad2342404990410152d88bb9', 1573788188, 162, 'Dalvik/2.1.0 (Linux; U; Android 8.0.0; Android SDK built for x86 Build/OSR1.180418.019)', 1573787588, 1573787588),
(8409, 'd13f24d4bcc9936bfad585b5ad043ba5', 1573788237, 162, 'Dalvik/2.1.0 (Linux; U; Android 8.0.0; Android SDK built for x86 Build/OSR1.180418.019)', 1573787637, 1573787637),
(8410, 'feb65c4a026903bc1b7b136ec56de3ea', 1573790026, 162, 'Dalvik/2.1.0 (Linux; U; Android 8.0.0; Android SDK built for x86 Build/OSR1.180418.019)', 1573789426, 1573789426),
(8411, 'd9a903256a8e0c7de58e90765a934794', 1573791044, 162, 'Dalvik/2.1.0 (Linux; U; Android 8.0.0; Android SDK built for x86 Build/OSR1.180418.019)', 1573790444, 1573790444),
(8412, '540706c5d131fd3adf0eccbb4f34f5bd', 1573791887, 162, 'Dalvik/2.1.0 (Linux; U; Android 8.0.0; Android SDK built for x86 Build/OSR1.180418.019)', 1573791287, 1573791287),
(8413, 'ce5707fb753d10beeb0cdf7c6004e0f7', 1573792386, 162, 'Dalvik/2.1.0 (Linux; U; Android 8.0.0; Android SDK built for x86 Build/OSR1.180418.019)', 1573791786, 1573791786),
(8414, 'e93a996765c2fba1343c0448c8ab24cc', 1573802892, 162, 'Dalvik/2.1.0 (Linux; U; Android 8.0.0; Android SDK built for x86 Build/OSR1.180418.019)', 1573802292, 1573802292),
(8415, '2dee2cf82f5fc4b6eb451c0112472010', 1573803314, 162, 'Dalvik/2.1.0 (Linux; U; Android 8.0.0; Android SDK built for x86 Build/OSR1.180418.019)', 1573802714, 1573802714),
(8416, '2b4061a47fb65b945df3cd05d1741c8b', 1573803924, 162, 'Dalvik/2.1.0 (Linux; U; Android 8.0.0; Android SDK built for x86 Build/OSR1.180418.019)', 1573803324, 1573803324),
(8417, '9a81c26d6f8736d389d74e195d5a005e', 1573804354, 162, 'Dalvik/2.1.0 (Linux; U; Android 8.0.0; Android SDK built for x86 Build/OSR1.180418.019)', 1573803754, 1573803754),
(8418, '5a82853861e5196015c16f17be484b40', 1573804691, 162, 'Dalvik/2.1.0 (Linux; U; Android 8.0.0; Android SDK built for x86 Build/OSR1.180418.019)', 1573804091, 1573804091),
(8419, 'daa9d970f3daae65bc892c4751b0ed73', 1573805213, 162, 'Dalvik/2.1.0 (Linux; U; Android 8.0.0; Android SDK built for x86 Build/OSR1.180418.019)', 1573804613, 1573804613),
(8420, '68c1aa6a83211a8cdf59e14c60736d48', 1573805843, 162, 'Dalvik/2.1.0 (Linux; U; Android 8.0.0; Android SDK built for x86 Build/OSR1.180418.019)', 1573805243, 1573805243),
(8421, 'a44ebf115b8dd3f18e8465cf1167163c', 1573806398, 162, 'Dalvik/2.1.0 (Linux; U; Android 8.0.0; Android SDK built for x86 Build/OSR1.180418.019)', 1573805798, 1573805798),
(8422, 'cbe34d39b6d31bedcec4f7df7cf47a85', 1573806406, 162, 'Dalvik/2.1.0 (Linux; U; Android 8.0.0; Android SDK built for x86 Build/OSR1.180418.019)', 1573805806, 1573805806),
(8423, '40fdadc271f6188e20c5841155f01383', 1573806555, 162, 'Dalvik/2.1.0 (Linux; U; Android 8.0.0; Android SDK built for x86 Build/OSR1.180418.019)', 1573805955, 1573805955),
(8424, 'fa101e099b5c889051a39582dc643eb2', 1574041099, 162, 'Dalvik/2.1.0 (Linux; U; Android 8.0.0; Android SDK built for x86 Build/OSR1.180418.019)', 1574040499, 1574040499),
(8425, 'd1e76621bffda90cddb59c1c3fb30281', 1574041577, 162, 'Dalvik/2.1.0 (Linux; U; Android 8.0.0; Android SDK built for x86 Build/OSR1.180418.019)', 1574040977, 1574040977),
(8426, '43dd9e698d556c5e11b4255dc300e97c', 1574041613, 162, 'Dalvik/2.1.0 (Linux; U; Android 8.0.0; Android SDK built for x86 Build/OSR1.180418.019)', 1574041013, 1574041013),
(8427, 'f02da56c9f34f51f76b19819175c43e3', 1574041861, 162, 'Dalvik/2.1.0 (Linux; U; Android 8.0.0; Android SDK built for x86 Build/OSR1.180418.019)', 1574041261, 1574041261),
(8428, '842a66c63dbaac3e5806d9194e584b36', 1574042244, 162, 'Dalvik/2.1.0 (Linux; U; Android 8.0.0; Android SDK built for x86 Build/OSR1.180418.019)', 1574041644, 1574041644),
(8429, 'eb5bae372f994b711d7dd008afa6ce01', 1574042269, 162, 'Dalvik/2.1.0 (Linux; U; Android 8.0.0; Android SDK built for x86 Build/OSR1.180418.019)', 1574041669, 1574041669),
(8430, '3e60c1884343a4c5a576c80fda8a9262', 1574042642, 162, 'Dalvik/2.1.0 (Linux; U; Android 8.0.0; Android SDK built for x86 Build/OSR1.180418.019)', 1574042042, 1574042042),
(8431, '4a7198160a85bdb163886cde7990493b', 1574043048, 162, 'Dalvik/2.1.0 (Linux; U; Android 8.0.0; Android SDK built for x86 Build/OSR1.180418.019)', 1574042448, 1574042448),
(8432, '54e7c42ef9038d8d043a2d8bf4b67af4', 1574043753, 162, 'Dalvik/2.1.0 (Linux; U; Android 8.1.0; Redmi Note 5 MIUI/V10.3.4.0.OEICNXM)', 1574043153, 1574043153),
(8433, '9061122c52baa4e686221db6fd76106f', 1574043776, 162, 'Dalvik/2.1.0 (Linux; U; Android 8.1.0; Redmi Note 5 MIUI/V10.3.4.0.OEICNXM)', 1574043176, 1574043176),
(8434, '40b8de64af549a6d8d616ef811a5701e', 1574043790, 162, 'Dalvik/2.1.0 (Linux; U; Android 8.1.0; Redmi Note 5 MIUI/V10.3.4.0.OEICNXM)', 1574043190, 1574043190),
(8435, '36967deee737c68dcce41afbf260d502', 1574043849, 162, 'Dalvik/2.1.0 (Linux; U; Android 8.1.0; Redmi Note 5 MIUI/V10.3.4.0.OEICNXM)', 1574043249, 1574043249),
(8436, '06af4a13beb01dfcdf3a030f5a97a5f7', 1574043860, 162, 'Dalvik/2.1.0 (Linux; U; Android 8.1.0; Redmi Note 5 MIUI/V10.3.4.0.OEICNXM)', 1574043260, 1574043260),
(8437, '638208a4694e7fb6422d35af1a7ae3b8', 1574044114, 162, 'Dalvik/2.1.0 (Linux; U; Android 8.0.0; Android SDK built for x86 Build/OSR1.180418.019)', 1574043514, 1574043514),
(8438, 'efa1a227a4da991e0fc2ab30e013437e', 1574050076, 162, 'Dalvik/2.1.0 (Linux; U; Android 8.0.0; Android SDK built for x86 Build/OSR1.180418.019)', 1574049476, 1574049476),
(8439, 'd8580bc29a7dbcaf5e3b12219348ce5a', 1574148957, 162, 'PostmanRuntime/7.19.0', 1574148357, 1574148357),
(8440, '17388ccf25050e28ab2c6b09abe60716', 1574149871, 162, 'Dalvik/2.1.0 (Linux; U; Android 8.0.0; Android SDK built for x86 Build/OSR1.180418.019)', 1574149271, 1574149271),
(8441, '7a6235ae17477a11fc3fc6f3a21c2391', 1574150002, 162, 'Dalvik/2.1.0 (Linux; U; Android 8.0.0; Android SDK built for x86 Build/OSR1.180418.019)', 1574149402, 1574149402),
(8442, 'ffe119e07ad02a9f4c8acf17af2cd4b8', 1574150017, 162, 'Dalvik/2.1.0 (Linux; U; Android 8.0.0; Android SDK built for x86 Build/OSR1.180418.019)', 1574149417, 1574149417),
(8443, '2e7b851ab318c16ee89041c4a52fc4bc', 1574150060, 162, 'Dalvik/2.1.0 (Linux; U; Android 8.0.0; Android SDK built for x86 Build/OSR1.180418.019)', 1574149460, 1574149460),
(8444, '4749cc7181692bb9820f372632f6ec88', 1574150691, 162, 'Dalvik/2.1.0 (Linux; U; Android 8.0.0; Android SDK built for x86 Build/OSR1.180418.019)', 1574150091, 1574150091),
(8445, '27bb4f2b6a1263ac9e7e5ba2863d1d2f', 1574150700, 162, 'Dalvik/2.1.0 (Linux; U; Android 8.0.0; Android SDK built for x86 Build/OSR1.180418.019)', 1574150100, 1574150100),
(8446, 'c908343295f40bb8c16c45a1c3ffa15d', 1574151116, 162, 'Dalvik/2.1.0 (Linux; U; Android 8.0.0; Android SDK built for x86 Build/OSR1.180418.019)', 1574150516, 1574150516),
(8447, 'e7a6ce905c2018fd2b698212e9ba81d9', 1574151211, 162, 'Dalvik/2.1.0 (Linux; U; Android 8.0.0; Android SDK built for x86 Build/OSR1.180418.019)', 1574150611, 1574150611),
(8448, '262a5a9d8a063c919356f91e10504a14', 1574151363, 162, 'Dalvik/2.1.0 (Linux; U; Android 8.0.0; Android SDK built for x86 Build/OSR1.180418.019)', 1574150763, 1574150763),
(8449, 'ca22bc16e668600992e16f6eb96a82b2', 1574151940, 162, 'Dalvik/2.1.0 (Linux; U; Android 8.0.0; Android SDK built for x86 Build/OSR1.180418.019)', 1574151340, 1574151340),
(8450, 'e0dba606416087ff766aa596b322b017', 1574152086, 162, 'Dalvik/2.1.0 (Linux; U; Android 8.0.0; Android SDK built for x86 Build/OSR1.180418.019)', 1574151486, 1574151486),
(8451, '6990e56e6dfbb85ae30d13df506baafa', 1574153324, 162, 'Dalvik/2.1.0 (Linux; U; Android 8.0.0; Android SDK built for x86 Build/OSR1.180418.019)', 1574152724, 1574152724),
(8452, '40d3c18de0bef9b76a2c58b17c56fc8e', 1574222999, 162, 'Dalvik/2.1.0 (Linux; U; Android 8.0.0; Android SDK built for x86 Build/OSR1.180418.019)', 1574222399, 1574222399),
(8453, 'ced5acf982b5a1e0d0f4ba0f9821378f', 1574235680, 162, 'Dalvik/2.1.0 (Linux; U; Android 8.0.0; Android SDK built for x86 Build/OSR1.180418.019)', 1574235080, 1574235080),
(8454, '77a205bd1e03ee7d1e30e51e1fd1c0cf', 1574239284, 162, 'Dalvik/2.1.0 (Linux; U; Android 8.0.0; Android SDK built for x86 Build/OSR1.180418.019)', 1574238684, 1574238684),
(8455, 'a1134e7300f71383530e814fd062d8e3', 1574241041, 162, 'Dalvik/2.1.0 (Linux; U; Android 8.0.0; Android SDK built for x86 Build/OSR1.180418.019)', 1574240441, 1574240441),
(8456, 'ceb06a11ce73a38e5b015168051ada4e', 1574241805, 162, 'Dalvik/2.1.0 (Linux; U; Android 8.0.0; Android SDK built for x86 Build/OSR1.180418.019)', 1574241205, 1574241205),
(8457, '1370e038bca11467e5c2c39cbd8c7058', 1574243512, 162, 'Dalvik/2.1.0 (Linux; U; Android 8.0.0; Android SDK built for x86 Build/OSR1.180418.019)', 1574242912, 1574242912),
(8458, 'a90d063d5aad9888fdb71e5f9f633a96', 1574244295, 162, 'Dalvik/2.1.0 (Linux; U; Android 8.0.0; Android SDK built for x86 Build/OSR1.180418.019)', 1574243695, 1574243695),
(8459, '27bf1939c8dd7a5de0a9ed55846b8441', 1574244990, 162, 'Dalvik/2.1.0 (Linux; U; Android 8.0.0; Android SDK built for x86 Build/OSR1.180418.019)', 1574244390, 1574244390),
(8460, '96bf1246c29c332ca2d85df7a04539a4', 1574301613, 162, 'Dalvik/2.1.0 (Linux; U; Android 8.0.0; Android SDK built for x86 Build/OSR1.180418.019)', 1574301013, 1574301013),
(8461, '3e3c0e3c28b0dd3f8b437785f5236adc', 1574303491, 162, 'Dalvik/2.1.0 (Linux; U; Android 8.1.0; Redmi Note 5 MIUI/V10.3.4.0.OEICNXM)', 1574302891, 1574302891),
(8462, '4b20eca7ca7924f202478caf835963fb', 1574306337, 162, 'Dalvik/2.1.0 (Linux; U; Android 8.1.0; Redmi Note 5 MIUI/V10.3.4.0.OEICNXM)', 1574305737, 1574305737),
(8463, 'fc8e1411644e47770c7ce4529bacf10c', 1574742221, 162, 'Dalvik/2.1.0 (Linux; U; Android 8.1.0; Redmi Note 5 MIUI/V10.3.4.0.OEICNXM)', 1574741621, 1574741621),
(8464, '931ba64e7708a2ff38ded5d8b2232ebe', 1574753980, 162, 'Dalvik/2.1.0 (Linux; U; Android 8.0.0; Android SDK built for x86 Build/OSR1.180418.019)', 1574753380, 1574753380),
(8465, 'b3a7420242f4d14b4428fdedd5a3ff19', 1574761952, 162, 'baoduong_thietbi/0.0.2 (iPhone; iOS 12.1; Scale/2.00)', 1574761352, 1574761352),
(8466, 'c9fa810277b743a697b9f27010278d13', 1574762421, 29, 'Dalvik/2.1.0 (Linux; U; Android 8.1.0; Redmi Note 5 MIUI/V10.3.4.0.OEICNXM)', 1574761821, 1574761821),
(8467, 'b40d3367bde8373dcb5f10f8fd6455db', 1574821808, 162, 'baoduong_thietbi/0.0.2 (iPhone; iOS 12.1; Scale/2.00)', 1574821208, 1574821208),
(8468, '5bb71a197c632b2a3b1378f95acfad08', 1574826651, 162, 'baoduong_thietbi/0.0.2 (iPhone; iOS 12.1; Scale/2.00)', 1574826051, 1574826051),
(8469, '026f52bc04d8be54be08bcca2613bc42', 1574828393, 162, 'baoduong_thietbi/0.0.2 (iPhone; iOS 12.1; Scale/2.00)', 1574827793, 1574827793),
(8470, 'dcc07136e1b68f65f5c0a479a6601ae1', 1574846791, 162, 'baoduong_thietbi/0.0.2 (iPhone; iOS 12.1; Scale/3.00)', 1574846191, 1574846191),
(8471, '3dfe0493e7c3b61f1ea2aba3fd124223', 1574933248, 162, 'baoduong_thietbi/0.0.2 (iPhone; iOS 11.4.1; Scale/2.00)', 1574932648, 1574932648),
(8472, '24f95aaeebdbf7f940eb5399d97b82ae', 1574995890, 162, 'baoduong_thietbi/0.0.2 (iPhone; iOS 12.1; Scale/3.00)', 1574995290, 1574995290),
(8473, '2bca1f09c45a6ebd92b46e9f476d1104', 1575100603, 25, 'Dalvik/2.1.0 (Linux; U; Android 8.1.0; Redmi Note 5 MIUI/V10.3.4.0.OEICNXM)', 1575100003, 1575100003),
(8474, '1b673ea7c3f6f53fb7520e9d8d195b33', 1575281835, 162, 'baoduong_thietbi/0.0.2 (iPhone; iOS 11.4.1; Scale/2.00)', 1575281235, 1575281235),
(8475, '4f88433ad0e988931accaee3e7f09e0b', 1575343415, 162, 'Dalvik/2.1.0 (Linux; U; Android 8.1.0; Redmi Note 5 MIUI/V10.3.4.0.OEICNXM)', 1575342815, 1575342815),
(8476, 'b2ffe4db8028fb0abbc979f838947686', 1575343587, 162, 'Dalvik/2.1.0 (Linux; U; Android 8.1.0; Redmi Note 5 MIUI/V10.3.4.0.OEICNXM)', 1575342987, 1575342987),
(8477, '9e5bfe001a2cc5e7385bf65c7279bf97', 1575433132, 162, 'baoduong_thietbi/0.0.2 (iPhone; iOS 11.4.1; Scale/2.00)', 1575432532, 1575432532),
(8478, 'd72ab08930b83294195b5f462ec46c29', 1575433537, 162, 'baoduong_thietbi/0.0.2 (iPhone; iOS 11.4.1; Scale/2.00)', 1575432937, 1575432937),
(8479, 'c74156c6ebed40a780b003efe4df1f87', 1575434171, 162, 'baoduong_thietbi/0.0.2 (iPhone; iOS 11.4.1; Scale/2.00)', 1575433571, 1575433571),
(8480, 'a352c11a4b46814576471f5c6b89f690', 1575444534, 162, 'Mozilla/5.0 (Windows NT 10.0; Win64; x64) AppleWebKit/537.36 (KHTML, like Gecko) Chrome/78.0.3904.108 Safari/537.36', 1575443934, 1575443934),
(8481, '445adf0cff53852b55ff8f74bde447b4', 1575517900, 162, 'baoduong_thietbi/0.0.2 (iPhone; iOS 11.4.1; Scale/2.00)', 1575517300, 1575517300),
(8482, '2a90cc823dba44769ddd13efeeddfb06', 1575518247, 162, 'baoduong_thietbi/0.0.2 (iPhone; iOS 11.4.1; Scale/2.00)', 1575517647, 1575517647),
(8483, 'c3303acc26c275fcb8906f0c7bc98cc2', 1575532569, 162, 'baoduong_thietbi/0.0.2 (iPhone; iOS 11.4.1; Scale/2.00)', 1575531969, 1575531969),
(8484, 'a9e90c39667a90a786b02f4d124218d3', 1575536938, 162, 'baoduong_thietbi/0.0.2 (iPhone; iOS 11.4.1; Scale/2.00)', 1575536338, 1575536338),
(8485, 'adc558eef93145d963f1aa78e85e0747', 1575603224, 162, 'Dalvik/2.1.0 (Linux; U; Android 8.1.0; Redmi Note 5 MIUI/V10.3.4.0.OEICNXM)', 1575602624, 1575602624),
(8486, 'ed3c04f7c0e268b7f608114990e2ab2f', 1575604768, 162, 'Dalvik/2.1.0 (Linux; U; Android 8.0.0; Android SDK built for x86 Build/OSR1.180418.019)', 1575604168, 1575604168),
(8487, '1151e8fa9523778e0343b28e1cc2f545', 1575606477, 162, 'Dalvik/2.1.0 (Linux; U; Android 8.1.0; Redmi Note 5 MIUI/V10.3.4.0.OEICNXM)', 1575605877, 1575605877),
(8488, '2a408e72155d0d5693dd9cd8797408b0', 1575860812, 162, 'baoduong_thietbi/0.0.2 (iPhone; iOS 11.4.1; Scale/2.00)', 1575860212, 1575860212),
(8489, 'fcb49b93d54209bd34211e9652588e6e', 1576201677, 162, 'Dalvik/2.1.0 (Linux; U; Android 8.0.0; Android SDK built for x86 Build/OSR1.180418.019)', 1576201077, 1576201077),
(8490, '6551b4e864dd5ac8cc828e3fe69cf95f', 1576221092, 162, 'Dalvik/2.1.0 (Linux; U; Android 8.0.0; Android SDK built for x86 Build/OSR1.180418.019)', 1576220492, 1576220492),
(8491, 'e38674badb9fd955581b27a9878afe9b', 1576227603, 162, 'Dalvik/2.1.0 (Linux; U; Android 8.0.0; Android SDK built for x86 Build/OSR1.180418.019)', 1576227003, 1576227003),
(8492, '3d72f141e3ce0c750bec50409c2732df', 1576227631, 162, 'Dalvik/2.1.0 (Linux; U; Android 8.0.0; Android SDK built for x86 Build/OSR1.180418.019)', 1576227031, 1576227031),
(8493, '99f003269161463d3c6abf1b35a6991d', 1576227691, 162, 'Dalvik/2.1.0 (Linux; U; Android 8.0.0; Android SDK built for x86 Build/OSR1.180418.019)', 1576227091, 1576227091),
(8494, '0adca1db1a472cb18fd015f6e976597f', 1576227709, 162, 'Dalvik/2.1.0 (Linux; U; Android 8.0.0; Android SDK built for x86 Build/OSR1.180418.019)', 1576227109, 1576227109),
(8495, 'b849b20552510e8521ee5a4a151f734e', 1576227732, 162, 'Dalvik/2.1.0 (Linux; U; Android 8.0.0; Android SDK built for x86 Build/OSR1.180418.019)', 1576227132, 1576227132),
(8496, 'ac0546646bfa586ef39bfd26a5d5c825', 1576230153, 162, 'Dalvik/2.1.0 (Linux; U; Android 8.0.0; Android SDK built for x86 Build/OSR1.180418.019)', 1576229553, 1576229553),
(8497, '8c5d9066396d5cb1eff280a093926526', 1576230160, 162, 'Dalvik/2.1.0 (Linux; U; Android 8.0.0; Android SDK built for x86 Build/OSR1.180418.019)', 1576229560, 1576229560),
(8498, '85708c9b95348fbbe1bdc2f922d74fff', 1576230267, 162, 'Dalvik/2.1.0 (Linux; U; Android 8.0.0; Android SDK built for x86 Build/OSR1.180418.019)', 1576229667, 1576229667),
(8499, 'd44a7dee9473d8d439ff383d778fb8df', 1576232411, 162, 'Dalvik/2.1.0 (Linux; U; Android 8.1.0; Redmi Note 5 MIUI/V10.3.4.0.OEICNXM)', 1576231811, 1576231811),
(8500, '3df05a7644bf083acb516736596162df', 1576232509, 162, 'Dalvik/2.1.0 (Linux; U; Android 8.0.0; Android SDK built for x86 Build/OSR1.180418.019)', 1576231909, 1576231909),
(8501, '3df8789e1e3506a2c17941cc5c3afe09', 1576233013, 162, 'Dalvik/2.1.0 (Linux; U; Android 8.0.0; Android SDK built for x86 Build/OSR1.180418.019)', 1576232413, 1576232413),
(8502, 'd93da3f7a6666859e118bc2e9ab914b5', 1576233033, 162, 'Dalvik/2.1.0 (Linux; U; Android 8.0.0; Android SDK built for x86 Build/OSR1.180418.019)', 1576232433, 1576232433),
(8503, 'd5e1540ce6cde46ff5b0e37c3ba72b90', 1576462845, 162, 'Dalvik/2.1.0 (Linux; U; Android 8.0.0; Android SDK built for x86 Build/OSR1.180418.019)', 1576462245, 1576462245),
(8504, '1a7ff475929d500ddf04120c1a3bab5c', 1576463933, 162, 'Dalvik/2.1.0 (Linux; U; Android 8.0.0; Android SDK built for x86 Build/OSR1.180418.019)', 1576463333, 1576463333),
(8505, 'bd382da1c9efa429c510cc5f77b16e40', 1576465219, 162, 'PostmanRuntime/7.20.1', 1576464619, 1576464619),
(8506, '1be80da8389da19632ae4f6d3948f8b4', 1576466626, 162, 'Dalvik/2.1.0 (Linux; U; Android 8.0.0; Android SDK built for x86 Build/OSR1.180418.019)', 1576466026, 1576466026),
(8507, '26904117ba0971d806435776246cb52a', 1576479506, 162, 'Dalvik/2.1.0 (Linux; U; Android 8.0.0; Android SDK built for x86 Build/OSR1.180418.019)', 1576478906, 1576478906),
(8508, 'a7cb9c86edeab9e50f9857c9456a1331', 1576479523, 162, 'Dalvik/2.1.0 (Linux; U; Android 8.0.0; Android SDK built for x86 Build/OSR1.180418.019)', 1576478923, 1576478923),
(8509, '1b17944fccc8a1931c42310f9555b001', 1576549448, 162, 'Dalvik/2.1.0 (Linux; U; Android 8.0.0; Android SDK built for x86 Build/OSR1.180418.019)', 1576548848, 1576548848),
(8510, '80dc05dcdcd66244fa519bfc37d28179', 1576549969, 162, 'Dalvik/2.1.0 (Linux; U; Android 8.0.0; Android SDK built for x86 Build/OSR1.180418.019)', 1576549369, 1576549369),
(8511, 'a1680c3157f87dcfebaeb90fdd3bb0c5', 1576550991, 162, 'Dalvik/2.1.0 (Linux; U; Android 8.0.0; Android SDK built for x86 Build/OSR1.180418.019)', 1576550391, 1576550391),
(8512, 'd82d20229ca18cfee20eb883bf6ef124', 1576551540, 162, 'Dalvik/2.1.0 (Linux; U; Android 8.0.0; Android SDK built for x86 Build/OSR1.180418.019)', 1576550940, 1576550940),
(8513, 'f4e3be8489dcd7c019aacb3990d631be', 1576551681, 162, 'Dalvik/2.1.0 (Linux; U; Android 8.0.0; Android SDK built for x86 Build/OSR1.180418.019)', 1576551081, 1576551081),
(8514, 'cec5ec9b26ddda1e129b3fe24ef1b28a', 1576551971, 162, 'Dalvik/2.1.0 (Linux; U; Android 8.0.0; Android SDK built for x86 Build/OSR1.180418.019)', 1576551371, 1576551371),
(8515, '2e7e8499c228a787fa71aa14f55469d2', 1576552052, 162, 'Dalvik/2.1.0 (Linux; U; Android 8.0.0; Android SDK built for x86 Build/OSR1.180418.019)', 1576551452, 1576551452),
(8516, '3690c3ee09c5e8d214c85ad69a2154ee', 1576552173, 162, 'Dalvik/2.1.0 (Linux; U; Android 8.0.0; Android SDK built for x86 Build/OSR1.180418.019)', 1576551573, 1576551573),
(8517, '427b38aafe59a50066bd52b03b352051', 1576552761, 162, 'Dalvik/2.1.0 (Linux; U; Android 8.0.0; Android SDK built for x86 Build/OSR1.180418.019)', 1576552161, 1576552161),
(8518, '49f4c7c0df3d4e92b53ac685d736a2c9', 1576553210, 162, 'Dalvik/2.1.0 (Linux; U; Android 8.0.0; Android SDK built for x86 Build/OSR1.180418.019)', 1576552610, 1576552610),
(8519, '756981afe2f6c73b85854a6a805a3c94', 1576569449, 162, 'Dalvik/2.1.0 (Linux; U; Android 8.0.0; Android SDK built for x86 Build/OSR1.180418.019)', 1576568849, 1576568849),
(8520, '305ba1c03f85c3cfa0528d8dcc9efc8e', 1576573566, 162, 'Dalvik/2.1.0 (Linux; U; Android 8.1.0; Redmi Note 5 MIUI/V10.3.4.0.OEICNXM)', 1576572966, 1576572966),
(8521, '8111bc8fddcbe2e30246b2942dfcefb9', 1576577274, 162, 'Dalvik/2.1.0 (Linux; U; Android 8.1.0; Redmi Note 5 MIUI/V10.3.4.0.OEICNXM)', 1576576674, 1576576674),
(8522, '1da1d11056748a03cabf105b5dcc4860', 1576634897, 162, 'Dalvik/2.1.0 (Linux; U; Android 8.1.0; Redmi Note 5 MIUI/V10.3.4.0.OEICNXM)', 1576634297, 1576634297),
(8523, 'd010bc7367999363f7a682945d4787ab', 1576634993, 162, 'Dalvik/2.1.0 (Linux; U; Android 8.1.0; Redmi Note 5 MIUI/V10.3.4.0.OEICNXM)', 1576634393, 1576634393),
(8524, '1f8179764bd0425efe11b51bf444af70', 1576831191, 162, 'baoduong_thietbi/0.0.2 (iPhone; iOS 12.1; Scale/3.00)', 1576830591, 1576830591),
(8525, 'cf42d05c737b64544058aa146cc25d1a', 1576831845, 162, 'baoduong_thietbi/0.0.2 (iPhone; iOS 12.1; Scale/2.00)', 1576831245, 1576831245),
(8526, '9f55a26a73808bb73aa6ee4b29329d73', 1577070160, 162, 'Dalvik/2.1.0 (Linux; U; Android 8.1.0; Redmi Note 5 MIUI/V10.3.4.0.OEICNXM)', 1577069560, 1577069560),
(8527, 'd5c864d42e95dfb569d3e308e9fa0158', 1577176530, 162, 'Dalvik/2.1.0 (Linux; U; Android 8.1.0; Redmi Note 5 MIUI/V10.3.4.0.OEICNXM)', 1577175930, 1577175930),
(8528, 'fbdc317867b54b361eaf28eff9146203', 1577177785, 162, 'Dalvik/2.1.0 (Linux; U; Android 8.1.0; Redmi Note 5 MIUI/V10.3.4.0.OEICNXM)', 1577177185, 1577177185),
(8529, '2979ea46580574f7b28cf6ceeb425814', 1577177911, 162, 'Dalvik/2.1.0 (Linux; U; Android 8.1.0; Redmi Note 5 MIUI/V10.3.4.0.OEICNXM)', 1577177311, 1577177311),
(8530, '7540b0df45fd7e7e635a1687fe806136', 1577183171, 162, 'Dalvik/2.1.0 (Linux; U; Android 8.0.0; Android SDK built for x86 Build/OSR1.180418.019)', 1577182571, 1577182571),
(8531, 'cfd49a767c285252782a0bfbb27dabfd', 1577183560, 162, 'Dalvik/2.1.0 (Linux; U; Android 8.0.0; Android SDK built for x86 Build/OSR1.180418.019)', 1577182960, 1577182960),
(8532, '00835bcd14101cfe3c07a267cdb3f349', 1577239525, 162, 'Dalvik/2.1.0 (Linux; U; Android 8.0.0; Android SDK built for x86 Build/OSR1.180418.019)', 1577238925, 1577238925),
(8533, 'b47110461fac6cc636fa758ae726a861', 1577240010, 162, 'Dalvik/2.1.0 (Linux; U; Android 8.0.0; Android SDK built for x86 Build/OSR1.180418.019)', 1577239410, 1577239410),
(8534, '359d77370c162b05600e31e916e7b0f6', 1577240912, 162, 'Dalvik/2.1.0 (Linux; U; Android 8.1.0; Redmi Note 5 MIUI/V10.3.4.0.OEICNXM)', 1577240312, 1577240312),
(8535, 'c33a8d0153e58c4a91d1ba4d01dea393', 1577243147, 162, 'Dalvik/2.1.0 (Linux; U; Android 8.1.0; Redmi Note 5 MIUI/V10.3.4.0.OEICNXM)', 1577242547, 1577242547),
(8536, '091eea383215e1c5b98fa9c7aae972be', 1577243581, 162, 'Dalvik/2.1.0 (Linux; U; Android 8.0.0; Android SDK built for x86 Build/OSR1.180418.019)', 1577242981, 1577242981),
(8537, '4bb089e6f96256190c587c400e8b6af7', 1582035370, 8, 'Dalvik/2.1.0 (Linux; U; Android 10; Nokia 7 plus Build/QKQ1.190828.002)', 1582034770, 1582034770),
(8538, 'fb48bf35e992db2f1284f61379e138dd', 1582035406, 8, 'Dalvik/2.1.0 (Linux; U; Android 10; Nokia 7 plus Build/QKQ1.190828.002)', 1582034806, 1582034806),
(8539, '107d7457f85a15b53784e64997bad512', 1582036047, 8, 'Dalvik/2.1.0 (Linux; U; Android 10; Nokia 7 plus Build/QKQ1.190828.002)', 1582035447, 1582035447),
(8540, '53a0f17db963199024a4735b34dec88a', 1582079272, 2, 'Dalvik/2.1.0 (Linux; U; Android 10; Nokia 7 plus Build/QKQ1.190828.002)', 1582078672, 1582078672),
(8541, '127d88afd95ff475f5323e892dfc615c', 1582083675, 17, 'Mozilla/5.0 (Windows NT 10.0; Win64; x64) AppleWebKit/537.36 (KHTML, like Gecko) Chrome/80.0.3987.87 Safari/537.36', 1582083075, 1582083075),
(8542, 'c9dca95694d0c4bef2e6f38b95456bc8', 1582084414, 2, 'Dalvik/2.1.0 (Linux; U; Android 10; Nokia 7 plus Build/QKQ1.190828.002)', 1582083814, 1582083814),
(8543, '12b6edc8c5812f4e72b301ea43e0ffa4', 1582084449, 2, 'Dalvik/2.1.0 (Linux; U; Android 10; Nokia 7 plus Build/QKQ1.190828.002)', 1582083849, 1582083849),
(8544, 'bafdca2cb4e81e6a760ce3a2021c771e', 1582084579, 30, 'Dalvik/2.1.0 (Linux; U; Android 10; Nokia 7 plus Build/QKQ1.190828.002)', 1582083979, 1582083979),
(8545, 'e27852b8c792cd106ec8bbf0cc7d44e5', 1582084776, 30, 'Dalvik/2.1.0 (Linux; U; Android 10; Nokia 7 plus Build/QKQ1.190828.002)', 1582084176, 1582084176),
(8546, '37d1bf8e2236d432682374fdd187f0c9', 1582084794, 30, 'Dalvik/2.1.0 (Linux; U; Android 10; Nokia 7 plus Build/QKQ1.190828.002)', 1582084194, 1582084194),
(8547, '782bab0804efa45c21a15135dbd4d79f', 1582085534, 30, 'Dalvik/2.1.0 (Linux; U; Android 10; Nokia 7 plus Build/QKQ1.190828.002)', 1582084934, 1582084934),
(8548, '4e87e67fb1cfcc6aed53d50bc39c0265', 1582085605, 30, 'Dalvik/2.1.0 (Linux; U; Android 10; Nokia 7 plus Build/QKQ1.190828.002)', 1582085005, 1582085005),
(8549, 'd11cf76285294a457269f84b71cbbbb1', 1582085652, 30, 'Dalvik/2.1.0 (Linux; U; Android 10; Nokia 7 plus Build/QKQ1.190828.002)', 1582085052, 1582085052),
(8550, '110057ba8d3a748afb281f724e68501a', 1582086454, 30, 'Dalvik/2.1.0 (Linux; U; Android 10; Nokia 7 plus Build/QKQ1.190828.002)', 1582085854, 1582085854),
(8551, 'e4a4c4863101b969b4a4e19619ac8483', 1582086589, 30, 'Dalvik/2.1.0 (Linux; U; Android 10; Nokia 7 plus Build/QKQ1.190828.002)', 1582085989, 1582085989),
(8552, 'e9d7539b1a34a133d3b4437d9c05e9de', 1582087295, 29, 'Dalvik/2.1.0 (Linux; U; Android 10; Nokia 7 plus Build/QKQ1.190828.002)', 1582086695, 1582086695),
(8553, '88ec987dc6e993fc0cbdbcbf43149c16', 1582087428, 29, 'Dalvik/2.1.0 (Linux; U; Android 10; Nokia 7 plus Build/QKQ1.190828.002)', 1582086828, 1582086828),
(8554, 'f7cc3734956b5d55a2e022c5f932f4ae', 1582087900, 31, 'Dalvik/2.1.0 (Linux; U; Android 10; Nokia 7 plus Build/QKQ1.190828.002)', 1582087300, 1582087300),
(8555, '4b59b5d7fffd72821ca382a1b0fdcf7f', 1582090300, 19, 'Dalvik/2.1.0 (Linux; U; Android 10; Nokia 7 plus Build/QKQ1.190828.002)', 1582089700, 1582089700),
(8556, '9d87b784cb95ea590642393c87516239', 1582090317, 19, 'Dalvik/2.1.0 (Linux; U; Android 10; Nokia 7 plus Build/QKQ1.190828.002)', 1582089717, 1582089717),
(8557, '54d2e14ae9adb4e7d17ae125ddf02936', 1582090568, 19, 'Dalvik/2.1.0 (Linux; U; Android 10; Nokia 7 plus Build/QKQ1.190828.002)', 1582089968, 1582089968),
(8558, '4532fe724c8b896de41b2d2072926029', 1582090661, 17, 'Mozilla/5.0 (Windows NT 10.0; Win64; x64) AppleWebKit/537.36 (KHTML, like Gecko) Chrome/80.0.3987.87 Safari/537.36', 1582090061, 1582090061),
(8559, 'c2d51d5d33fbc0b75a9dce41598b19a3', 1582090832, 19, 'Dalvik/2.1.0 (Linux; U; Android 10; Nokia 7 plus Build/QKQ1.190828.002)', 1582090232, 1582090232),
(8560, '88a4ea88204448fb91ffca06d725d16c', 1582094540, 19, 'Dalvik/2.1.0 (Linux; U; Android 10; Nokia 7 plus Build/QKQ1.190828.002)', 1582093940, 1582093940),
(8561, 'd3eb66a4f09e12365802a09a3e306554', 1582095819, 33, 'Dalvik/2.1.0 (Linux; U; Android 10; Nokia 7 plus Build/QKQ1.190828.002)', 1582095219, 1582095219),
(8562, 'd9186acb457a4387dbae13e3bce26902', 1582096402, 33, 'Dalvik/2.1.0 (Linux; U; Android 9; Redmi Note 5 MIUI/V11.0.3.0.PEIMIXM)', 1582095802, 1582095802),
(8563, '8bd08f3563727350fa6f075609056569', 1582097296, 33, 'Mozilla/5.0 (Windows NT 10.0; Win64; x64) AppleWebKit/537.36 (KHTML, like Gecko) Chrome/80.0.3987.87 Safari/537.36', 1582096696, 1582096696),
(8564, '51820dfee0cc0d2ca6a769a826bd5769', 1582097534, 33, 'Dalvik/2.1.0 (Linux; U; Android 10; Nokia 7 plus Build/QKQ1.190828.002)', 1582096934, 1582096934),
(8565, 'b057524c9984d792e8e3786a8948d0b1', 1582098746, 33, 'Dalvik/2.1.0 (Linux; U; Android 10; Nokia 7 plus Build/QKQ1.190828.002)', 1582098146, 1582098146),
(8566, '1e1818f827571a7c15bc698beee19316', 1582098873, 33, 'Dalvik/2.1.0 (Linux; U; Android 10; Nokia 7 plus Build/QKQ1.190828.002)', 1582098273, 1582098273),
(8567, '5d90d536b9a767aa944c9fb51cef0845', 1582123537, 8, 'Dalvik/2.1.0 (Linux; U; Android 9; SM-J730G Build/PPR1.180610.011)', 1582122937, 1582122937),
(8568, '2cb000de803a9d80f5e76e8da2f098ae', 1582123554, 8, 'Dalvik/2.1.0 (Linux; U; Android 9; SM-J730G Build/PPR1.180610.011)', 1582122954, 1582122954),
(8569, 'b69851bdd4a72e7982e8b1b7ad704cf1', 1582123614, 30, 'Dalvik/2.1.0 (Linux; U; Android 9; SM-J730G Build/PPR1.180610.011)', 1582123014, 1582123014),
(8570, '8c384bf5b34311a12a605df6da0d3cba', 1582123687, 30, 'Dalvik/2.1.0 (Linux; U; Android 9; SM-J730G Build/PPR1.180610.011)', 1582123087, 1582123087),
(8571, '373ac2326722d726fe3eb17383bc3401', 1582123812, 30, 'Dalvik/2.1.0 (Linux; U; Android 9; SM-J730G Build/PPR1.180610.011)', 1582123212, 1582123212),
(8572, 'a663c86f30c537982ea796206c3b2086', 1582126597, 30, 'Dalvik/2.1.0 (Linux; U; Android 8.1.0; SM-G610F Build/M1AJQ)', 1582125997, 1582125997),
(8573, '2190f54c58a99a940f17301cf759e9a1', 1582126672, 30, 'Dalvik/2.1.0 (Linux; U; Android 8.1.0; SM-G610F Build/M1AJQ)', 1582126072, 1582126072),
(8574, '12c4ced896dbd8635214315b20022b57', 1582126830, 30, 'Dalvik/2.1.0 (Linux; U; Android 8.1.0; SM-G610F Build/M1AJQ)', 1582126230, 1582126230),
(8575, '1f5ba56ac0e0c7af4861b5457721ba1b', 1582126844, 30, 'Dalvik/2.1.0 (Linux; U; Android 8.1.0; SM-G610F Build/M1AJQ)', 1582126244, 1582126244);

-- --------------------------------------------------------

--
-- Cấu trúc bảng cho bảng `auth_assignment`
--

DROP TABLE IF EXISTS `auth_assignment`;
CREATE TABLE IF NOT EXISTS `auth_assignment` (
  `item_name` varchar(64) NOT NULL,
  `user_id` int(11) NOT NULL,
  `created_at` int(11) DEFAULT NULL,
  PRIMARY KEY (`item_name`,`user_id`)
) ENGINE=InnoDB DEFAULT CHARSET=utf8;

--
-- Đang đổ dữ liệu cho bảng `auth_assignment`
--

INSERT INTO `auth_assignment` (`item_name`, `user_id`, `created_at`) VALUES
('-donvi', 224, 1543286046),
('-dotbaoduong', 6, 1536889025),
('-dotbaoduong', 54, NULL),
('-dotbaoduong', 224, NULL),
('-dotbaoduong', 225, NULL),
('-dotbaoduong', 227, NULL),
('-dotbaoduong', 230, NULL),
('-dotbaoduong', 236, NULL),
('Administrator', 1, NULL),
('Administrator', 224, 1543286914),
('Administrator', 225, 1543287237),
('create-dbd', 19, 1580890221),
('create-dbd', 66, 1580887733),
('create-dbd', 165, 1580887753),
('edit-tramvt', 5, 1547630312),
('edit-tramvt', 6, 1547632909),
('edit-tramvt', 19, 1547623450),
('edit-tramvt', 27, 1547630312),
('edit-tramvt', 28, 1547630312),
('edit-tramvt', 38, 1547630312),
('edit-tramvt', 46, 1547623450),
('edit-tramvt', 60, 1547632909),
('edit-tramvt', 66, 1547623451),
('edit-tramvt', 82, 1547615050),
('edit-tramvt', 90, 1547632909),
('edit-tramvt', 95, 1547623451),
('edit-tramvt', 96, 1547623451),
('edit-tramvt', 101, 1547623451),
('edit-tramvt', 103, 1547632910),
('edit-tramvt', 118, 1547632910),
('edit-tramvt', 137, 1547623451),
('edit-tramvt', 146, 1547623451),
('edit-tramvt', 167, 1551251663),
('edit-tramvt', 168, 1547632910),
('edit-tramvt', 175, 1547632910),
('edit-tramvt', 181, 1547623451),
('edit-tramvt', 182, 1548142565),
('edit-tramvt', 206, 1547623451),
('edit-tramvt', 214, 1547623451),
('edit-tramvt', 217, 1547632910),
('edit-tramvt', 222, 1547632910),
('phancong-dbd', 19, 1580890221),
('phancong-dbd', 66, 1580888367);

-- --------------------------------------------------------

--
-- Cấu trúc bảng cho bảng `auth_item`
--

DROP TABLE IF EXISTS `auth_item`;
CREATE TABLE IF NOT EXISTS `auth_item` (
  `name` varchar(64) NOT NULL,
  `type` int(11) NOT NULL,
  `description` text,
  `rule_name` varchar(64) DEFAULT NULL,
  `data` text,
  `created_at` int(11) DEFAULT NULL,
  `updated_at` int(11) DEFAULT NULL,
  PRIMARY KEY (`name`),
  KEY `rule_name` (`rule_name`),
  KEY `type` (`type`)
) ENGINE=InnoDB DEFAULT CHARSET=utf8;

--
-- Đang đổ dữ liệu cho bảng `auth_item`
--

INSERT INTO `auth_item` (`name`, `type`, `description`, `rule_name`, `data`, `created_at`, `updated_at`) VALUES
('-danhmuc', 1, 'Vai trò lvl2 thêm sửa xóa các danh mục', NULL, NULL, NULL, 1543286775),
('-donvi', 1, 'Vai trò lvl2, quản trị đơn vị/user', NULL, NULL, 1528880534, 1543286836),
('-dotbaoduong', 1, 'Vai trò lvl2 tạo đợt bảo dưỡng', NULL, NULL, 1528880200, 1543286807),
('Administrator', 1, 'Quản trị hệ thống. Có tất cả các quyền', NULL, NULL, NULL, 1543286866),
('create-daivt', 2, NULL, NULL, NULL, NULL, 1522661824),
('create-dbd', 2, NULL, NULL, NULL, NULL, 1522912122),
('create-dexuatnoidung', 2, NULL, NULL, NULL, NULL, NULL),
('create-donvi', 2, NULL, NULL, NULL, NULL, NULL),
('create-loaitb', 2, NULL, NULL, NULL, NULL, NULL),
('create-nhanvien', 2, NULL, NULL, NULL, NULL, NULL),
('create-nhomtb', 2, NULL, NULL, NULL, NULL, NULL),
('create-noidungbaotri', 2, NULL, NULL, NULL, NULL, NULL),
('create-tbitram', 2, NULL, NULL, NULL, NULL, NULL),
('create-thietbi', 2, NULL, NULL, NULL, NULL, NULL),
('create-tramvt', 2, NULL, NULL, NULL, NULL, NULL),
('create-user', 2, NULL, NULL, NULL, NULL, 1522912146),
('delete-daivt', 2, NULL, NULL, NULL, NULL, NULL),
('delete-dbd', 2, NULL, NULL, NULL, NULL, 1522912162),
('delete-dexuatnoidung', 2, NULL, NULL, NULL, NULL, NULL),
('delete-donvi', 2, NULL, NULL, NULL, NULL, NULL),
('delete-loaitb', 2, NULL, NULL, NULL, NULL, NULL),
('delete-nhanvien', 2, NULL, NULL, NULL, NULL, NULL),
('delete-nhomtb', 2, NULL, NULL, NULL, NULL, NULL),
('delete-noidungbaotri', 2, NULL, NULL, NULL, NULL, NULL),
('delete-tbitram', 2, NULL, NULL, NULL, NULL, NULL),
('delete-thietbi', 2, NULL, NULL, NULL, NULL, NULL),
('delete-tramvt', 2, NULL, NULL, NULL, NULL, NULL),
('delete-user', 2, NULL, NULL, NULL, NULL, NULL),
('edit-daivt', 2, NULL, NULL, NULL, NULL, NULL),
('edit-dbd', 2, NULL, NULL, NULL, NULL, NULL),
('edit-dexuatnoidung', 2, NULL, NULL, NULL, NULL, NULL),
('edit-donvi', 2, NULL, NULL, NULL, NULL, NULL),
('edit-loaitb', 2, NULL, NULL, NULL, NULL, NULL),
('edit-nhanvien', 2, NULL, NULL, NULL, NULL, NULL),
('edit-nhomtb', 2, NULL, NULL, NULL, NULL, NULL),
('edit-noidungbaotri', 2, NULL, NULL, NULL, NULL, NULL),
('edit-tbitram', 2, NULL, NULL, NULL, NULL, NULL),
('edit-thietbi', 2, NULL, NULL, NULL, NULL, NULL),
('edit-tramvt', 2, NULL, NULL, NULL, NULL, NULL),
('edit-user', 2, NULL, NULL, NULL, NULL, NULL),
('phancong-dbd', 2, 'Lãnh đạo phân công công việc cho tổ trưởng', NULL, NULL, 1538971317, 1547088602);

-- --------------------------------------------------------

--
-- Cấu trúc bảng cho bảng `auth_item_child`
--

DROP TABLE IF EXISTS `auth_item_child`;
CREATE TABLE IF NOT EXISTS `auth_item_child` (
  `parent` varchar(64) NOT NULL,
  `child` varchar(64) NOT NULL,
  PRIMARY KEY (`parent`,`child`),
  KEY `child` (`child`)
) ENGINE=InnoDB DEFAULT CHARSET=utf8;

--
-- Đang đổ dữ liệu cho bảng `auth_item_child`
--

INSERT INTO `auth_item_child` (`parent`, `child`) VALUES
('Administrator', '-danhmuc'),
('Administrator', '-donvi'),
('Administrator', '-dotbaoduong'),
('-donvi', 'create-daivt'),
('Administrator', 'create-daivt'),
('-dotbaoduong', 'create-dbd'),
('Administrator', 'create-dbd'),
('-danhmuc', 'create-dexuatnoidung'),
('Administrator', 'create-dexuatnoidung'),
('-donvi', 'create-donvi'),
('Administrator', 'create-donvi'),
('-danhmuc', 'create-loaitb'),
('Administrator', 'create-loaitb'),
('-donvi', 'create-nhanvien'),
('Administrator', 'create-nhanvien'),
('-danhmuc', 'create-nhomtb'),
('Administrator', 'create-nhomtb'),
('-danhmuc', 'create-noidungbaotri'),
('Administrator', 'create-noidungbaotri'),
('-danhmuc', 'create-tbitram'),
('Administrator', 'create-tbitram'),
('-danhmuc', 'create-thietbi'),
('Administrator', 'create-thietbi'),
('-danhmuc', 'create-tramvt'),
('-donvi', 'create-tramvt'),
('Administrator', 'create-tramvt'),
('-donvi', 'create-user'),
('Administrator', 'create-user'),
('-donvi', 'delete-daivt'),
('Administrator', 'delete-daivt'),
('-dotbaoduong', 'delete-dbd'),
('Administrator', 'delete-dbd'),
('-danhmuc', 'delete-dexuatnoidung'),
('Administrator', 'delete-dexuatnoidung'),
('-donvi', 'delete-donvi'),
('Administrator', 'delete-donvi'),
('-danhmuc', 'delete-loaitb'),
('Administrator', 'delete-loaitb'),
('-donvi', 'delete-nhanvien'),
('Administrator', 'delete-nhanvien'),
('-danhmuc', 'delete-nhomtb'),
('Administrator', 'delete-nhomtb'),
('-danhmuc', 'delete-noidungbaotri'),
('Administrator', 'delete-noidungbaotri'),
('-danhmuc', 'delete-tbitram'),
('Administrator', 'delete-tbitram'),
('-danhmuc', 'delete-thietbi'),
('Administrator', 'delete-thietbi'),
('-danhmuc', 'delete-tramvt'),
('-donvi', 'delete-tramvt'),
('Administrator', 'delete-tramvt'),
('-donvi', 'delete-user'),
('Administrator', 'delete-user'),
('-donvi', 'edit-daivt'),
('Administrator', 'edit-daivt'),
('-dotbaoduong', 'edit-dbd'),
('Administrator', 'edit-dbd'),
('-danhmuc', 'edit-dexuatnoidung'),
('Administrator', 'edit-dexuatnoidung'),
('-donvi', 'edit-donvi'),
('Administrator', 'edit-donvi'),
('-danhmuc', 'edit-loaitb'),
('Administrator', 'edit-loaitb'),
('-donvi', 'edit-nhanvien'),
('Administrator', 'edit-nhanvien'),
('-danhmuc', 'edit-nhomtb'),
('Administrator', 'edit-nhomtb'),
('-danhmuc', 'edit-noidungbaotri'),
('Administrator', 'edit-noidungbaotri'),
('-danhmuc', 'edit-tbitram'),
('Administrator', 'edit-tbitram'),
('-danhmuc', 'edit-thietbi'),
('Administrator', 'edit-thietbi'),
('-danhmuc', 'edit-tramvt'),
('-donvi', 'edit-tramvt'),
('Administrator', 'edit-tramvt'),
('-donvi', 'edit-user'),
('Administrator', 'edit-user'),
('Administrator', 'phancong-dbd');

-- --------------------------------------------------------

--
-- Cấu trúc bảng cho bảng `auth_rule`
--

DROP TABLE IF EXISTS `auth_rule`;
CREATE TABLE IF NOT EXISTS `auth_rule` (
  `name` varchar(64) NOT NULL,
  `data` text,
  `created_at` int(11) DEFAULT NULL,
  `updated_at` int(11) DEFAULT NULL,
  PRIMARY KEY (`name`)
) ENGINE=InnoDB DEFAULT CHARSET=utf8;

-- --------------------------------------------------------

--
-- Cấu trúc bảng cho bảng `baoduongtong`
--

DROP TABLE IF EXISTS `baoduongtong`;
CREATE TABLE IF NOT EXISTS `baoduongtong` (
  `ID_BDT` int(11) NOT NULL AUTO_INCREMENT,
  `MA_BDT` varchar(32) NOT NULL,
  `TYPE` int(11) NOT NULL,
  `MO_TA` varchar(255) DEFAULT NULL,
  `TRANGTHAI` varchar(32) NOT NULL,
  `ID_NHANVIEN` int(11) UNSIGNED NOT NULL,
  PRIMARY KEY (`ID_BDT`),
  UNIQUE KEY `MA_BDT` (`MA_BDT`),
  KEY `FK_NV_BDT` (`ID_NHANVIEN`)
) ENGINE=InnoDB AUTO_INCREMENT=3 DEFAULT CHARSET=utf8;

--
-- Đang đổ dữ liệu cho bảng `baoduongtong`
--

INSERT INTO `baoduongtong` (`ID_BDT`, `MA_BDT`, `TYPE`, `MO_TA`, `TRANGTHAI`, `ID_NHANVIEN`) VALUES
(2, 'TEST_HNM', 0, 'TEST_HNM', 'kehoach', 1);

-- --------------------------------------------------------

--
-- Cấu trúc bảng cho bảng `chontbidieuchuyen`
--

DROP TABLE IF EXISTS `chontbidieuchuyen`;
CREATE TABLE IF NOT EXISTS `chontbidieuchuyen` (
  `ID_THIETBI` int(11) NOT NULL,
  `ID_TRAM_NGUON` int(11) DEFAULT NULL,
  `ID_TRAM_DICH` int(11) DEFAULT NULL,
  `NGAY_CHUYEN` date DEFAULT NULL,
  `LY_DO` varchar(255) DEFAULT NULL,
  `IS_SELECTED` tinyint(4) NOT NULL DEFAULT '0',
  PRIMARY KEY (`ID_THIETBI`)
) ENGINE=InnoDB DEFAULT CHARSET=utf8;

-- --------------------------------------------------------

--
-- Cấu trúc bảng cho bảng `chucvu`
--

DROP TABLE IF EXISTS `chucvu`;
CREATE TABLE IF NOT EXISTS `chucvu` (
  `id` int(11) NOT NULL AUTO_INCREMENT,
  `ten_chucvu` varchar(64) NOT NULL,
  `cap` tinyint(4) NOT NULL,
  PRIMARY KEY (`id`)
) ENGINE=InnoDB AUTO_INCREMENT=13 DEFAULT CHARSET=utf8;

--
-- Đang đổ dữ liệu cho bảng `chucvu`
--

INSERT INTO `chucvu` (`id`, `ten_chucvu`, `cap`) VALUES
(1, 'IT', 1),
(2, 'OMC', 1),
(3, 'Chuyên viên', 1),
(4, 'Giám đốc Trung tâm', 2),
(5, 'P. GĐ Trung tâm', 2),
(6, 'Tổ phó', 2),
(7, 'Trưởng đài', 3),
(8, 'Phó đài', 3),
(9, 'Tổ trưởng', 2),
(10, 'Quản lý trạm', 4),
(11, 'Nhân viên', 5),
(12, 'Cộng tác viên', 5);

-- --------------------------------------------------------

--
-- Cấu trúc bảng cho bảng `chuyennoidung`
--

DROP TABLE IF EXISTS `chuyennoidung`;
CREATE TABLE IF NOT EXISTS `chuyennoidung` (
  `ID_NHOM` int(11) NOT NULL,
  `MA_NOIDUNG` varchar(32) NOT NULL,
  `NOIDUNG` varchar(255) NOT NULL,
  `CHUKY` int(11) NOT NULL,
  `QLTRAM` tinyint(1) NOT NULL,
  `YEUCAUNHAP` varchar(255) NOT NULL,
  `IS_SELECTED` tinyint(1) NOT NULL,
  PRIMARY KEY (`MA_NOIDUNG`)
) ENGINE=InnoDB DEFAULT CHARSET=utf8;

--
-- Đang đổ dữ liệu cho bảng `chuyennoidung`
--

INSERT INTO `chuyennoidung` (`ID_NHOM`, `MA_NOIDUNG`, `NOIDUNG`, `CHUKY`, `QLTRAM`, `YEUCAUNHAP`, `IS_SELECTED`) VALUES
(5, 'TN0001', 'Vệ sinh bên ngoài thiết bị', 1, 1, '0', 1),
(5, 'TN0002', 'Kiểm tra cảnh báo AC', 1, 1, '0', 1),
(5, 'TN0003', 'Kiểm tra tình trạng hoạt động các recttifier', 1, 1, 'Nhập số rectifier hoạt động/hỏng', 1),
(5, 'TN0004', 'Kiểm tra dòng tải', 1, 1, 'Nhập dòng tải tiêu thụ\r\n', 1),
(5, 'TN0005', 'Kiểm tra tình trạng card điều khiển', 1, 1, '0', 1),
(5, 'TN0006', 'Vệ sinh bên trong thiết bị', 12, 0, '0', 1);

-- --------------------------------------------------------

--
-- Cấu trúc bảng cho bảng `daivt`
--

DROP TABLE IF EXISTS `daivt`;
CREATE TABLE IF NOT EXISTS `daivt` (
  `ID_DAI` int(11) NOT NULL AUTO_INCREMENT,
  `MA_DAIVT` varchar(10) NOT NULL,
  `TEN_DAIVT` varchar(100) DEFAULT NULL,
  `DIA_CHI` varchar(100) DEFAULT NULL,
  `SO_DT` varchar(20) DEFAULT NULL,
  `ID_DONVI` int(11) NOT NULL,
  PRIMARY KEY (`ID_DAI`),
  UNIQUE KEY `UQ_DAI` (`MA_DAIVT`),
  KEY `FK_DAIDONVI` (`ID_DONVI`)
) ENGINE=InnoDB AUTO_INCREMENT=25270 DEFAULT CHARSET=utf8;

--
-- Đang đổ dữ liệu cho bảng `daivt`
--

INSERT INTO `daivt` (`ID_DAI`, `MA_DAIVT`, `TEN_DAIVT`, `DIA_CHI`, `SO_DT`, `ID_DONVI`) VALUES
(9, 'PAA', 'Phủ Lý - Ba Đa', 'Phủ Lý - Ba Đa', NULL, 2),
(37, 'PLA', 'Phủ Lý - La Mát', 'Phủ Lý - La Mát', NULL, 2),
(59, 'DOL', 'Duy Tiên - Chợ Lương', 'Duy Tiên - Chợ Lương', NULL, 4),
(71, 'DGN', 'Duy Tiên - Đồng Văn', 'Duy Tiên - Đồng Văn', NULL, 4),
(120, 'PGM', 'Phủ Lý - Trung Tâm', 'Phủ Lý - Trung Tâm', NULL, 2),
(136, 'DIS', 'Duy Tiên - Đọi Sơn', 'Duy Tiên - Đọi Sơn', NULL, 4),
(156, 'LHU', 'Lý Nhân - Vĩnh Trụ', 'Lý Nhân - Vĩnh Trụ', NULL, 5),
(192, 'LUK', 'Lý Nhân - Cầu Không', 'Lý Nhân - Cầu Không', NULL, 5),
(225, 'LAA', 'Lý Nhân - Hoà Hậu', 'Lý Nhân - Hoà Hậu', NULL, 5),
(255, 'DMA', 'Duy Tiên - Hoà Mạc', 'Duy Tiên - Hoà Mạc', NULL, 4),
(292, 'BHM', 'Bình Lục - Bình Mỹ', 'Bình Lục - Bình Mỹ', NULL, 3),
(318, 'BOS', 'Bình Lục - Chợ Sông', 'Bình Lục - Chợ Sông', NULL, 3),
(338, 'PUS', 'Phủ Lý - Châu Sơn', 'Phủ Lý - Châu Sơn', NULL, 2),
(362, 'KTE', 'Kim Bảng - TTQuế', 'Kim Bảng - TTQuế', NULL, 6),
(396, 'KAN', 'Kim Bảng - Tân Sơn', 'Kim Bảng - Tân Sơn', NULL, 6),
(420, 'KOG', 'Kim Bảng - Chợ Sàng', 'Kim Bảng - Chợ Sàng', NULL, 6),
(432, 'TUG', 'Thanh Liêm - Cầu Gừng', 'Thanh Liêm - Cầu Gừng', NULL, 7),
(450, 'TUN', 'Thanh Liêm - Cầu Nga', 'Thanh Liêm - Cầu Nga', NULL, 7),
(472, 'TOC', 'Thanh Liêm - Phố Cà', 'Thanh Liêm - Phố Cà', NULL, 7),
(496, 'BAH', 'Bình Lục - Ba Hàng', 'Bình Lục - Ba Hàng', NULL, 3),
(514, 'KAA', 'Kim Bảng - Ba Sao', 'Kim Bảng - Ba Sao', NULL, 6),
(536, 'TOD', 'Thanh Liêm - Phố Động', 'Thanh Liêm - Phố Động', NULL, 7),
(546, 'BOD', 'Bình Lục - An Nội', 'Bình Lục - An Nội', NULL, 3),
(576, 'PND', 'Phủ Lý - Nam T.H.Đạo', 'Phủ Lý - Nam T.H.Đạo', NULL, 2),
(598, 'KHN', 'Kim Bảng - Thanh Sơn', 'Kim Bảng - Thanh Sơn', NULL, 6),
(612, 'KB_TQL', 'Kim Bảng - Tổ Quản Lý', ' TTVT Kim Bảng', NULL, 6),
(614, 'TOT', 'Thanh Liêm - Phố Tâng', 'Thanh Liêm - Phố Tâng', NULL, 7),
(626, 'PMC', 'Phủ Lý - Liêm Chung', 'Phủ Lý - Liêm Chung', NULL, 2),
(644, 'LAL', 'Lý Nhân - Chính Lý', 'Lý Nhân - Chính Lý', NULL, 5),
(25264, 'LN_TQL', 'Lý Nhân - Tổ Quản Lý', 'Trung tâm Viễn thông Lý nhân', NULL, 5),
(25266, 'TL_TQL', 'Thanh Liêm - Tổ Quản Lý', 'Trung Tâm Viễn Thông Thanh Liêm', NULL, 7),
(25267, 'DT_TQL', 'Duy Tiên - Tổ Quản Lý', 'TTVT Duy Tiên', NULL, 4),
(25268, 'BL_TQL', 'Bình Lục - Tổ Quản Lý', 'TTVT Bình Lục', NULL, 3),
(25269, 'PL_TQL', 'Phủ Lý - Tổ Quản Lý', 'TTVT Phủ Lý', NULL, 2);

-- --------------------------------------------------------

--
-- Cấu trúc bảng cho bảng `dieuchuyenthietbi`
--

DROP TABLE IF EXISTS `dieuchuyenthietbi`;
CREATE TABLE IF NOT EXISTS `dieuchuyenthietbi` (
  `ID` int(11) NOT NULL AUTO_INCREMENT,
  `ID_THIETBI` int(11) NOT NULL,
  `NGAY_CHUYEN` date NOT NULL,
  `ID_TRAM_NGUON` int(11) DEFAULT NULL,
  `ID_TRAM_DICH` int(11) NOT NULL,
  `LY_DO` varchar(255) DEFAULT NULL,
  PRIMARY KEY (`ID`)
) ENGINE=InnoDB AUTO_INCREMENT=18 DEFAULT CHARSET=utf8;

--
-- Đang đổ dữ liệu cho bảng `dieuchuyenthietbi`
--

INSERT INTO `dieuchuyenthietbi` (`ID`, `ID_THIETBI`, `NGAY_CHUYEN`, `ID_TRAM_NGUON`, `ID_TRAM_DICH`, `LY_DO`) VALUES
(12, 1, '2020-03-03', NULL, 10, 'Thêm mới<br>'),
(13, 2, '2020-03-03', NULL, 10, 'Thêm mới<br>'),
(14, 3, '2020-03-03', NULL, 10, 'Thêm mới<br>'),
(15, 4, '2020-03-10', NULL, 12, 'Thêm mới<br>'),
(16, 1, '2020-03-10', NULL, 12, 'Thêm mới<br>'),
(17, 2, '2020-03-10', NULL, 16, 'Thêm mới<br>');

-- --------------------------------------------------------

--
-- Cấu trúc bảng cho bảng `donvi`
--

DROP TABLE IF EXISTS `donvi`;
CREATE TABLE IF NOT EXISTS `donvi` (
  `ID_DONVI` int(11) NOT NULL AUTO_INCREMENT,
  `MA_DONVI` varchar(30) NOT NULL,
  `TEN_DONVI` varchar(100) DEFAULT NULL,
  `DIA_CHI` varchar(100) DEFAULT NULL,
  `SO_DT` varchar(20) DEFAULT NULL,
  `CAP_TREN` int(11) NOT NULL,
  PRIMARY KEY (`ID_DONVI`),
  UNIQUE KEY `DONVI_UQ` (`MA_DONVI`),
  KEY `DONVI_FK` (`CAP_TREN`)
) ENGINE=InnoDB AUTO_INCREMENT=667 DEFAULT CHARSET=utf8;

--
-- Đang đổ dữ liệu cho bảng `donvi`
--

INSERT INTO `donvi` (`ID_DONVI`, `MA_DONVI`, `TEN_DONVI`, `DIA_CHI`, `SO_DT`, `CAP_TREN`) VALUES
(1, 'VNPTHNM', 'VNPT Hà Nam', 'Công ty Điện thoại Hà Nam', '0235.3812119', 1),
(2, 'VPL_HNM', 'Trung tâm VT Phủ lý', 'TP Phủ lý', '', 1),
(3, 'VBL_HNM', 'Trung tâm VT Bình lục', 'Trung tâm VT Bình lục', '', 1),
(4, 'VDT_HNM', 'Trung tâm VT Duy tiên', 'Trung tâm VT Duy tiên', '', 1),
(5, 'VLN_HNM', 'Trung tâm VT Lý nhân', 'Trung tâm VT Lý nhân', '', 1),
(6, 'VKB_HNM', 'Trung tâm VT Kim bảng', 'Trung tâm VT Kim bảng', '', 1),
(7, 'VTL_HNM', 'Trung tâm VT Thanh liêm', 'Trung tâm VT Thanh liêm', '', 1),
(9, 'TTCNTT_HNM', 'Trung Tâm Công Nghệ Thông Tin', 'Trung Tâm Công Nghệ Thông Tin', '0510.3812119', 1),
(666, 'HNM.DHTT', 'Trung tâm ĐHTT', 'Trung tâm ĐHTT', '', 1);

-- --------------------------------------------------------

--
-- Cấu trúc bảng cho bảng `dotbaoduong`
--

DROP TABLE IF EXISTS `dotbaoduong`;
CREATE TABLE IF NOT EXISTS `dotbaoduong` (
  `ID_DOTBD` int(11) NOT NULL AUTO_INCREMENT,
  `MA_DOTBD` varchar(32) NOT NULL,
  `NGAY_DUKIEN` date NOT NULL,
  `NGAY_BD` date DEFAULT NULL,
  `NGAY_KT_DUKIEN` date NOT NULL,
  `NGAY_KT` date DEFAULT NULL,
  `ID_TRAM` int(11) NOT NULL,
  `TRANGTHAI` varchar(32) NOT NULL DEFAULT 'kehoach',
  `ID_NHANVIEN` int(10) UNSIGNED DEFAULT NULL,
  `ID_BDT` int(11) DEFAULT NULL,
  `CREATED_AT` int(11) NOT NULL,
  `CREATED_BY` int(11) NOT NULL,
  PRIMARY KEY (`ID_DOTBD`),
  KEY `FK_TRUONGNHOM` (`ID_NHANVIEN`),
  KEY `FK_TRAM_BD` (`ID_TRAM`)
) ENGINE=InnoDB AUTO_INCREMENT=231 DEFAULT CHARSET=utf8;

--
-- Đang đổ dữ liệu cho bảng `dotbaoduong`
--

INSERT INTO `dotbaoduong` (`ID_DOTBD`, `MA_DOTBD`, `NGAY_DUKIEN`, `NGAY_BD`, `NGAY_KT_DUKIEN`, `NGAY_KT`, `ID_TRAM`, `TRANGTHAI`, `ID_NHANVIEN`, `ID_BDT`, `CREATED_AT`, `CREATED_BY`) VALUES
(2, 'TEST_HNM_10', '2020-03-03', '2020-03-03', '2020-03-05', '2020-03-03', 10, 'ketthuc', 115, 2, 1583202355, 1),
(3, 'TEST_HNM_12', '2020-03-10', NULL, '2020-03-31', NULL, 12, 'kehoach', 0, 2, 1583857982, 1),
(4, 'TEST_HNM_18', '2020-03-10', NULL, '2020-03-31', NULL, 18, 'kehoach', 0, 2, 1583857983, 1),
(5, 'TEST_HNM_20', '2020-03-10', NULL, '2020-03-31', NULL, 20, 'kehoach', 0, 2, 1583857984, 1),
(6, 'TEST_HNM_22', '2020-03-10', NULL, '2020-03-31', NULL, 22, 'kehoach', 0, 2, 1583857984, 1),
(7, 'TEST_HNM_24', '2020-03-10', NULL, '2020-03-31', NULL, 24, 'kehoach', 120, 2, 1583857984, 1),
(8, 'TEST_HNM_29', '2020-03-10', NULL, '2020-03-31', NULL, 29, 'kehoach', 0, 2, 1583857985, 1),
(9, 'TEST_HNM_31', '2020-03-10', NULL, '2020-03-31', NULL, 31, 'kehoach', 15, 2, 1583857985, 1),
(10, 'TEST_HNM_33', '2020-03-10', NULL, '2020-03-31', NULL, 33, 'kehoach', 12701, 2, 1583857986, 1),
(11, 'TEST_HNM_42', '2020-03-10', NULL, '2020-03-31', NULL, 42, 'kehoach', 0, 2, 1583857986, 1),
(12, 'TEST_HNM_46', '2020-03-10', NULL, '2020-03-31', NULL, 46, 'kehoach', 120, 2, 1583857987, 1),
(13, 'TEST_HNM_48', '2020-03-10', NULL, '2020-03-31', NULL, 48, 'kehoach', 0, 2, 1583857987, 1),
(14, 'TEST_HNM_53', '2020-03-10', NULL, '2020-03-31', NULL, 53, 'kehoach', 0, 2, 1583857988, 1),
(15, 'TEST_HNM_55', '2020-03-10', NULL, '2020-03-31', NULL, 55, 'kehoach', 0, 2, 1583857988, 1),
(16, 'TEST_HNM_62', '2020-03-10', NULL, '2020-03-31', NULL, 62, 'kehoach', 0, 2, 1583857989, 1),
(17, 'TEST_HNM_64', '2020-03-10', NULL, '2020-03-31', NULL, 64, 'kehoach', 120, 2, 1583857989, 1),
(18, 'TEST_HNM_67', '2020-03-10', NULL, '2020-03-31', NULL, 67, 'kehoach', 0, 2, 1583857989, 1),
(19, 'TEST_HNM_77', '2020-03-10', NULL, '2020-03-31', NULL, 77, 'kehoach', 15, 2, 1583857990, 1),
(20, 'TEST_HNM_83', '2020-03-10', NULL, '2020-03-31', NULL, 83, 'kehoach', 0, 2, 1583857991, 1),
(21, 'TEST_HNM_85', '2020-03-10', NULL, '2020-03-31', NULL, 85, 'kehoach', 12701, 2, 1583857991, 1),
(22, 'TEST_HNM_87', '2020-03-10', NULL, '2020-03-31', NULL, 87, 'kehoach', 0, 2, 1583857992, 1),
(23, 'TEST_HNM_89', '2020-03-10', NULL, '2020-03-31', NULL, 89, 'kehoach', 120, 2, 1583857992, 1),
(24, 'TEST_HNM_91', '2020-03-10', NULL, '2020-03-31', NULL, 91, 'kehoach', 0, 2, 1583857993, 1),
(25, 'TEST_HNM_93', '2020-03-10', NULL, '2020-03-31', NULL, 93, 'kehoach', 0, 2, 1583857993, 1),
(26, 'TEST_HNM_95', '2020-03-10', NULL, '2020-03-31', NULL, 95, 'kehoach', 0, 2, 1583857994, 1),
(27, 'TEST_HNM_97', '2020-03-10', NULL, '2020-03-31', NULL, 97, 'kehoach', 0, 2, 1583857994, 1),
(28, 'TEST_HNM_99', '2020-03-10', NULL, '2020-03-31', NULL, 99, 'kehoach', 120, 2, 1583857994, 1),
(29, 'TEST_HNM_102', '2020-03-10', NULL, '2020-03-31', NULL, 102, 'kehoach', 0, 2, 1583857995, 1),
(30, 'TEST_HNM_106', '2020-03-10', NULL, '2020-03-31', NULL, 106, 'kehoach', 15, 2, 1583857995, 1),
(31, 'TEST_HNM_112', '2020-03-10', NULL, '2020-03-31', NULL, 112, 'kehoach', 0, 2, 1583857996, 1),
(32, 'TEST_HNM_121', '2020-03-10', NULL, '2020-03-31', NULL, 121, 'kehoach', 12701, 2, 1583857996, 1),
(33, 'TEST_HNM_123', '2020-03-10', NULL, '2020-03-31', NULL, 123, 'kehoach', 0, 2, 1583857997, 1),
(34, 'TEST_HNM_125', '2020-03-10', NULL, '2020-03-31', NULL, 125, 'kehoach', 120, 2, 1583857997, 1),
(35, 'TEST_HNM_127', '2020-03-10', NULL, '2020-03-31', NULL, 127, 'kehoach', 0, 2, 1583857998, 1),
(36, 'TEST_HNM_131', '2020-03-10', NULL, '2020-03-31', NULL, 131, 'kehoach', 0, 2, 1583857998, 1),
(37, 'TEST_HNM_134', '2020-03-10', NULL, '2020-03-31', NULL, 134, 'kehoach', 0, 2, 1583857999, 1),
(38, 'TEST_HNM_141', '2020-03-10', NULL, '2020-03-31', NULL, 141, 'kehoach', 0, 2, 1583857999, 1),
(39, 'TEST_HNM_143', '2020-03-10', '2020-03-11', '2020-03-31', '2020-03-11', 143, 'ketthuc', 75, 2, 1583858000, 1),
(40, 'TEST_HNM_145', '2020-03-10', '2020-03-12', '2020-03-31', NULL, 145, 'dangthuchien', 120, 2, 1583858000, 1),
(41, 'TEST_HNM_147', '2020-03-10', NULL, '2020-03-31', NULL, 147, 'kehoach', 0, 2, 1583858000, 1),
(42, 'TEST_HNM_149', '2020-03-10', '2020-03-12', '2020-03-31', NULL, 149, 'dangthuchien', 15, 2, 1583858001, 1),
(43, 'TEST_HNM_154', '2020-03-10', NULL, '2020-03-31', NULL, 154, 'kehoach', 0, 2, 1583858001, 1),
(44, 'TEST_HNM_157', '2020-03-10', NULL, '2020-03-31', NULL, 157, 'kehoach', 0, 2, 1583858002, 1),
(45, 'TEST_HNM_167', '2020-03-10', NULL, '2020-03-31', NULL, 167, 'kehoach', 120, 2, 1583858002, 1),
(46, 'TEST_HNM_169', '2020-03-10', NULL, '2020-03-31', NULL, 169, 'kehoach', 0, 2, 1583858003, 1),
(47, 'TEST_HNM_171', '2020-03-10', NULL, '2020-03-31', NULL, 171, 'kehoach', 0, 2, 1583858003, 1),
(48, 'TEST_HNM_173', '2020-03-10', NULL, '2020-03-31', NULL, 173, 'kehoach', 0, 2, 1583858003, 1),
(49, 'TEST_HNM_175', '2020-03-10', NULL, '2020-03-31', NULL, 175, 'kehoach', 75, 2, 1583858004, 1),
(50, 'TEST_HNM_177', '2020-03-10', NULL, '2020-03-31', NULL, 177, 'kehoach', 120, 2, 1583858004, 1),
(51, 'TEST_HNM_179', '2020-03-10', NULL, '2020-03-31', NULL, 179, 'kehoach', 0, 2, 1583858005, 1),
(52, 'TEST_HNM_181', '2020-03-10', NULL, '2020-03-31', NULL, 181, 'kehoach', 15, 2, 1583858005, 1),
(53, 'TEST_HNM_188', '2020-03-10', NULL, '2020-03-31', NULL, 188, 'kehoach', 0, 2, 1583858006, 1),
(54, 'TEST_HNM_201', '2020-03-10', NULL, '2020-03-31', NULL, 201, 'kehoach', 12701, 2, 1583858007, 1),
(55, 'TEST_HNM_205', '2020-03-10', NULL, '2020-03-31', NULL, 205, 'kehoach', 0, 2, 1583858007, 1),
(56, 'TEST_HNM_207', '2020-03-10', NULL, '2020-03-31', NULL, 207, 'kehoach', 120, 2, 1583858008, 1),
(57, 'TEST_HNM_209', '2020-03-10', NULL, '2020-03-31', NULL, 209, 'kehoach', 0, 2, 1583858008, 1),
(58, 'TEST_HNM_211', '2020-03-10', NULL, '2020-03-31', NULL, 211, 'kehoach', 0, 2, 1583858009, 1),
(59, 'TEST_HNM_213', '2020-03-10', NULL, '2020-03-31', NULL, 213, 'kehoach', 0, 2, 1583858009, 1),
(60, 'TEST_HNM_217', '2020-03-10', NULL, '2020-03-31', NULL, 217, 'kehoach', 75, 2, 1583858010, 1),
(61, 'TEST_HNM_219', '2020-03-10', NULL, '2020-03-31', NULL, 219, 'kehoach', 120, 2, 1583858010, 1),
(62, 'TEST_HNM_221', '2020-03-10', NULL, '2020-03-31', NULL, 221, 'kehoach', 0, 2, 1583858011, 1),
(63, 'TEST_HNM_238', '2020-03-10', NULL, '2020-03-31', NULL, 238, 'kehoach', 15, 2, 1583858011, 1),
(64, 'TEST_HNM_240', '2020-03-10', NULL, '2020-03-31', NULL, 240, 'kehoach', 0, 2, 1583858012, 1),
(65, 'TEST_HNM_242', '2020-03-10', '2020-03-12', '2020-03-31', NULL, 242, 'chuahoanthanh', 12701, 2, 1583858012, 1),
(66, 'TEST_HNM_244', '2020-03-10', NULL, '2020-03-31', NULL, 244, 'kehoach', 0, 2, 1583858013, 1),
(67, 'TEST_HNM_246', '2020-03-10', NULL, '2020-03-31', NULL, 246, 'kehoach', 120, 2, 1583858014, 1),
(68, 'TEST_HNM_248', '2020-03-10', NULL, '2020-03-31', NULL, 248, 'kehoach', 0, 2, 1583858014, 1),
(69, 'TEST_HNM_250', '2020-03-10', NULL, '2020-03-31', NULL, 250, 'kehoach', 0, 2, 1583858015, 1),
(70, 'TEST_HNM_253', '2020-03-10', NULL, '2020-03-31', NULL, 253, 'kehoach', 0, 2, 1583858015, 1),
(71, 'TEST_HNM_258', '2020-03-10', NULL, '2020-03-31', NULL, 258, 'kehoach', 75, 2, 1583858016, 1),
(72, 'TEST_HNM_261', '2020-03-10', NULL, '2020-03-31', NULL, 261, 'kehoach', 120, 2, 1583858016, 1),
(73, 'TEST_HNM_263', '2020-03-10', NULL, '2020-03-31', NULL, 263, 'kehoach', 0, 2, 1583858017, 1),
(74, 'TEST_HNM_265', '2020-03-10', '2020-03-12', '2020-03-31', NULL, 265, 'dangthuchien', 15, 2, 1583858017, 1),
(75, 'TEST_HNM_267', '2020-03-10', NULL, '2020-03-31', NULL, 267, 'kehoach', 0, 2, 1583858017, 1),
(76, 'TEST_HNM_269', '2020-03-10', NULL, '2020-03-31', NULL, 269, 'kehoach', 12701, 2, 1583858018, 1),
(77, 'TEST_HNM_271', '2020-03-10', '2020-03-12', '2020-03-31', NULL, 271, 'dangthuchien', 120, 2, 1583858019, 1),
(78, 'TEST_HNM_273', '2020-03-10', NULL, '2020-03-31', NULL, 273, 'kehoach', 0, 2, 1583858019, 1),
(79, 'TEST_HNM_275', '2020-03-10', NULL, '2020-03-31', NULL, 275, 'kehoach', 0, 2, 1583858020, 1),
(80, 'TEST_HNM_277', '2020-03-10', NULL, '2020-03-31', NULL, 277, 'kehoach', 0, 2, 1583858021, 1),
(81, 'TEST_HNM_279', '2020-03-10', NULL, '2020-03-31', NULL, 279, 'kehoach', 75, 2, 1583858021, 1),
(82, 'TEST_HNM_281', '2020-03-10', NULL, '2020-03-31', NULL, 281, 'kehoach', 120, 2, 1583858022, 1),
(83, 'TEST_HNM_284', '2020-03-10', NULL, '2020-03-31', NULL, 284, 'kehoach', 0, 2, 1583858022, 1),
(84, 'TEST_HNM_286', '2020-03-10', '2020-03-12', '2020-03-31', NULL, 286, 'dangthuchien', 15, 2, 1583858023, 1),
(85, 'TEST_HNM_301', '2020-03-10', NULL, '2020-03-31', NULL, 301, 'kehoach', 0, 2, 1583858023, 1),
(86, 'TEST_HNM_303', '2020-03-10', '2020-03-12', '2020-03-31', NULL, 303, 'dangthuchien', 12701, 2, 1583858024, 1),
(87, 'TEST_HNM_305', '2020-03-10', NULL, '2020-03-31', NULL, 305, 'kehoach', 0, 2, 1583858024, 1),
(88, 'TEST_HNM_307', '2020-03-10', NULL, '2020-03-31', NULL, 307, 'kehoach', 120, 2, 1583858025, 1),
(89, 'TEST_HNM_310', '2020-03-10', NULL, '2020-03-31', NULL, 310, 'kehoach', 0, 2, 1583858026, 1),
(90, 'TEST_HNM_312', '2020-03-10', NULL, '2020-03-31', NULL, 312, 'kehoach', 0, 2, 1583858026, 1),
(91, 'TEST_HNM_314', '2020-03-10', NULL, '2020-03-31', NULL, 314, 'kehoach', 0, 2, 1583858027, 1),
(92, 'TEST_HNM_316', '2020-03-10', '2020-03-11', '2020-03-31', '2020-03-11', 316, 'ketthuc', 75, 2, 1583858027, 1),
(93, 'TEST_HNM_325', '2020-03-10', NULL, '2020-03-31', NULL, 325, 'kehoach', 0, 2, 1583858028, 1),
(94, 'TEST_HNM_327', '2020-03-10', NULL, '2020-03-31', NULL, 327, 'kehoach', 120, 2, 1583858028, 1),
(95, 'TEST_HNM_329', '2020-03-10', NULL, '2020-03-31', NULL, 329, 'kehoach', 0, 2, 1583858029, 1),
(96, 'TEST_HNM_331', '2020-03-10', '2020-03-12', '2020-03-31', NULL, 331, 'dangthuchien', 15, 2, 1583858029, 1),
(97, 'TEST_HNM_333', '2020-03-10', NULL, '2020-03-31', NULL, 333, 'kehoach', 0, 2, 1583858030, 1),
(98, 'TEST_HNM_336', '2020-03-10', NULL, '2020-03-31', NULL, 336, 'kehoach', 12701, 2, 1583858031, 1),
(99, 'TEST_HNM_339', '2020-03-10', NULL, '2020-03-31', NULL, 339, 'kehoach', 0, 2, 1583858032, 1),
(100, 'TEST_HNM_341', '2020-03-10', NULL, '2020-03-31', NULL, 341, 'kehoach', 120, 2, 1583858032, 1),
(101, 'TEST_HNM_343', '2020-03-10', NULL, '2020-03-31', NULL, 343, 'kehoach', 0, 2, 1583858033, 1),
(102, 'TEST_HNM_347', '2020-03-10', NULL, '2020-03-31', NULL, 347, 'kehoach', 0, 2, 1583858034, 1),
(103, 'TEST_HNM_349', '2020-03-10', NULL, '2020-03-31', NULL, 349, 'kehoach', 75, 2, 1583858034, 1),
(104, 'TEST_HNM_354', '2020-03-10', NULL, '2020-03-31', NULL, 354, 'kehoach', 0, 2, 1583858035, 1),
(105, 'TEST_HNM_358', '2020-03-10', NULL, '2020-03-31', NULL, 358, 'kehoach', 120, 2, 1583858036, 1),
(106, 'TEST_HNM_360', '2020-03-10', NULL, '2020-03-31', NULL, 360, 'kehoach', 0, 2, 1583858037, 1),
(107, 'TEST_HNM_373', '2020-03-10', NULL, '2020-03-31', NULL, 373, 'kehoach', 15, 2, 1583858038, 1),
(108, 'TEST_HNM_375', '2020-03-10', NULL, '2020-03-31', NULL, 375, 'kehoach', 0, 2, 1583858039, 1),
(109, 'TEST_HNM_377', '2020-03-10', NULL, '2020-03-31', NULL, 377, 'kehoach', 12701, 2, 1583858039, 1),
(110, 'TEST_HNM_379', '2020-03-10', NULL, '2020-03-31', NULL, 379, 'kehoach', 0, 2, 1583858040, 1),
(111, 'TEST_HNM_381', '2020-03-10', NULL, '2020-03-31', NULL, 381, 'kehoach', 0, 2, 1583858041, 1),
(112, 'TEST_HNM_383', '2020-03-10', NULL, '2020-03-31', NULL, 383, 'kehoach', 0, 2, 1583858041, 1),
(113, 'TEST_HNM_386', '2020-03-10', NULL, '2020-03-31', NULL, 386, 'kehoach', 75, 2, 1583858042, 1),
(114, 'TEST_HNM_388', '2020-03-10', NULL, '2020-03-31', NULL, 388, 'kehoach', 0, 2, 1583858043, 1),
(115, 'TEST_HNM_390', '2020-03-10', NULL, '2020-03-31', NULL, 390, 'kehoach', 120, 2, 1583858044, 1),
(116, 'TEST_HNM_392', '2020-03-10', NULL, '2020-03-31', NULL, 392, 'kehoach', 0, 2, 1583858044, 1),
(117, 'TEST_HNM_405', '2020-03-10', NULL, '2020-03-31', NULL, 405, 'kehoach', 15, 2, 1583858045, 1),
(118, 'TEST_HNM_407', '2020-03-10', NULL, '2020-03-31', NULL, 407, 'kehoach', 0, 2, 1583858046, 1),
(119, 'TEST_HNM_409', '2020-03-10', NULL, '2020-03-31', NULL, 409, 'kehoach', 12701, 2, 1583858046, 1),
(120, 'TEST_HNM_411', '2020-03-10', NULL, '2020-03-31', NULL, 411, 'kehoach', 0, 2, 1583858047, 1),
(121, 'TEST_HNM_413', '2020-03-10', NULL, '2020-03-31', NULL, 413, 'kehoach', 120, 2, 1583858048, 1),
(122, 'TEST_HNM_415', '2020-03-10', NULL, '2020-03-31', NULL, 415, 'kehoach', 0, 2, 1583858048, 1),
(123, 'TEST_HNM_418', '2020-03-10', NULL, '2020-03-31', NULL, 418, 'kehoach', 0, 2, 1583858049, 1),
(124, 'TEST_HNM_423', '2020-03-10', NULL, '2020-03-31', NULL, 423, 'kehoach', 75, 2, 1583858049, 1),
(125, 'TEST_HNM_425', '2020-03-10', NULL, '2020-03-31', NULL, 425, 'kehoach', 0, 2, 1583858050, 1),
(126, 'TEST_HNM_427', '2020-03-10', NULL, '2020-03-31', NULL, 427, 'kehoach', 120, 2, 1583858051, 1),
(127, 'TEST_HNM_429', '2020-03-10', NULL, '2020-03-31', NULL, 429, 'kehoach', 0, 2, 1583858051, 1),
(128, 'TEST_HNM_435', '2020-03-10', NULL, '2020-03-31', NULL, 435, 'kehoach', 15, 2, 1583858052, 1),
(129, 'TEST_HNM_439', '2020-03-10', NULL, '2020-03-31', NULL, 439, 'kehoach', 0, 2, 1583858053, 1),
(130, 'TEST_HNM_441', '2020-03-10', NULL, '2020-03-31', NULL, 441, 'kehoach', 12701, 2, 1583858054, 1),
(131, 'TEST_HNM_443', '2020-03-10', NULL, '2020-03-31', NULL, 443, 'kehoach', 0, 2, 1583858054, 1),
(132, 'TEST_HNM_445', '2020-03-10', NULL, '2020-03-31', NULL, 445, 'kehoach', 120, 2, 1583858055, 1),
(133, 'TEST_HNM_447', '2020-03-10', NULL, '2020-03-31', NULL, 447, 'kehoach', 0, 2, 1583858056, 1),
(134, 'TEST_HNM_451', '2020-03-10', NULL, '2020-03-31', NULL, 451, 'kehoach', 0, 2, 1583858057, 1),
(135, 'TEST_HNM_457', '2020-03-10', '2020-03-11', '2020-03-31', '2020-03-11', 457, 'ketthuc', 75, 2, 1583858058, 1),
(136, 'TEST_HNM_461', '2020-03-10', NULL, '2020-03-31', NULL, 461, 'kehoach', 0, 2, 1583858058, 1),
(137, 'TEST_HNM_464', '2020-03-10', NULL, '2020-03-31', NULL, 464, 'kehoach', 0, 2, 1583858059, 1),
(138, 'TEST_HNM_466', '2020-03-10', NULL, '2020-03-31', NULL, 466, 'kehoach', 120, 2, 1583858060, 1),
(139, 'TEST_HNM_468', '2020-03-10', NULL, '2020-03-31', NULL, 468, 'kehoach', 0, 2, 1583858061, 1),
(140, 'TEST_HNM_470', '2020-03-10', NULL, '2020-03-31', NULL, 470, 'kehoach', 15, 2, 1583858062, 1),
(141, 'TEST_HNM_475', '2020-03-10', NULL, '2020-03-31', NULL, 475, 'kehoach', 0, 2, 1583858063, 1),
(142, 'TEST_HNM_481', '2020-03-10', NULL, '2020-03-31', NULL, 481, 'kehoach', 12701, 2, 1583858064, 1),
(143, 'TEST_HNM_483', '2020-03-10', NULL, '2020-03-31', NULL, 483, 'kehoach', 0, 2, 1583858064, 1),
(144, 'TEST_HNM_485', '2020-03-10', NULL, '2020-03-31', NULL, 485, 'kehoach', 120, 2, 1583858065, 1),
(145, 'TEST_HNM_487', '2020-03-10', NULL, '2020-03-31', NULL, 487, 'kehoach', 75, 2, 1583858066, 1),
(146, 'TEST_HNM_490', '2020-03-10', NULL, '2020-03-31', NULL, 490, 'kehoach', 0, 2, 1583858067, 1),
(147, 'TEST_HNM_492', '2020-03-10', NULL, '2020-03-31', NULL, 492, 'kehoach', 0, 2, 1583858068, 1),
(148, 'TEST_HNM_501', '2020-03-10', NULL, '2020-03-31', NULL, 501, 'kehoach', 120, 2, 1583858069, 1),
(149, 'TEST_HNM_503', '2020-03-10', NULL, '2020-03-31', NULL, 503, 'kehoach', 0, 2, 1583858069, 1),
(150, 'TEST_HNM_505', '2020-03-10', '2020-03-12', '2020-03-31', '2020-03-12', 505, 'ketthuc', 15, 2, 1583858070, 1),
(151, 'TEST_HNM_507', '2020-03-10', NULL, '2020-03-31', NULL, 507, 'kehoach', 0, 2, 1583858071, 1),
(152, 'TEST_HNM_509', '2020-03-10', '2020-03-12', '2020-03-31', NULL, 509, 'dangthuchien', 12701, 2, 1583858072, 1),
(153, 'TEST_HNM_512', '2020-03-10', NULL, '2020-03-31', NULL, 512, 'kehoach', 0, 2, 1583858073, 1),
(154, 'TEST_HNM_517', '2020-03-10', NULL, '2020-03-31', NULL, 517, 'kehoach', 120, 2, 1583858074, 1),
(155, 'TEST_HNM_519', '2020-03-10', NULL, '2020-03-31', NULL, 519, 'kehoach', 0, 2, 1583858074, 1),
(156, 'TEST_HNM_521', '2020-03-10', NULL, '2020-03-31', NULL, 521, 'kehoach', 75, 2, 1583858075, 1),
(157, 'TEST_HNM_523', '2020-03-10', NULL, '2020-03-31', NULL, 523, 'kehoach', 0, 2, 1583858076, 1),
(158, 'TEST_HNM_525', '2020-03-10', NULL, '2020-03-31', NULL, 525, 'kehoach', 0, 2, 1583858077, 1),
(159, 'TEST_HNM_528', '2020-03-10', NULL, '2020-03-31', NULL, 528, 'kehoach', 120, 2, 1583858078, 1),
(160, 'TEST_HNM_530', '2020-03-10', NULL, '2020-03-31', NULL, 530, 'kehoach', 0, 2, 1583858078, 1),
(161, 'TEST_HNM_539', '2020-03-10', '2020-03-12', '2020-03-31', NULL, 539, 'dangthuchien', 15, 2, 1583858079, 1),
(162, 'TEST_HNM_541', '2020-03-10', NULL, '2020-03-31', NULL, 541, 'kehoach', 0, 2, 1583858080, 1),
(163, 'TEST_HNM_544', '2020-03-10', NULL, '2020-03-31', NULL, 544, 'kehoach', 12701, 2, 1583858081, 1),
(164, 'TEST_HNM_551', '2020-03-10', NULL, '2020-03-31', NULL, 551, 'kehoach', 0, 2, 1583858082, 1),
(165, 'TEST_HNM_555', '2020-03-10', NULL, '2020-03-31', NULL, 555, 'kehoach', 120, 2, 1583858083, 1),
(166, 'TEST_HNM_557', '2020-03-10', NULL, '2020-03-31', NULL, 557, 'kehoach', 0, 2, 1583858084, 1),
(167, 'TEST_HNM_559', '2020-03-10', '2020-03-11', '2020-03-31', '2020-03-11', 559, 'ketthuc', 75, 2, 1583858084, 1),
(168, 'TEST_HNM_561', '2020-03-10', NULL, '2020-03-31', NULL, 561, 'kehoach', 0, 2, 1583858085, 1),
(169, 'TEST_HNM_563', '2020-03-10', NULL, '2020-03-31', NULL, 563, 'kehoach', 0, 2, 1583858086, 1),
(170, 'TEST_HNM_565', '2020-03-10', NULL, '2020-03-31', NULL, 565, 'kehoach', 0, 2, 1583858087, 1),
(171, 'TEST_HNM_568', '2020-03-10', NULL, '2020-03-31', NULL, 568, 'kehoach', 120, 2, 1583858088, 1),
(172, 'TEST_HNM_570', '2020-03-10', NULL, '2020-03-31', NULL, 570, 'kehoach', 0, 2, 1583858089, 1),
(173, 'TEST_HNM_581', '2020-03-10', NULL, '2020-03-31', NULL, 581, 'kehoach', 15, 2, 1583858090, 1),
(174, 'TEST_HNM_583', '2020-03-10', NULL, '2020-03-31', NULL, 583, 'kehoach', 0, 2, 1583858090, 1),
(175, 'TEST_HNM_585', '2020-03-10', NULL, '2020-03-31', NULL, 585, 'kehoach', 12701, 2, 1583858091, 1),
(176, 'TEST_HNM_587', '2020-03-10', NULL, '2020-03-31', NULL, 587, 'kehoach', 0, 2, 1583858092, 1),
(177, 'TEST_HNM_589', '2020-03-10', NULL, '2020-03-31', NULL, 589, 'kehoach', 120, 2, 1583858093, 1),
(178, 'TEST_HNM_591', '2020-03-10', NULL, '2020-03-31', NULL, 591, 'kehoach', 0, 2, 1583858093, 1),
(179, 'TEST_HNM_596', '2020-03-10', NULL, '2020-03-31', NULL, 596, 'kehoach', 0, 2, 1583858094, 1),
(180, 'TEST_HNM_605', '2020-03-10', NULL, '2020-03-31', NULL, 605, 'kehoach', 0, 2, 1583858095, 1),
(181, 'TEST_HNM_608', '2020-03-10', NULL, '2020-03-31', NULL, 608, 'kehoach', 120, 2, 1583858096, 1),
(182, 'TEST_HNM_610', '2020-03-10', NULL, '2020-03-31', NULL, 610, 'kehoach', 0, 2, 1583858097, 1),
(183, 'TEST_HNM_615', '2020-03-10', NULL, '2020-03-31', NULL, 615, 'kehoach', 0, 2, 1583858098, 1),
(184, 'TEST_HNM_617', '2020-03-10', NULL, '2020-03-31', NULL, 617, 'kehoach', 0, 2, 1583858099, 1),
(185, 'TEST_HNM_619', '2020-03-10', NULL, '2020-03-31', NULL, 619, 'kehoach', 12701, 2, 1583858099, 1),
(186, 'TEST_HNM_621', '2020-03-10', NULL, '2020-03-31', NULL, 621, 'kehoach', 0, 2, 1583858100, 1),
(187, 'TEST_HNM_623', '2020-03-10', NULL, '2020-03-31', NULL, 623, 'kehoach', 120, 2, 1583858101, 1),
(188, 'TEST_HNM_627', '2020-03-10', NULL, '2020-03-31', NULL, 627, 'kehoach', 75, 2, 1583858102, 1),
(189, 'TEST_HNM_631', '2020-03-10', NULL, '2020-03-31', NULL, 631, 'kehoach', 0, 2, 1583858103, 1),
(190, 'TEST_HNM_633', '2020-03-10', NULL, '2020-03-31', NULL, 633, 'kehoach', 0, 2, 1583858104, 1),
(191, 'TEST_HNM_635', '2020-03-10', NULL, '2020-03-31', NULL, 635, 'kehoach', 0, 2, 1583858104, 1),
(192, 'TEST_HNM_639', '2020-03-10', NULL, '2020-03-31', NULL, 639, 'kehoach', 120, 2, 1583858105, 1),
(193, 'TEST_HNM_651', '2020-03-10', NULL, '2020-03-31', NULL, 651, 'kehoach', 0, 2, 1583858106, 1),
(194, 'TEST_HNM_653', '2020-03-10', NULL, '2020-03-31', NULL, 653, 'kehoach', 15, 2, 1583858107, 1),
(195, 'TEST_HNM_655', '2020-03-10', NULL, '2020-03-31', NULL, 655, 'kehoach', 0, 2, 1583858108, 1),
(196, 'TEST_HNM_657', '2020-03-10', NULL, '2020-03-31', NULL, 657, 'kehoach', 12701, 2, 1583858108, 1),
(197, 'TEST_HNM_25310', '2020-03-10', NULL, '2020-03-31', NULL, 25310, 'kehoach', 0, 2, 1583858109, 1),
(198, 'TEST_HNM_25318', '2020-03-10', NULL, '2020-03-31', NULL, 25318, 'kehoach', 120, 2, 1583858110, 1),
(199, 'TEST_HNM_25328', '2020-03-10', NULL, '2020-03-31', NULL, 25328, 'kehoach', 75, 2, 1583858110, 1),
(200, 'TEST_HNM_25333', '2020-03-10', NULL, '2020-03-31', NULL, 25333, 'kehoach', 0, 2, 1583858111, 1),
(201, 'TEST_HNM_25287', '2020-03-10', NULL, '2020-03-31', NULL, 25287, 'kehoach', 0, 2, 1583858112, 1),
(202, 'TEST_HNM_25300', '2020-03-10', NULL, '2020-03-31', NULL, 25300, 'kehoach', 0, 2, 1583858112, 1),
(203, 'TEST_HNM_25301', '2020-03-10', '2020-03-12', '2020-03-31', NULL, 25301, 'dangthuchien', 120, 2, 1583858113, 1),
(204, 'TEST_HNM_25302', '2020-03-10', NULL, '2020-03-31', NULL, 25302, 'kehoach', 0, 2, 1583858113, 1),
(205, 'TEST_HNM_25303', '2020-03-10', NULL, '2020-03-31', NULL, 25303, 'kehoach', 15, 2, 1583858114, 1),
(206, 'TEST_HNM_25304', '2020-03-10', NULL, '2020-03-31', NULL, 25304, 'kehoach', 0, 2, 1583858114, 1),
(207, 'TEST_HNM_25307', '2020-03-10', NULL, '2020-03-31', NULL, 25307, 'kehoach', 12701, 2, 1583858115, 1),
(208, 'TEST_HNM_25308', '2020-03-10', NULL, '2020-03-31', NULL, 25308, 'kehoach', 0, 2, 1583858115, 1),
(209, 'TEST_HNM_25313', '2020-03-10', NULL, '2020-03-31', NULL, 25313, 'kehoach', 120, 2, 1583858116, 1),
(210, 'TEST_HNM_25314', '2020-03-10', NULL, '2020-03-31', NULL, 25314, 'kehoach', 0, 2, 1583858116, 1),
(211, 'TEST_HNM_25316', '2020-03-10', NULL, '2020-03-31', NULL, 25316, 'kehoach', 0, 2, 1583858117, 1),
(212, 'TEST_HNM_25317', '2020-03-10', NULL, '2020-03-31', NULL, 25317, 'kehoach', 0, 2, 1583858118, 1),
(213, 'TEST_HNM_25319', '2020-03-10', NULL, '2020-03-31', NULL, 25319, 'kehoach', 12701, 2, 1583858119, 1),
(214, 'TEST_HNM_25320', '2020-03-10', NULL, '2020-03-31', NULL, 25320, 'kehoach', 0, 2, 1583858119, 1),
(215, 'TEST_HNM_25327', '2020-03-10', NULL, '2020-03-31', NULL, 25327, 'kehoach', 15, 2, 1583858120, 1),
(216, 'TEST_HNM_25342', '2020-03-10', NULL, '2020-03-31', NULL, 25342, 'kehoach', 0, 2, 1583858120, 1),
(217, 'TEST_HNM_25343', '2020-03-10', NULL, '2020-03-31', NULL, 25343, 'kehoach', 12701, 2, 1583858121, 1),
(218, 'TEST_HNM_25353', '2020-03-10', NULL, '2020-03-31', NULL, 25353, 'kehoach', 0, 2, 1583858121, 1),
(219, 'TEST_HNM_25354', '2020-03-10', NULL, '2020-03-31', NULL, 25354, 'kehoach', 120, 2, 1583858122, 1),
(220, 'TEST_HNM_25355', '2020-03-10', '2020-03-11', '2020-03-31', NULL, 25355, 'dangthuchien', 75, 2, 1583858122, 1),
(221, 'TEST_HNM_25347', '2020-03-10', NULL, '2020-03-31', NULL, 25347, 'kehoach', 0, 2, 1583858123, 1),
(222, 'TEST_HNM_25346', '2020-03-10', NULL, '2020-03-31', NULL, 25346, 'kehoach', 0, 2, 1583858123, 1),
(223, 'TEST_HNM_25345', '2020-03-10', NULL, '2020-03-31', NULL, 25345, 'kehoach', 0, 2, 1583858124, 1),
(224, 'TEST_HNM_25344', '2020-03-10', NULL, '2020-03-31', NULL, 25344, 'kehoach', 120, 2, 1583858124, 1),
(225, 'TEST_HNM_25348', '2020-03-10', NULL, '2020-03-31', NULL, 25348, 'kehoach', 0, 2, 1583858125, 1),
(226, 'TEST_HNM_25350', '2020-03-10', NULL, '2020-03-31', NULL, 25350, 'kehoach', 15, 2, 1583858125, 1),
(227, 'TEST_HNM_25356', '2020-03-10', NULL, '2020-03-31', NULL, 25356, 'kehoach', 0, 2, 1583858125, 1),
(228, 'TEST_HNM_25357', '2020-03-10', NULL, '2020-03-31', NULL, 25357, 'kehoach', 12701, 2, 1583858126, 1),
(229, 'TEST_HNM_25358', '2020-03-10', NULL, '2020-03-31', NULL, 25358, 'kehoach', 0, 2, 1583858126, 1),
(230, 'TEST_HNM_25359', '2020-03-10', NULL, '2020-03-31', NULL, 25359, 'kehoach', 120, 2, 1583858127, 1);

-- --------------------------------------------------------

--
-- Cấu trúc bảng cho bảng `images`
--

DROP TABLE IF EXISTS `images`;
CREATE TABLE IF NOT EXISTS `images` (
  `id` int(11) NOT NULL AUTO_INCREMENT,
  `MA_DOTBD` varchar(32) NOT NULL,
  `ID_NHANVIEN` int(11) NOT NULL,
  `ANH` varchar(255) NOT NULL,
  `STT` int(11) NOT NULL,
  `type` tinyint(1) NOT NULL DEFAULT '0',
  PRIMARY KEY (`id`)
) ENGINE=InnoDB DEFAULT CHARSET=utf8;

-- --------------------------------------------------------

--
-- Cấu trúc bảng cho bảng `images_cv`
--

DROP TABLE IF EXISTS `images_cv`;
CREATE TABLE IF NOT EXISTS `images_cv` (
  `id` int(11) NOT NULL AUTO_INCREMENT,
  `MA_DOTBD` varchar(32) NOT NULL,
  `ID_THIETBI` int(11) NOT NULL,
  `MA_NOIDUNG` varchar(32) NOT NULL,
  `ID_NHANVIEN` int(11) NOT NULL,
  `ANH` varchar(255) NOT NULL,
  PRIMARY KEY (`id`)
) ENGINE=InnoDB DEFAULT CHARSET=utf8;

-- --------------------------------------------------------

--
-- Cấu trúc bảng cho bảng `lencongviec`
--

DROP TABLE IF EXISTS `lencongviec`;
CREATE TABLE IF NOT EXISTS `lencongviec` (
  `ID_DOTBD` int(11) NOT NULL,
  `ID_THIETBI` int(11) NOT NULL,
  `MA_NOIDUNG` varchar(32) NOT NULL,
  `IS_SUGGESTED` tinyint(4) NOT NULL DEFAULT '0',
  `IS_SELECTED` tinyint(6) NOT NULL DEFAULT '0',
  PRIMARY KEY (`ID_DOTBD`,`ID_THIETBI`,`MA_NOIDUNG`),
  KEY `fk_manoidung` (`MA_NOIDUNG`)
) ENGINE=InnoDB DEFAULT CHARSET=utf8;

--
-- Đang đổ dữ liệu cho bảng `lencongviec`
--

INSERT INTO `lencongviec` (`ID_DOTBD`, `ID_THIETBI`, `MA_NOIDUNG`, `IS_SUGGESTED`, `IS_SELECTED`) VALUES
(5, 3, 'ACCU0001', 1, 0),
(5, 3, 'ACCU0002', 1, 0),
(5, 3, 'ACCU0003', 1, 0),
(5, 1216, 'TN0001', 1, 0),
(5, 1216, 'TN0002', 1, 0),
(5, 1216, 'TN0003', 1, 0),
(5, 1216, 'TN0004', 1, 0),
(5, 1216, 'TN0005', 1, 0),
(5, 1216, 'TN0006', 0, 0),
(11, 33, 'MN0007', 0, 0),
(11, 33, 'MN0008', 0, 0),
(11, 33, 'MN0009', 0, 0),
(11, 34, 'TN0006', 0, 0),
(11, 1599, 'KTNT_0001', 0, 0),
(11, 1599, 'KTNT_0002', 0, 0),
(11, 1599, 'KTNT_0003', 0, 0),
(11, 1599, 'KTNT_0004', 0, 0),
(11, 1599, 'KTNT_0005', 0, 0),
(29, 1187, 'TN0006', 0, 0),
(29, 1470, 'MN0007', 0, 0),
(29, 1470, 'MN0008', 0, 0),
(29, 1470, 'MN0009', 0, 0);

-- --------------------------------------------------------

--
-- Cấu trúc bảng cho bảng `log_kiemtranhatram`
--

DROP TABLE IF EXISTS `log_kiemtranhatram`;
CREATE TABLE IF NOT EXISTS `log_kiemtranhatram` (
  `id` int(11) NOT NULL AUTO_INCREMENT,
  `id_tram` int(11) NOT NULL,
  `so_ngay` int(11) NOT NULL,
  `sms` tinyint(1) NOT NULL,
  `id_nhanvien` int(11) NOT NULL,
  `created_at` int(11) NOT NULL,
  PRIMARY KEY (`id`)
) ENGINE=InnoDB DEFAULT CHARSET=utf8;

-- --------------------------------------------------------

--
-- Cấu trúc bảng cho bảng `log_sms`
--

DROP TABLE IF EXISTS `log_sms`;
CREATE TABLE IF NOT EXISTS `log_sms` (
  `id` int(11) NOT NULL AUTO_INCREMENT,
  `id_nhanvien` int(11) NOT NULL,
  `sdt` varchar(32) NOT NULL,
  `noidung` varchar(255) NOT NULL,
  `created_at` int(11) NOT NULL,
  PRIMARY KEY (`id`)
) ENGINE=InnoDB DEFAULT CHARSET=utf8;

-- --------------------------------------------------------

--
-- Cấu trúc bảng cho bảng `nhanvien`
--

DROP TABLE IF EXISTS `nhanvien`;
CREATE TABLE IF NOT EXISTS `nhanvien` (
  `ID_NHANVIEN` int(10) UNSIGNED NOT NULL AUTO_INCREMENT,
  `MA_NHANVIEN` varchar(15) DEFAULT NULL,
  `TEN_NHANVIEN` varchar(100) NOT NULL,
  `CHUC_VU` int(11) DEFAULT '11',
  `DIEN_THOAI` varchar(15) NOT NULL,
  `ID_DONVI` int(11) NOT NULL,
  `ID_DAI` int(11) DEFAULT NULL,
  `GHI_CHU` varchar(200) DEFAULT NULL,
  `USER_NAME` varchar(50) DEFAULT NULL,
  PRIMARY KEY (`ID_NHANVIEN`),
  KEY `FK_NVDONVI` (`ID_DONVI`),
  KEY `FK_NVDAI` (`ID_DAI`),
  KEY `CHUC_VU` (`CHUC_VU`)
) ENGINE=InnoDB AUTO_INCREMENT=13845 DEFAULT CHARSET=utf8;

--
-- Đang đổ dữ liệu cho bảng `nhanvien`
--

INSERT INTO `nhanvien` (`ID_NHANVIEN`, `MA_NHANVIEN`, `TEN_NHANVIEN`, `CHUC_VU`, `DIEN_THOAI`, `ID_DONVI`, `ID_DAI`, `GHI_CHU`, `USER_NAME`) VALUES
(0, 'N/A', 'Chưa có nhân viên', 11, 'N/A', 1, NULL, NULL, 'not_available'),
(1, 'admin', 'admin', 1, '0915008056', 1, NULL, '', 'admin'),
(4, 'HNM035444', 'Trương Chính Điền', 1, '0915008056', 3, 496, NULL, 'dientc.hnm'),
(5, 'HNM035441', 'Đinh Hữu  Dương', 1, '0916906983', 3, 292, NULL, 'duongdh.hnm'),
(6, 'HNM035449', 'Bùi Văn Bính', 1, '0913894858', 3, 546, NULL, 'binhbv.hnm'),
(7, 'HNM035453', 'Văn Tất Thủy', 1, '0915866727', 3, 318, NULL, 'thuyvt.hnm'),
(8, 'HNM035435', 'Bùi Văn Đức', 1, '0916953637', 3, 318, NULL, 'ducbv.hnm'),
(9, 'HNM035329', 'Trần Ngọc Quý', 1, '0888170555', 6, 362, NULL, 'quytn.hnm'),
(15, 'HNM035452', 'Vũ Thế Hanh', 1, '0947947188', 3, 292, NULL, 'hanhvt.hnm'),
(16, 'HNM035437', 'Trương Duy Huynh', 1, '0912302122', 3, 318, NULL, 'huynhtd.hnm'),
(17, 'HNM035451', 'Ngô Thanh Phong', 1, '0948109211', 3, 546, NULL, 'ntphong.hnm'),
(18, 'HNM035442', 'Nguyễn Minh Tuệ', 1, '0915028328', 3, 496, NULL, 'tuenm.hnm'),
(19, 'HNM035447', 'Nguyễn Tiến Bình', 1, '0948088678', 3, 546, NULL, 'binhnt.hnm'),
(20, 'HNM035445', 'Kim Ngọc Cường', 1, '0916007018', 3, 292, NULL, 'cuongkn.hnm'),
(21, 'HNM035450', 'Trần Trọng Thưởng', 1, '0942981681', 3, 546, NULL, 'thuongtt.hnm'),
(22, 'HNM035446', 'Nguyễn Văn Quynh', 1, '0915685226', 3, 496, NULL, 'quynhtd.hnm'),
(23, 'HNM035454', 'Nguyễn Anh Tuấn', 1, '0913386599', 3, 25268, NULL, 'anhtuan.hnm'),
(24, 'HNM035448', 'Đỗ Văn Chung', 1, '0915609088', 3, 292, NULL, 'chungdv.hnm'),
(25, 'HNM035035', 'Trần Thái Hà', 1, '0912220123', 3, 25268, NULL, 'hatt.hnm'),
(33, 'hanhnth.hnm', 'Nguyến Thị Hồng Hạnh', 1, '0912289218', 666, 668, NULL, 'hanhnth.hnm'),
(44, 'hoanhtv.hnm', 'Trương Văn Hoành', 1, '0912389151', 666, 660, NULL, 'hoanhtv.hnm'),
(46, 'HNM035402', 'Vũ Văn Toàn', 1, '0913310456', 2, 9, NULL, 'toanvv.hnm'),
(49, 'tdlong.hnm', 'Trần Đức Long', 1, '0912526898', 666, 668, NULL, 'tdlong.hnm'),
(57, 'cuongch.hnm', 'Cao Hùng Cường', 1, '0915731099', 666, 668, NULL, 'cuongch.hnm'),
(63, 'HNM035398', 'Phạm Hồng Quân', 1, '0915610669', 2, 9, NULL, 'quanph.hnm'),
(64, 'HNM035300', 'Nguyễn Trọng Hiền', 1, '0913586988', 4, 136, NULL, 'hiennt.hnm'),
(68, 'HNM035320', 'Đặng Văn Hải', 1, '0915612000', 6, 612, NULL, 'haidv.hnm'),
(75, '284', 'Nguyễn Quốc Trọng', 1, '0945527555', 4, 59, NULL, 'nqtrong.hnm'),
(78, 'HNM035341', 'Hoàng Anh Tuấn', 1, '0913362552', 3, 546, NULL, 'tuanha.hnm'),
(85, 'HNM035393', 'Ngô Hữu Tình', 1, '0913366258', 2, 626, NULL, 'tinhnh.hnm'),
(90, 'HNM035403', 'Đan Văn Sáng ', 1, '0916313999', 2, 576, NULL, 'dvsang.hnm'),
(102, 'HNM035382', 'Đoàn Khánh Duy', 1, '0916221333', 2, 338, NULL, 'duydk.hnm'),
(103, 'HNM035395', 'Nguyễn Tất Việt', 1, '0918110881', 2, 626, NULL, 'vietnt.hnm'),
(104, 'HNM035375', 'Trần Quang Nên', 1, '0916539000', 2, 338, NULL, 'nentq.hnm'),
(105, 'HNM035387', 'Nguyễn Duy Thuận', 1, '0912220107', 2, 120, NULL, 'thuannd.hnm'),
(106, 'HNM035399', 'Lương Phong Vũ', 1, '0913289911', 2, 626, NULL, 'vulp.hnm'),
(107, 'HNM035384', 'Trần Xuân Hiệu', 1, '0916638787', 2, 120, NULL, 'txhieu.hnm'),
(108, 'HNM035440', 'Trần Trung', 1, '0916622000', 3, 25268, NULL, 'trungt.hnm'),
(109, 'HNM035282', 'Trương Văn Thạnh', 1, '0915612678', 4, 71, NULL, 'thanhtv.hnm'),
(110, 'HNM035281', 'Đặng Trường Giang', 1, '0946622888', 4, 71, NULL, 'giangdt.hnm'),
(111, 'hungdn.hnm', 'Đan Ngọc Hưng', 1, '11111', 4, 71, NULL, 'hungdn.hnm.'),
(112, 'HNM035286', 'Lương Thành Nam', 1, '0916888357', 4, 71, NULL, 'namlt.hnm'),
(113, 'HNM035306', 'Trần Văn Hoàn', 1, '0916869171', 4, 71, NULL, 'hoantv.hnm'),
(114, 'HNM035290', 'Phạm Văn Phúc', 1, '11111', 4, 255, NULL, 'phucpv.hnm'),
(115, 'HNM035302', 'Đỗ Việt Hùng', 1, '0912739595', 4, 59, NULL, 'hungdv.hnm'),
(116, 'HNM035284', 'Nguyễn Quốc Trọng', 1, '0945527555', 4, 59, NULL, 'trongnq.hnm'),
(117, 'HNM035294', 'Đinh Cao Sơn', 1, '0942413777', 4, 255, NULL, 'sondc.hnm'),
(118, 'HNM035291', 'Đinh Mạnh Hùng', 1, '0838611976', 4, 255, NULL, 'hungdm.hnm'),
(119, 'HNM035287', 'Trần Minh Hội', 1, '0913298622', 4, 25267, NULL, 'hoitm.hnm'),
(120, 'HNM035301', 'Lương Ngọc Quế', 1, '0913289427', 4, 136, NULL, 'queln.hnm'),
(121, 'HNM035363', 'Nguyễn Trọng Toàn', 1, '0915612576', 5, 644, NULL, 'toannt.hnm'),
(122, 'HNM035357', 'Trần Mạnh Cường', 1, '0912548433', 5, 644, NULL, 'cuongtm.hnm'),
(123, 'HNM035345', 'Cao Đức Lân', 1, '0919731596', 5, 192, NULL, 'lancd.hnm'),
(124, 'HNM035350', 'Cao Đức Cảnh', 1, '0947508978', 5, 192, NULL, 'canhcd.hnm'),
(125, 'HNM035364', 'Nguyễn Văn Tiến', 1, '0912531299', 5, 225, NULL, 'tiennv.hnm'),
(193, 'HNM035352', 'Trần Hữu Đông', 1, '0913747317', 5, 225, NULL, 'dongth.hnm'),
(194, 'HNM035321', 'Đinh Văn Khải', 1, '0913157929', 6, 514, NULL, 'khaidv.hnm'),
(195, 'HNM035316', 'Trần Văn Toản', 1, '0856468999', 6, 420, NULL, 'toantv.hnm'),
(201, 'hungtv.hnm', 'Trần Việt Hưng', 1, '0913566888', 666, 25270, NULL, 'hungtv.hnm'),
(202, 'quynhnd.hnm', 'Nguyễn Đức Quỳnh', 1, '0912672118', 666, 668, NULL, 'quynhnd.hnm'),
(203, 'chungdh.hnm', 'Đào Hoài Chung', 1, '0915612345', 666, 668, NULL, 'chungdh.hnm'),
(204, 'dinhvv.hnm', 'Vũ Văn Định', 1, '0915222957', 666, 668, NULL, 'dinhvv.hnm'),
(206, 'vuth.hnm', 'Trần Hữu Vũ', 1, '0913989000', 666, 660, NULL, 'vuth.hnm'),
(220, 'HNM035405', 'Mã Trung Hùng', 1, '0913289836', 2, 25269, NULL, 'hungmt.hnm'),
(221, 'HNM035400', 'Nguyễn Trần Duy', 1, '0945098777', 2, 626, NULL, 'duynt.hnm'),
(223, 'HNM035362', 'Trần Văn Nam', 1, '0912045968', 5, 156, NULL, 'namtv.hnm'),
(224, 'HNM035335', 'Nguyễn Thành Trung', 1, '0912157298', 5, 156, NULL, 'trungnt.hnm'),
(251, 'HNM035367', 'Hồ Mạnh Hùng', 1, '0912078227', 2, 25269, NULL, 'hunghm.hnm'),
(252, 'HNM035340', 'Trần Văn Dũng', 1, '0916615333', 5, 25264, NULL, 'tvdung.hnm'),
(263, 'HNM035366', 'Tạ Văn Phong', 1, '0913289190', 2, 25269, NULL, 'phongtv.hnm'),
(265, 'HNM035279', 'Nguyễn Hồng Đức', 1, '0913289557', 4, 25267, NULL, 'ducnh.hnm'),
(266, 'HNM035443', 'Trần Quang Hiệu', 1, '0918307272', 3, 292, NULL, 'hieutq.hnm'),
(269, 'HNM035308', 'Đinh Văn Hoà', 1, '0913289547', 6, 612, NULL, 'hoadv.hnm'),
(270, 'HNM035333', 'Nguyễn Đại Úy', 1, '0913289415', 5, 25264, NULL, 'uynd.hnm'),
(272, 'hienvt.hnm', 'Vũ Tuấn Hiền', 1, '11111', 2, 120, NULL, 'hienvt.hnm'),
(273, 'HNM035331', 'Đỗ Văn Dũng', 1, '0912672356', 6, 362, NULL, 'dvdung.hnm'),
(274, 'HNM035328', 'Trần Ngọc Huy', 1, '0914145721', 6, 598, NULL, 'huytn.hnm'),
(275, 'HNM035327', 'Trịnh Quốc Linh', 1, '0945988868', 6, 362, NULL, 'linhtq.hnm'),
(276, 'HNM035332', 'Vũ Minh Thức', 1, '0917763839', 6, 612, NULL, 'thucvm.hnm'),
(279, 'kientt.hnm', 'Trần Trung Kiên', 1, '0913289780', 666, 668, NULL, 'kientt.hnm'),
(286, 'khanhnv.hnm', 'Nguyễn Văn Khánh', 1, '0913003763', 666, 668, NULL, 'khanhnv.hnm'),
(291, 'thanhhx.hnm', 'Hàn Xuân Thanh', 1, '0912814599', 666, 668, NULL, 'thanhhx.hnm'),
(293, 'ntngoc.hnm', 'Nguyễn Thị Ngọc', 1, '0915027788', 666, 668, NULL, 'ntngoc.hnm'),
(298, 'hangtt.hnm', 'Trần Thuý Hằng', 1, '0915027997', 666, 668, NULL, 'hangtt.hnm'),
(312, 'HNM035407', 'Phạm Hồng Hưng', 1, '0915750977', 2, 25269, NULL, 'hungph.hnm'),
(314, 'trungtt.hnm', 'Trương Thành Trung', 1, '0914488000', 666, 668, NULL, 'trungtt.hnm'),
(315, 'longtd.hnm', 'Trương Đức Long', 1, '0915038389', 666, 668, NULL, 'longtd.hnm'),
(12673, 'HNM035379', 'Nguyễn Đình Cẩn', 1, '0916335858', 2, 9, NULL, 'cannd.hnm'),
(12674, 'HNM035355', 'Trần Quý Hùng', 1, '0912006263', 5, 225, NULL, 'hungtq.hnm'),
(12676, 'HNM035349', 'Trương Quang Đạo', 1, '0948088882', 5, 192, NULL, 'daotq.hnm'),
(12678, 'HNM035389', 'Phạm Hữu Toản', 1, '0912381155', 2, 9, NULL, 'toanph.hnm'),
(12679, 'HNM035383', 'Vũ Quang Sáng', 1, '0918238626', 2, 37, NULL, 'sangvq.hnm'),
(12680, 'thangph.hnm', 'Phạm Hữu Thắng', 1, '11111', 5, 156, NULL, 'thangph.hnm'),
(12681, 'HNM035378', 'Lê Hải Dưỡng', 1, '0915622258', 2, 338, NULL, 'lhduong.hnm'),
(12682, 'HNM035374', 'Trần Anh Hiệp', 1, '0915386689', 2, 338, NULL, 'hiepta.hnm'),
(12683, 'HNM035337', 'Lê Công Thiềm', 1, '0919121323', 5, 156, NULL, 'thiemlc.hnm'),
(12685, 'HNM035338', 'Nguyễn Cao Thuấn', 1, '0917761969', 5, 156, NULL, 'thuannc.hnm'),
(12689, 'HNM035339', 'Trần Văn Thủy', 1, '0912032636', 5, 156, NULL, 'thuytv.hnm'),
(12691, 'HNM035336', 'ĐInh Công Huy', 1, '0913983777', 5, 156, NULL, 'dchuy.hnm'),
(12692, 'HNM035404', 'Nguyễn Trọng Tuyến', 1, '0912269077', 2, 37, NULL, 'tuyennt.hnm'),
(12694, 'HNM035118', 'Trần Xuân Tình', 1, '0912220179', 2, 338, NULL, 'tinhtx.hnm'),
(12697, 'HNM035385', 'Nguyễn Kim Dũng', 1, '0912635377', 4, 255, NULL, 'dungnk.hnm'),
(12699, 'HNM035373', 'Viên Thế Hưng', 1, '0912302783', 2, 120, NULL, 'hungvt.hnm'),
(12700, 'HNM035120', 'Nguyễn Chí Trung', 1, '0915610688', 2, 576, NULL, 'trungnc.hnm'),
(12701, 'HNM035121', 'Cao Văn Ninh', 1, '0946779893', 5, 225, NULL, 'ninhcv.hnm'),
(12702, 'HNM035354', 'Đỗ Quang Thuần', 1, '0913998108', 5, 225, NULL, 'thuandq.hnm'),
(12703, 'HNM035397', 'Phan Văn Giáp', 1, '0948090809', 2, 626, NULL, 'giappv.hnm'),
(12704, 'HNM035347', 'Nguyễn Văn Mạnh', 1, '0915066651', 5, 225, NULL, 'manhnv.hnm'),
(12705, 'HNM035344', 'Trần Vũ Dũng', 1, '0913656223', 5, 225, NULL, 'dungtv.hnm'),
(12706, 'HNM035356', 'Ngô Hồng Khanh', 1, '0916687866', 5, 644, NULL, 'khanhnh.hnm'),
(12707, 'HNM035360', 'Đỗ Tiến Tuân', 1, '0915082989', 5, 644, NULL, 'tuandt.hnm'),
(12708, 'HNM035359', 'Lê Thanh Tùng', 1, '0915577881', 5, 644, NULL, 'tunglt.hnm'),
(12709, 'HNM035346', 'Lê Hữu Hảo', 1, '0919985012', 5, 192, NULL, 'haolh.hnm'),
(12710, 'HNM035361', 'Nguyễn Hồng Thương', 1, '0913772668', 5, 192, NULL, 'thongnh.hnm'),
(12711, 'HNM035351', 'Nguyễn Hồng Phú', 1, '0916571268', 5, 192, NULL, 'phunh.hnm'),
(12712, 'HNM035348', 'Kim Văn Vĩnh', 1, '0912135919', 5, 192, NULL, 'vinhkv.hnm'),
(12713, 'HNM035324', 'Nguyễn Xuân Hòa', 1, '0915089172', 6, 598, NULL, 'hoanx.hnm'),
(12714, 'HNM035325', 'Phạm Quang Huy', 1, '0916563618', 6, 514, NULL, 'huypq.hnm'),
(12715, 'HNM035330', 'Lê Văn Hưng', 1, '0912161618', 6, 362, NULL, 'hunglv.hnm'),
(12716, 'HNM035318', 'Phạm Hồng Hải', 1, '0918651972', 6, 420, NULL, 'phhai.hnm'),
(12717, 'HNM035326', 'Vũ Mạnh Điền', 1, '0912898009', 6, 598, NULL, 'dienvm.hnm'),
(12718, 'HNM035319', 'Ngô Mậu Kế', 1, '0913386545', 6, 598, NULL, 'kenm.hnm'),
(12719, 'HNM035313', 'Nguyễn Văn Dũng', 1, '0912096555', 6, 396, NULL, 'dungnv.hnm'),
(12720, 'HNM035315', 'Bùi Ngọc Thạch', 1, '0943289009', 6, 396, NULL, 'thachbn.hnm'),
(12721, 'HNM035311', 'Nguyễn Thế Sang', 1, '0914599366', 6, 396, NULL, 'ntsang.hnm'),
(12722, 'HNM035314', 'Đoàn Xuân Huy', 1, '0913769866', 6, 396, NULL, 'huydx.hnm'),
(12723, 'HNM035310', 'Chu Văn Khoa', 1, '0916038356', 6, 420, NULL, 'khoacv.hnm'),
(12724, 'HNM035317', 'Trần Văn Tuân', 1, '0916415078', 6, 420, NULL, 'tuantv.hnm'),
(12725, 'HNM035323', 'Nguyễn Duy Toàn', 1, '0913289844', 6, 514, NULL, 'ndtoan.hnm'),
(12726, 'HNM035322', 'Vũ Việt Hưng', 1, '0912531323', 6, 514, NULL, 'hungvv.hnm'),
(12727, 'HNM035293', 'Vũ Đức Nguyên', 1, '0919713013', 4, 255, NULL, 'nguyenvd.hnm'),
(12728, 'HNM035296', 'Lê Đức Anh', 1, '0916285789', 4, 255, NULL, 'anhld.hnm'),
(12729, 'HNM035298', 'Nguyễn Hồng Hà', 1, '0916925179', 4, 255, NULL, 'hanh.hnm'),
(12730, 'HNM035304', 'Phạm Hùng Chuyển', 1, '0912761979', 4, 71, NULL, 'chuyenph.hnm'),
(12731, 'HNM035305', 'Trần Cao Khương', 1, '0919969858', 4, 71, NULL, 'khuongtc.hnm'),
(12732, 'HNM035295', 'Phạm Hồng Sơn', 1, '0912827333', 4, 136, NULL, 'sonph.hnm'),
(12733, 'HNM035299', 'Nguyễn Vũ Trường', 1, '0912632728', 4, 136, NULL, 'truongnv.hnm'),
(12734, 'HNM035303', 'Đào Văn Quyền', 1, '0912921973', 4, 59, NULL, 'quyendv.hnm'),
(12735, 'HNM035381', 'Đỗ Hồng Quang', 1, '0916020982', 2, 576, NULL, 'quangdh.hnm'),
(12736, 'HNM035401', 'Đỗ Duy Khương', 1, '0917720988', 2, 576, NULL, 'khuongdd.hnm'),
(12737, 'HNM035396', 'Trần Quốc Văn', 1, '0915369363', 2, 576, NULL, 'vantq.hnm'),
(12738, 'HNM035392', 'Trần Văn Thịnh', 1, '0913388518', 2, 120, NULL, 'thinhtv.hnm'),
(12739, 'HNM035390', 'Trương Tuấn Phong', 1, '0915659398', 2, 37, NULL, 'phongtt.hnm'),
(12740, 'HNM035436', 'Vũ Thanh Giang', 1, '0833831666', 3, 318, NULL, 'giangvt.hnm'),
(12741, 'HNM035343', 'Nguyễn Quang Tuyến', 1, '0912577181', 5, 156, NULL, 'nvtuyen.hnm'),
(12742, 'thuannq.hnm', 'Nguyễn Quang Thuần', 1, '11111', 5, 225, NULL, 'thuannq.hnm'),
(12743, 'HNM035482', 'Nguyễn Mạnh Cường', 1, '0888132882', 3, 25268, NULL, 'cuongnm.hnm'),
(12744, 'phutv.hnm', 'Tạ Văn Phú', 1, '0912548399', 666, 667, NULL, 'phutv.hnm'),
(12745, 'quanghuy.hnm', 'Nguyễn Quang Huy', 1, '0915610999', 666, 667, NULL, 'quanghuy.hnm'),
(12746, 'hainx.hnm', 'Nguyễn Xuân Hải', 1, '0912220277', 666, 667, NULL, 'hainx.hnm'),
(12748, 'namdh.hnm', 'Dương Hải Nam', 1, '0941903567', 666, 667, NULL, 'namdh.hnm'),
(12749, 'anhtq.hnm', 'Trần Quang Anh', 1, '0917293399', 666, 667, NULL, 'anhtq.hnm'),
(12751, 'khanhnt.hnm', 'Nguyễn Trong Khánh', 1, '0913289862', 666, 660, NULL, 'khanhnt.hnm'),
(12752, 'HNM035309', 'Phạm Việt Cường', 1, '0848908999', 6, 612, NULL, 'cuongpv.hnm'),
(12753, 'HNM035365', 'Nguyễn Văn Thơ', 1, '0913549793', 5, 25264, NULL, 'thonv.hnm'),
(12754, 'HNM035307', 'Lương Ngọc Thắng', 1, '0912061979', 4, 25267, NULL, 'thangln.hnm'),
(12776, 'nhaict.hnm', 'Cao Thị Nhài', 1, '11111', 666, 25270, NULL, 'nhaict.hnm'),
(12777, 'HNM035280', 'Phạm Minh Nguyệt', 1, '0913168199', 4, 25267, NULL, 'nguyetpm.hnm'),
(12778, 'HNM035334', 'Phạm Thị Minh', 1, '0912608222', 5, 25264, NULL, 'minhpt.hnm'),
(12781, 'dungkt.hnm', 'Kim Thị Dung', 1, '0943275666', 2, 25269, NULL, 'dungkt.hnm'),
(12792, 'daind.hnm', 'Nguyễn Đức Đại', 1, '0912444289', 666, 25270, NULL, 'daind.hnm'),
(13641, 'toinv.hnm', 'Nguyễn Văn Tới', 1, '03508400303', 666, 668, NULL, 'toinv.hnm'),
(13844, 'HNM035493', 'Trương Quang Soát', 1, '0888801118', 4, 71, NULL, 'soattq.hnm');

-- --------------------------------------------------------

--
-- Cấu trúc bảng cho bảng `nhomtbi`
--

DROP TABLE IF EXISTS `nhomtbi`;
CREATE TABLE IF NOT EXISTS `nhomtbi` (
  `ID_NHOM` int(11) NOT NULL AUTO_INCREMENT,
  `MA_NHOM` varchar(32) NOT NULL,
  `TEN_NHOM` varchar(255) DEFAULT NULL,
  PRIMARY KEY (`ID_NHOM`)
) ENGINE=InnoDB AUTO_INCREMENT=17 DEFAULT CHARSET=utf8;

--
-- Đang đổ dữ liệu cho bảng `nhomtbi`
--

INSERT INTO `nhomtbi` (`ID_NHOM`, `MA_NHOM`, `TEN_NHOM`) VALUES
(1, 'MAY_NO', 'Máy nổ'),
(2, 'NGUON_AC_LUOI', 'Nguồn điện lưới AC'),
(3, 'ON_AP', 'Ổn áp'),
(4, 'DIEU_HOA', 'Điều hòa'),
(5, 'TU_NGUON', 'Tủ nguồn'),
(6, 'ACCU', 'Ắc quy'),
(7, 'OLT', 'OLT'),
(8, 'MAN-E', 'MAN-E'),
(9, 'SDH', 'SDH'),
(10, 'L2SW', 'Switch Layer 2'),
(11, 'NTTM', 'Nhà trạm thông minh'),
(12, 'TIEP_DAT', 'Hệ thống tiếp đất'),
(13, 'KNNT', 'Kiểm tra nhà trạm'),
(14, '234G', 'Thiết bị BTS/nodeB/eNodeB'),
(15, 'PDH', 'PDH'),
(16, 'DSLAM', 'DSLAM');

-- --------------------------------------------------------

--
-- Cấu trúc bảng cho bảng `noidungbaotrinhomtbi`
--

DROP TABLE IF EXISTS `noidungbaotrinhomtbi`;
CREATE TABLE IF NOT EXISTS `noidungbaotrinhomtbi` (
  `ID_NHOM` int(11) NOT NULL,
  `MA_NOIDUNG` varchar(32) NOT NULL,
  `NOIDUNG` varchar(255) NOT NULL,
  `CHUKY` int(11) NOT NULL,
  `QLTRAM` tinyint(1) NOT NULL,
  `YEUCAUNHAP` varchar(255) NOT NULL DEFAULT '0',
  `IS_PARENT` tinyint(4) NOT NULL DEFAULT '0',
  `ID_PARENT` varchar(32) DEFAULT NULL,
  `IMAGES` tinyint(4) NOT NULL DEFAULT '0',
  `SAMPLE_RESULT` text,
  PRIMARY KEY (`MA_NOIDUNG`),
  KEY `FK_ND_NHOM` (`ID_NHOM`),
  KEY `CHUKY` (`CHUKY`)
) ENGINE=InnoDB DEFAULT CHARSET=utf8;

--
-- Đang đổ dữ liệu cho bảng `noidungbaotrinhomtbi`
--

INSERT INTO `noidungbaotrinhomtbi` (`ID_NHOM`, `MA_NOIDUNG`, `NOIDUNG`, `CHUKY`, `QLTRAM`, `YEUCAUNHAP`, `IS_PARENT`, `ID_PARENT`, `IMAGES`, `SAMPLE_RESULT`) VALUES
(2, 'AC0001', 'Kiểm tra độ an toàn đường dây AC điện lưới vào trạm', 1, 0, '0', 0, NULL, 0, NULL),
(2, 'AC0002', 'Đo điện áp vào', 12, 0, 'Nhập điện áp', 0, NULL, 0, NULL),
(6, 'ACCU0001', 'Vệ sinh bên ngoài tổ Accu', 1, 0, '0', 0, NULL, 0, NULL),
(6, 'ACCU0002', 'Kiểm tra độ chắc chắn các đầu cọc Accu với dây cầu', 1, 0, '0', 0, NULL, 0, NULL),
(6, 'ACCU0003', 'Xả thử Accu', 1, 0, 'Nhập thời gian xả', 0, NULL, 0, NULL),
(4, 'DH0001', 'Kiểm tra chạy thử máy', 1, 0, '0', 0, NULL, 0, NULL),
(4, 'DH0002', 'Vệ sinh máy', 6, 0, '0', 0, NULL, 0, NULL),
(4, 'DH0003', 'Nộp bổ sung ga', 12, 0, '0', 0, NULL, 0, NULL),
(14, 'INDOOR30001', 'Tình trạng các đầu connector RF', 12, 0, '0', 0, NULL, 0, NULL),
(14, 'INDOOR30002', 'Điện trở Tiếp đất/Chống sét cho thiết bị BTS (Ω)', 12, 0, '0', 0, NULL, 0, NULL),
(14, 'INDOOR30003', 'Điện trở Tiếp đất/Chống sét cho thiết bị nguồn (Ω)', 12, 0, '0', 0, NULL, 0, NULL),
(14, 'INDOOR30004', 'Điện trở Tiếp đất/Chống sét cho cầu cáp (Ω)', 12, 0, '0', 0, NULL, 0, NULL),
(14, 'INDOOR30005', 'Điện áp nguồn xoay chiều 1 pha (V)', 12, 0, '0', 0, NULL, 0, NULL),
(14, 'INDOOR30006', 'Điện áp nguồn xoay chiều 3 pha (V)', 12, 0, '0', 0, NULL, 0, NULL),
(14, 'INDOOR30007', 'Thời gian đáp ứng thực tế của Accu (phút)', 12, 0, '0', 0, NULL, 0, NULL),
(14, 'INDOOR30008', 'Hệ thống cảnh báo ngoài', 12, 0, '0', 0, NULL, 0, NULL),
(14, 'INDOOR30009', 'Khớp nối Feeder, đầu connector, Jumper, dây_quang,...', 12, 0, '0', 0, NULL, 0, NULL),
(13, 'KTNT_0001', 'Kiểm tra, vệ sinh khuôn viên nhà trạm', 1, 1, '0', 0, NULL, 0, NULL),
(13, 'KTNT_0002', 'Kiểm tra qui chuẩn, vệ sinh phòng máy', 1, 1, '0', 0, NULL, 0, NULL),
(13, 'KTNT_0003', 'Bảo dưỡng máy nổ, vệ sinh phòng máy nổ', 1, 1, '0', 0, NULL, 0, NULL),
(13, 'KTNT_0004', 'Kiểm tra hệ thống PCCC', 1, 1, '0', 0, NULL, 0, NULL),
(13, 'KTNT_0005', 'Kiểm tra hệ thống trụ anten', 1, 1, '0', 0, NULL, 0, NULL),
(13, 'KTNT_0006', 'Kiểm tra hệ thống tiếp đất, chống sét', 1, 1, '0', 0, NULL, 0, NULL),
(13, 'KTNT_0007', 'Kiểm tra cảnh báo mất AC', 1, 1, '0', 0, NULL, 0, NULL),
(8, 'MAN0001', 'Kiểm tra nhiệt độ thiết bị', 0, 0, 'Nhập nhiệt độ', 0, NULL, 0, NULL),
(8, 'MAN0002', 'Kiểm tra môi trường phòng máy', 1, 1, '0', 0, NULL, 0, NULL),
(8, 'MAN0003', 'Kiểm tra nguồn thiết bị', 1, 1, '0', 0, NULL, 0, NULL),
(8, 'MAN0004', 'Kiểm tra đấu nối cáp tín hiệu, dây quang.', 1, 1, '0', 0, NULL, 0, NULL),
(8, 'MAN0005', 'Kiểm tra đấu nối đất.', 1, 1, '0', 0, NULL, 0, NULL),
(8, 'MAN0006', 'Cố định thiết bị vào rack chắc chắn.', 1, 1, '0', 0, NULL, 0, NULL),
(8, 'MAN0007', 'Vệ sinh bụi bẩn hoặc hút bụi trên bề mặt rack, thiết bị, card, quạt thông gió.', 1, 1, '0', 0, NULL, 0, NULL),
(8, 'MAN0008', 'Vệ sinh phòng máy, hút bụi trên sàn và dưới sàn phòng máy.', 1, 1, '0', 0, NULL, 0, NULL),
(8, 'MAN0009', 'Vệ sinh công nghiệp lọc gió.', 3, 1, '0', 0, NULL, 0, NULL),
(8, 'MAN0010', 'Vệ sinh công nghiệp toàn bộ thiết bị UPE', 3, 0, '0', 0, NULL, 0, NULL),
(8, 'MAN0011', 'Vệ sinh công nghiệp toàn bộ thiết bị PE-AGG, NPE căn cứ hiện trạng thiết bị và các cảnh báo liên quan đến môi trường, nhiệt độ...', 3, 0, 'Nhập các cảnh báo liên quan đến môi trường, nhiệt độ...', 0, NULL, 0, NULL),
(1, 'MN0001', 'Kiểm tra dầu, nhớt', 1, 0, '0', 0, NULL, 0, NULL),
(1, 'MN0002', 'Kiểm tra bơm dầu', 1, 0, '0', 0, NULL, 0, NULL),
(1, 'MN0003', 'Kiểm tra bình nước làm mát', 1, 0, '0', 0, NULL, 0, NULL),
(1, 'MN0004', 'Kiểm tra điện áp Accu', 1, 0, '0', 0, NULL, 0, NULL),
(1, 'MN0005', 'Chạy thử máy phát điện', 1, 0, '0', 0, NULL, 0, NULL),
(1, 'MN0006', 'Kiểm thử bộ chuyển đổi nguồn tự động ATS', 1, 0, '0', 0, NULL, 0, NULL),
(1, 'MN0007', 'Vệ sinh/thay thế lọc gió', 6, 0, '0', 0, NULL, 0, NULL),
(1, 'MN0008', 'Vệ sinh/thay thế lọc dầu', 6, 0, '0', 0, NULL, 0, NULL),
(1, 'MN0009', 'Thay nhớt động cơ', 12, 0, '0', 0, NULL, 0, NULL),
(11, 'NTTM0001', 'Kiểm tra vệ sinh thiết bị', 3, 0, '0', 0, NULL, 0, NULL),
(11, 'NTTM0002', 'Kiểm thử các cảm biến, điều khiển', 3, 0, '0', 0, NULL, 0, NULL),
(3, 'OA0001', 'Vệ sinh công nghiệp ', 1, 0, '0', 0, NULL, 0, NULL),
(3, 'OA0002', 'Kiểm tra điện áp vào/ra', 1, 0, 'Nhập điện áp', 0, NULL, 0, NULL),
(7, 'OLT0001', 'Vệ sinh bên ngoài thiết bị', 1, 0, '0', 0, NULL, 0, NULL),
(7, 'OLT0002', 'Vệ sinh quạt', 1, 0, '0', 0, NULL, 0, NULL),
(7, 'OLT0003', 'Kiểm tra tiếp đất thiết bị', 1, 0, '0', 0, NULL, 0, NULL),
(7, 'OLT0004', 'Kiểm tra độ chắc chắn, an toàn đầu nối nguồn', 1, 0, '0', 0, NULL, 0, NULL),
(7, 'OLT0005', 'Kiểm tra nhãn các sợi quang trên thiết bị', 1, 0, '0', 0, NULL, 0, NULL),
(14, 'OUTDOOR0001', 'Độ che phủ của kim thu lôi (phủ hết anten trong góc 45°)', 12, 0, '0', 0, NULL, 0, NULL),
(14, 'OUTDOOR0002', 'Các điểm đấu nối của hệ thống thu lôi với đất chung của trạm', 12, 0, '0', 0, NULL, 0, NULL),
(14, 'OUTDOOR0003', 'Các mối nối giữa tổ đất bảo vệ và đất công tác', 12, 0, '0', 0, NULL, 0, NULL),
(14, 'OUTDOOR0004', 'Mối hàn dây đất với kim thu sét', 12, 0, '0', 0, NULL, 0, NULL),
(14, 'OUTDOOR0005', 'Tiếp đất Feeder (3 điểm: trước khi vào trạm, trước khi đấu vào anten, trước khi rời cột); Tiếp đất cho RRU', 12, 0, '0', 0, NULL, 0, NULL),
(14, 'OUTDOOR0006', 'Dây tiếp đất (có dự phòng co dãn 10cm và được uốn cong xuống dưới)', 12, 0, '0', 0, NULL, 0, NULL),
(14, 'OUTDOOR0007', 'Giá trị điện trở đất ở bảng đất Outdoor theo phương pháp đo 3 điểm (Ω)', 12, 0, '0', 0, NULL, 0, NULL),
(14, 'OUTDOOR0008', 'Tình trạng đấu đất của van chống sét feeder (Protector Feeder)', 12, 0, '0', 0, NULL, 0, NULL),
(14, 'OUTDOOR0009', 'Dây thoát sét của bảng đất Indoor: vật liệu, kích cỡ', 12, 0, '0', 0, NULL, 0, NULL),
(14, 'OUTDOOR0010', 'Dây thoát sét của bảng đất Outdoor: vật liệu, kích cỡ', 12, 0, '0', 0, NULL, 0, NULL),
(14, 'OUTDOOR0011', 'Êcu/Bulông tiếp đất tại các bảng tiếp đất trong và ngoài phòng máy', 12, 0, '0', 0, NULL, 0, NULL),
(14, 'OUTDOOR0012', 'Kiểm tra các thông số lắp đặt của anten', 12, 0, '0', 0, NULL, 0, NULL),
(14, 'OUTDOOR0013', 'Kiểm tra bộ gá của Anten', 12, 0, '0', 0, NULL, 0, NULL),
(14, 'OUTDOOR0014', 'Bề mặt ngoài của các anten trong một Sector: độ song song, hiện tượng vỡ, cong,…', 12, 0, '0', 0, NULL, 0, NULL),
(14, 'OUTDOOR0015', 'Các khớp nối Feeder, đầu connector, Jumper, dây quang,…', 12, 0, '0', 0, NULL, 0, NULL),
(9, 'SDH0001', 'Vệ sinh bên ngoài thiết bị', 1, 0, '0', 0, NULL, 0, NULL),
(9, 'SDH0002', 'Vệ sinh quạt (đối với SMC 1660, 1662)', 1, 0, '0', 0, NULL, 0, NULL),
(9, 'SDH0003', 'Kiểm tra tiếp đất thiết bị', 1, 0, '0', 0, NULL, 0, NULL),
(9, 'SDH0004', 'Kiểm tra độ chắc chắn, an toàn đầu nối nguồn', 1, 0, '0', 0, NULL, 0, NULL),
(9, 'SDH0005', 'Kiểm tra nhãn các sợi quang trên thiết bị', 1, 0, '0', 0, NULL, 0, NULL),
(10, 'SW0001', 'Vệ sinh bên ngoài thiết bị', 1, 0, '0', 0, NULL, 0, NULL),
(10, 'SW0002', 'Vệ sinh quạt', 1, 0, '0', 0, NULL, 0, NULL),
(10, 'SW0003', 'Kiểm tra tiếp đất thiết bị', 1, 0, '0', 0, NULL, 0, NULL),
(10, 'SW0004', 'Kiểm tra độ chắc chắn, an toàn đầu nối nguồn', 1, 0, '0', 0, NULL, 0, NULL),
(12, 'TD0001', 'Kiểm tra bảo dưỡng kim thu lôi', 1, 0, '0', 0, '', 1, ''),
(12, 'TD0002', 'Kiểm tra dây thoát sét', 1, 0, '0', 0, '', 0, ''),
(12, 'TD0006', 'Đo điện trở đất', 1, 0, '0', 1, '', 0, ''),
(12, 'TD0006-1', 'Đo điện trở tại tổ đất (chân cột anten)', 1, 0, 'Nhập điện trở đất tại tổ đất  (Ω) < 10 Ω', 0, 'TD0006', 1, ''),
(12, 'TD0006-2', 'Đo abasbdcbsa', 1, 0, 'Nhập kết quả đo', 0, 'TD0006', 1, 'Điểm 1: \r\nĐiểm 2: '),
(5, 'TN0001', 'Vệ sinh bên ngoài thiết bị', 1, 0, '0', 0, NULL, 0, NULL),
(5, 'TN0002', 'Kiểm tra cảnh báo AC', 1, 0, '0', 0, NULL, 0, NULL),
(5, 'TN0003', 'Kiểm tra tình trạng hoạt động các recttifier', 1, 0, 'Nhập số rectifier hoạt động/hỏng', 0, NULL, 0, NULL),
(5, 'TN0004', 'Kiểm tra dòng tải', 1, 0, 'Nhập dòng tải tiêu thụ\r\n', 0, NULL, 0, NULL),
(5, 'TN0005', 'Kiểm tra tình trạng card điều khiển', 1, 0, '0', 0, NULL, 0, NULL),
(5, 'TN0006', 'Vệ sinh bên trong thiết bị', 12, 0, '0', 0, NULL, 0, NULL);

-- --------------------------------------------------------

--
-- Cấu trúc bảng cho bảng `noidungcongviec`
--

DROP TABLE IF EXISTS `noidungcongviec`;
CREATE TABLE IF NOT EXISTS `noidungcongviec` (
  `ID_DOTBD` int(11) NOT NULL,
  `ID_THIETBI` int(11) NOT NULL,
  `MA_NOIDUNG` varchar(32) NOT NULL,
  `GHICHU` text,
  `KIENNGHI` text,
  `TRANGTHAI` varchar(32) DEFAULT NULL,
  `ID_NHANVIEN` int(10) UNSIGNED NOT NULL,
  `KETQUA` varchar(32) DEFAULT NULL,
  `SOLIEUTHUCTE` text,
  `KETQUAXULY` varchar(32) DEFAULT NULL,
  `ANH` varchar(255) DEFAULT NULL,
  PRIMARY KEY (`ID_DOTBD`,`ID_THIETBI`,`MA_NOIDUNG`) USING BTREE,
  KEY `fk_cv_tbi` (`ID_THIETBI`),
  KEY `fk_cv_nd` (`MA_NOIDUNG`),
  KEY `fk_cv_nv` (`ID_NHANVIEN`)
) ENGINE=InnoDB DEFAULT CHARSET=utf8;

--
-- Đang đổ dữ liệu cho bảng `noidungcongviec`
--

INSERT INTO `noidungcongviec` (`ID_DOTBD`, `ID_THIETBI`, `MA_NOIDUNG`, `GHICHU`, `KIENNGHI`, `TRANGTHAI`, `ID_NHANVIEN`, `KETQUA`, `SOLIEUTHUCTE`, `KETQUAXULY`, `ANH`) VALUES
(2, 3, 'MAN0002', NULL, NULL, 'hoan_thanh', 115, 'dat', NULL, NULL, NULL),
(2, 3, 'MAN0007', NULL, NULL, 'hoan_thanh', 115, 'dat', NULL, NULL, NULL),
(2, 3, 'MAN0008', NULL, NULL, 'hoan_thanh', 115, 'dat', NULL, NULL, NULL),
(2, 3, 'MAN0009', NULL, NULL, 'hoan_thanh', 115, 'dat', NULL, NULL, NULL),
(3, 312, 'INDOOR30001', NULL, NULL, NULL, 0, NULL, NULL, NULL, NULL),
(3, 312, 'INDOOR30002', NULL, NULL, NULL, 0, NULL, NULL, NULL, NULL),
(3, 312, 'INDOOR30003', NULL, NULL, NULL, 0, NULL, NULL, NULL, NULL),
(3, 312, 'INDOOR30004', NULL, NULL, NULL, 0, NULL, NULL, NULL, NULL),
(3, 312, 'INDOOR30005', NULL, NULL, NULL, 0, NULL, NULL, NULL, NULL),
(3, 312, 'INDOOR30006', NULL, NULL, NULL, 0, NULL, NULL, NULL, NULL),
(3, 312, 'INDOOR30007', NULL, NULL, NULL, 0, NULL, NULL, NULL, NULL),
(3, 312, 'INDOOR30008', NULL, NULL, NULL, 0, NULL, NULL, NULL, NULL),
(3, 312, 'INDOOR30009', NULL, NULL, NULL, 0, NULL, NULL, NULL, NULL),
(3, 510, 'INDOOR30001', NULL, NULL, NULL, 0, NULL, NULL, NULL, NULL),
(3, 510, 'INDOOR30002', NULL, NULL, NULL, 0, NULL, NULL, NULL, NULL),
(3, 510, 'INDOOR30003', NULL, NULL, NULL, 0, NULL, NULL, NULL, NULL),
(3, 510, 'INDOOR30004', NULL, NULL, NULL, 0, NULL, NULL, NULL, NULL),
(3, 510, 'INDOOR30005', NULL, NULL, NULL, 0, NULL, NULL, NULL, NULL),
(3, 510, 'INDOOR30006', NULL, NULL, NULL, 0, NULL, NULL, NULL, NULL),
(3, 510, 'INDOOR30007', NULL, NULL, NULL, 0, NULL, NULL, NULL, NULL),
(3, 510, 'INDOOR30008', NULL, NULL, NULL, 0, NULL, NULL, NULL, NULL),
(3, 510, 'INDOOR30009', NULL, NULL, NULL, 0, NULL, NULL, NULL, NULL),
(3, 738, 'INDOOR30001', NULL, NULL, NULL, 0, NULL, NULL, NULL, NULL),
(3, 738, 'INDOOR30002', NULL, NULL, NULL, 0, NULL, NULL, NULL, NULL),
(3, 738, 'INDOOR30003', NULL, NULL, NULL, 0, NULL, NULL, NULL, NULL),
(3, 738, 'INDOOR30004', NULL, NULL, NULL, 0, NULL, NULL, NULL, NULL),
(3, 738, 'INDOOR30005', NULL, NULL, NULL, 0, NULL, NULL, NULL, NULL),
(3, 738, 'INDOOR30006', NULL, NULL, NULL, 0, NULL, NULL, NULL, NULL),
(3, 738, 'INDOOR30007', NULL, NULL, NULL, 0, NULL, NULL, NULL, NULL),
(3, 738, 'INDOOR30008', NULL, NULL, NULL, 0, NULL, NULL, NULL, NULL),
(3, 738, 'INDOOR30009', NULL, NULL, NULL, 0, NULL, NULL, NULL, NULL),
(3, 739, 'INDOOR30001', NULL, NULL, NULL, 0, NULL, NULL, NULL, NULL),
(3, 739, 'INDOOR30002', NULL, NULL, NULL, 0, NULL, NULL, NULL, NULL),
(3, 739, 'INDOOR30003', NULL, NULL, NULL, 0, NULL, NULL, NULL, NULL),
(3, 739, 'INDOOR30004', NULL, NULL, NULL, 0, NULL, NULL, NULL, NULL),
(3, 739, 'INDOOR30005', NULL, NULL, NULL, 0, NULL, NULL, NULL, NULL),
(3, 739, 'INDOOR30006', NULL, NULL, NULL, 0, NULL, NULL, NULL, NULL),
(3, 739, 'INDOOR30007', NULL, NULL, NULL, 0, NULL, NULL, NULL, NULL),
(3, 739, 'INDOOR30008', NULL, NULL, NULL, 0, NULL, NULL, NULL, NULL),
(3, 739, 'INDOOR30009', NULL, NULL, NULL, 0, NULL, NULL, NULL, NULL),
(3, 953, 'INDOOR30001', NULL, NULL, NULL, 0, NULL, NULL, NULL, NULL),
(3, 953, 'INDOOR30002', NULL, NULL, NULL, 0, NULL, NULL, NULL, NULL),
(3, 953, 'INDOOR30003', NULL, NULL, NULL, 0, NULL, NULL, NULL, NULL),
(3, 953, 'INDOOR30004', NULL, NULL, NULL, 0, NULL, NULL, NULL, NULL),
(3, 953, 'INDOOR30005', NULL, NULL, NULL, 0, NULL, NULL, NULL, NULL),
(3, 953, 'INDOOR30006', NULL, NULL, NULL, 0, NULL, NULL, NULL, NULL),
(3, 953, 'INDOOR30007', NULL, NULL, NULL, 0, NULL, NULL, NULL, NULL),
(3, 953, 'INDOOR30008', NULL, NULL, NULL, 0, NULL, NULL, NULL, NULL),
(3, 953, 'INDOOR30009', NULL, NULL, NULL, 0, NULL, NULL, NULL, NULL),
(4, 313, 'INDOOR30001', NULL, NULL, NULL, 0, NULL, NULL, NULL, NULL),
(4, 313, 'INDOOR30002', NULL, NULL, NULL, 0, NULL, NULL, NULL, NULL),
(4, 313, 'INDOOR30003', NULL, NULL, NULL, 0, NULL, NULL, NULL, NULL),
(4, 313, 'INDOOR30004', NULL, NULL, NULL, 0, NULL, NULL, NULL, NULL),
(4, 313, 'INDOOR30005', NULL, NULL, NULL, 0, NULL, NULL, NULL, NULL),
(4, 313, 'INDOOR30006', NULL, NULL, NULL, 0, NULL, NULL, NULL, NULL),
(4, 313, 'INDOOR30007', NULL, NULL, NULL, 0, NULL, NULL, NULL, NULL),
(4, 313, 'INDOOR30008', NULL, NULL, NULL, 0, NULL, NULL, NULL, NULL),
(4, 313, 'INDOOR30009', NULL, NULL, NULL, 0, NULL, NULL, NULL, NULL),
(4, 511, 'INDOOR30001', NULL, NULL, NULL, 0, NULL, NULL, NULL, NULL),
(4, 511, 'INDOOR30002', NULL, NULL, NULL, 0, NULL, NULL, NULL, NULL),
(4, 511, 'INDOOR30003', NULL, NULL, NULL, 0, NULL, NULL, NULL, NULL),
(4, 511, 'INDOOR30004', NULL, NULL, NULL, 0, NULL, NULL, NULL, NULL),
(4, 511, 'INDOOR30005', NULL, NULL, NULL, 0, NULL, NULL, NULL, NULL),
(4, 511, 'INDOOR30006', NULL, NULL, NULL, 0, NULL, NULL, NULL, NULL),
(4, 511, 'INDOOR30007', NULL, NULL, NULL, 0, NULL, NULL, NULL, NULL),
(4, 511, 'INDOOR30008', NULL, NULL, NULL, 0, NULL, NULL, NULL, NULL),
(4, 511, 'INDOOR30009', NULL, NULL, NULL, 0, NULL, NULL, NULL, NULL),
(4, 740, 'INDOOR30001', NULL, NULL, NULL, 0, NULL, NULL, NULL, NULL),
(4, 740, 'INDOOR30002', NULL, NULL, NULL, 0, NULL, NULL, NULL, NULL),
(4, 740, 'INDOOR30003', NULL, NULL, NULL, 0, NULL, NULL, NULL, NULL),
(4, 740, 'INDOOR30004', NULL, NULL, NULL, 0, NULL, NULL, NULL, NULL),
(4, 740, 'INDOOR30005', NULL, NULL, NULL, 0, NULL, NULL, NULL, NULL),
(4, 740, 'INDOOR30006', NULL, NULL, NULL, 0, NULL, NULL, NULL, NULL),
(4, 740, 'INDOOR30007', NULL, NULL, NULL, 0, NULL, NULL, NULL, NULL),
(4, 740, 'INDOOR30008', NULL, NULL, NULL, 0, NULL, NULL, NULL, NULL),
(4, 740, 'INDOOR30009', NULL, NULL, NULL, 0, NULL, NULL, NULL, NULL),
(5, 314, 'INDOOR30001', NULL, NULL, NULL, 0, NULL, NULL, NULL, NULL),
(5, 314, 'INDOOR30002', NULL, NULL, NULL, 0, NULL, NULL, NULL, NULL),
(5, 314, 'INDOOR30003', NULL, NULL, NULL, 0, NULL, NULL, NULL, NULL),
(5, 314, 'INDOOR30004', NULL, NULL, NULL, 0, NULL, NULL, NULL, NULL),
(5, 314, 'INDOOR30005', NULL, NULL, NULL, 0, NULL, NULL, NULL, NULL),
(5, 314, 'INDOOR30006', NULL, NULL, NULL, 0, NULL, NULL, NULL, NULL),
(5, 314, 'INDOOR30007', NULL, NULL, NULL, 0, NULL, NULL, NULL, NULL),
(5, 314, 'INDOOR30008', NULL, NULL, NULL, 0, NULL, NULL, NULL, NULL),
(5, 314, 'INDOOR30009', NULL, NULL, NULL, 0, NULL, NULL, NULL, NULL),
(5, 512, 'INDOOR30001', NULL, NULL, NULL, 0, NULL, NULL, NULL, NULL),
(5, 512, 'INDOOR30002', NULL, NULL, NULL, 0, NULL, NULL, NULL, NULL),
(5, 512, 'INDOOR30003', NULL, NULL, NULL, 0, NULL, NULL, NULL, NULL),
(5, 512, 'INDOOR30004', NULL, NULL, NULL, 0, NULL, NULL, NULL, NULL),
(5, 512, 'INDOOR30005', NULL, NULL, NULL, 0, NULL, NULL, NULL, NULL),
(5, 512, 'INDOOR30006', NULL, NULL, NULL, 0, NULL, NULL, NULL, NULL),
(5, 512, 'INDOOR30007', NULL, NULL, NULL, 0, NULL, NULL, NULL, NULL),
(5, 512, 'INDOOR30008', NULL, NULL, NULL, 0, NULL, NULL, NULL, NULL),
(5, 512, 'INDOOR30009', NULL, NULL, NULL, 0, NULL, NULL, NULL, NULL),
(5, 741, 'INDOOR30001', NULL, NULL, NULL, 0, NULL, NULL, NULL, NULL),
(5, 741, 'INDOOR30002', NULL, NULL, NULL, 0, NULL, NULL, NULL, NULL),
(5, 741, 'INDOOR30003', NULL, NULL, NULL, 0, NULL, NULL, NULL, NULL),
(5, 741, 'INDOOR30004', NULL, NULL, NULL, 0, NULL, NULL, NULL, NULL),
(5, 741, 'INDOOR30005', NULL, NULL, NULL, 0, NULL, NULL, NULL, NULL),
(5, 741, 'INDOOR30006', NULL, NULL, NULL, 0, NULL, NULL, NULL, NULL),
(5, 741, 'INDOOR30007', NULL, NULL, NULL, 0, NULL, NULL, NULL, NULL),
(5, 741, 'INDOOR30008', NULL, NULL, NULL, 0, NULL, NULL, NULL, NULL),
(5, 741, 'INDOOR30009', NULL, NULL, NULL, 0, NULL, NULL, NULL, NULL),
(6, 315, 'INDOOR30001', NULL, NULL, NULL, 0, NULL, NULL, NULL, NULL),
(6, 315, 'INDOOR30002', NULL, NULL, NULL, 0, NULL, NULL, NULL, NULL),
(6, 315, 'INDOOR30003', NULL, NULL, NULL, 0, NULL, NULL, NULL, NULL),
(6, 315, 'INDOOR30004', NULL, NULL, NULL, 0, NULL, NULL, NULL, NULL),
(6, 315, 'INDOOR30005', NULL, NULL, NULL, 0, NULL, NULL, NULL, NULL),
(6, 315, 'INDOOR30006', NULL, NULL, NULL, 0, NULL, NULL, NULL, NULL),
(6, 315, 'INDOOR30007', NULL, NULL, NULL, 0, NULL, NULL, NULL, NULL),
(6, 315, 'INDOOR30008', NULL, NULL, NULL, 0, NULL, NULL, NULL, NULL),
(6, 315, 'INDOOR30009', NULL, NULL, NULL, 0, NULL, NULL, NULL, NULL),
(6, 513, 'INDOOR30001', NULL, NULL, NULL, 0, NULL, NULL, NULL, NULL),
(6, 513, 'INDOOR30002', NULL, NULL, NULL, 0, NULL, NULL, NULL, NULL),
(6, 513, 'INDOOR30003', NULL, NULL, NULL, 0, NULL, NULL, NULL, NULL),
(6, 513, 'INDOOR30004', NULL, NULL, NULL, 0, NULL, NULL, NULL, NULL),
(6, 513, 'INDOOR30005', NULL, NULL, NULL, 0, NULL, NULL, NULL, NULL),
(6, 513, 'INDOOR30006', NULL, NULL, NULL, 0, NULL, NULL, NULL, NULL),
(6, 513, 'INDOOR30007', NULL, NULL, NULL, 0, NULL, NULL, NULL, NULL),
(6, 513, 'INDOOR30008', NULL, NULL, NULL, 0, NULL, NULL, NULL, NULL),
(6, 513, 'INDOOR30009', NULL, NULL, NULL, 0, NULL, NULL, NULL, NULL),
(6, 742, 'INDOOR30001', NULL, NULL, NULL, 0, NULL, NULL, NULL, NULL),
(6, 742, 'INDOOR30002', NULL, NULL, NULL, 0, NULL, NULL, NULL, NULL),
(6, 742, 'INDOOR30003', NULL, NULL, NULL, 0, NULL, NULL, NULL, NULL),
(6, 742, 'INDOOR30004', NULL, NULL, NULL, 0, NULL, NULL, NULL, NULL),
(6, 742, 'INDOOR30005', NULL, NULL, NULL, 0, NULL, NULL, NULL, NULL),
(6, 742, 'INDOOR30006', NULL, NULL, NULL, 0, NULL, NULL, NULL, NULL),
(6, 742, 'INDOOR30007', NULL, NULL, NULL, 0, NULL, NULL, NULL, NULL),
(6, 742, 'INDOOR30008', NULL, NULL, NULL, 0, NULL, NULL, NULL, NULL),
(6, 742, 'INDOOR30009', NULL, NULL, NULL, 0, NULL, NULL, NULL, NULL),
(7, 316, 'INDOOR30001', NULL, NULL, NULL, 120, NULL, NULL, NULL, NULL),
(7, 316, 'INDOOR30002', NULL, NULL, NULL, 120, NULL, NULL, NULL, NULL),
(7, 316, 'INDOOR30003', NULL, NULL, NULL, 120, NULL, NULL, NULL, NULL),
(7, 316, 'INDOOR30004', NULL, NULL, NULL, 120, NULL, NULL, NULL, NULL),
(7, 316, 'INDOOR30005', NULL, NULL, NULL, 120, NULL, NULL, NULL, NULL),
(7, 316, 'INDOOR30006', NULL, NULL, NULL, 120, NULL, NULL, NULL, NULL),
(7, 316, 'INDOOR30007', NULL, NULL, NULL, 120, NULL, NULL, NULL, NULL),
(7, 316, 'INDOOR30008', NULL, NULL, NULL, 120, NULL, NULL, NULL, NULL),
(7, 316, 'INDOOR30009', NULL, NULL, NULL, 120, NULL, NULL, NULL, NULL),
(7, 514, 'INDOOR30001', NULL, NULL, NULL, 120, NULL, NULL, NULL, NULL),
(7, 514, 'INDOOR30002', NULL, NULL, NULL, 120, NULL, NULL, NULL, NULL),
(7, 514, 'INDOOR30003', NULL, NULL, NULL, 120, NULL, NULL, NULL, NULL),
(7, 514, 'INDOOR30004', NULL, NULL, NULL, 120, NULL, NULL, NULL, NULL),
(7, 514, 'INDOOR30005', NULL, NULL, NULL, 120, NULL, NULL, NULL, NULL),
(7, 514, 'INDOOR30006', NULL, NULL, NULL, 120, NULL, NULL, NULL, NULL),
(7, 514, 'INDOOR30007', NULL, NULL, NULL, 120, NULL, NULL, NULL, NULL),
(7, 514, 'INDOOR30008', NULL, NULL, NULL, 120, NULL, NULL, NULL, NULL),
(7, 514, 'INDOOR30009', NULL, NULL, NULL, 120, NULL, NULL, NULL, NULL),
(7, 743, 'INDOOR30001', NULL, NULL, NULL, 120, NULL, NULL, NULL, NULL),
(7, 743, 'INDOOR30002', NULL, NULL, NULL, 120, NULL, NULL, NULL, NULL),
(7, 743, 'INDOOR30003', NULL, NULL, NULL, 120, NULL, NULL, NULL, NULL),
(7, 743, 'INDOOR30004', NULL, NULL, NULL, 120, NULL, NULL, NULL, NULL),
(7, 743, 'INDOOR30005', NULL, NULL, NULL, 120, NULL, NULL, NULL, NULL),
(7, 743, 'INDOOR30006', NULL, NULL, NULL, 120, NULL, NULL, NULL, NULL),
(7, 743, 'INDOOR30007', NULL, NULL, NULL, 120, NULL, NULL, NULL, NULL),
(7, 743, 'INDOOR30008', NULL, NULL, NULL, 120, NULL, NULL, NULL, NULL),
(7, 743, 'INDOOR30009', NULL, NULL, NULL, 120, NULL, NULL, NULL, NULL),
(8, 317, 'INDOOR30001', NULL, NULL, NULL, 0, NULL, NULL, NULL, NULL),
(8, 317, 'INDOOR30002', NULL, NULL, NULL, 0, NULL, NULL, NULL, NULL),
(8, 317, 'INDOOR30003', NULL, NULL, NULL, 0, NULL, NULL, NULL, NULL),
(8, 317, 'INDOOR30004', NULL, NULL, NULL, 0, NULL, NULL, NULL, NULL),
(8, 317, 'INDOOR30005', NULL, NULL, NULL, 0, NULL, NULL, NULL, NULL),
(8, 317, 'INDOOR30006', NULL, NULL, NULL, 0, NULL, NULL, NULL, NULL),
(8, 317, 'INDOOR30007', NULL, NULL, NULL, 0, NULL, NULL, NULL, NULL),
(8, 317, 'INDOOR30008', NULL, NULL, NULL, 0, NULL, NULL, NULL, NULL),
(8, 317, 'INDOOR30009', NULL, NULL, NULL, 0, NULL, NULL, NULL, NULL),
(8, 515, 'INDOOR30001', NULL, NULL, NULL, 0, NULL, NULL, NULL, NULL),
(8, 515, 'INDOOR30002', NULL, NULL, NULL, 0, NULL, NULL, NULL, NULL),
(8, 515, 'INDOOR30003', NULL, NULL, NULL, 0, NULL, NULL, NULL, NULL),
(8, 515, 'INDOOR30004', NULL, NULL, NULL, 0, NULL, NULL, NULL, NULL),
(8, 515, 'INDOOR30005', NULL, NULL, NULL, 0, NULL, NULL, NULL, NULL),
(8, 515, 'INDOOR30006', NULL, NULL, NULL, 0, NULL, NULL, NULL, NULL),
(8, 515, 'INDOOR30007', NULL, NULL, NULL, 0, NULL, NULL, NULL, NULL),
(8, 515, 'INDOOR30008', NULL, NULL, NULL, 0, NULL, NULL, NULL, NULL),
(8, 515, 'INDOOR30009', NULL, NULL, NULL, 0, NULL, NULL, NULL, NULL),
(8, 744, 'INDOOR30001', NULL, NULL, NULL, 0, NULL, NULL, NULL, NULL),
(8, 744, 'INDOOR30002', NULL, NULL, NULL, 0, NULL, NULL, NULL, NULL),
(8, 744, 'INDOOR30003', NULL, NULL, NULL, 0, NULL, NULL, NULL, NULL),
(8, 744, 'INDOOR30004', NULL, NULL, NULL, 0, NULL, NULL, NULL, NULL),
(8, 744, 'INDOOR30005', NULL, NULL, NULL, 0, NULL, NULL, NULL, NULL),
(8, 744, 'INDOOR30006', NULL, NULL, NULL, 0, NULL, NULL, NULL, NULL),
(8, 744, 'INDOOR30007', NULL, NULL, NULL, 0, NULL, NULL, NULL, NULL),
(8, 744, 'INDOOR30008', NULL, NULL, NULL, 0, NULL, NULL, NULL, NULL),
(8, 744, 'INDOOR30009', NULL, NULL, NULL, 0, NULL, NULL, NULL, NULL),
(9, 318, 'INDOOR30001', NULL, NULL, NULL, 15, NULL, NULL, NULL, NULL),
(9, 318, 'INDOOR30002', NULL, NULL, NULL, 15, NULL, NULL, NULL, NULL),
(9, 318, 'INDOOR30003', NULL, NULL, NULL, 15, NULL, NULL, NULL, NULL),
(9, 318, 'INDOOR30004', NULL, NULL, NULL, 15, NULL, NULL, NULL, NULL),
(9, 318, 'INDOOR30005', NULL, NULL, NULL, 15, NULL, NULL, NULL, NULL),
(9, 318, 'INDOOR30006', NULL, NULL, NULL, 15, NULL, NULL, NULL, NULL),
(9, 318, 'INDOOR30007', NULL, NULL, NULL, 15, NULL, NULL, NULL, NULL),
(9, 318, 'INDOOR30008', NULL, NULL, NULL, 15, NULL, NULL, NULL, NULL),
(9, 318, 'INDOOR30009', NULL, NULL, NULL, 15, NULL, NULL, NULL, NULL),
(9, 516, 'INDOOR30001', NULL, NULL, NULL, 15, NULL, NULL, NULL, NULL),
(9, 516, 'INDOOR30002', NULL, NULL, NULL, 15, NULL, NULL, NULL, NULL),
(9, 516, 'INDOOR30003', NULL, NULL, NULL, 15, NULL, NULL, NULL, NULL),
(9, 516, 'INDOOR30004', NULL, NULL, NULL, 15, NULL, NULL, NULL, NULL),
(9, 516, 'INDOOR30005', NULL, NULL, NULL, 15, NULL, NULL, NULL, NULL),
(9, 516, 'INDOOR30006', NULL, NULL, NULL, 15, NULL, NULL, NULL, NULL),
(9, 516, 'INDOOR30007', NULL, NULL, NULL, 15, NULL, NULL, NULL, NULL),
(9, 516, 'INDOOR30008', NULL, NULL, NULL, 15, NULL, NULL, NULL, NULL),
(9, 516, 'INDOOR30009', NULL, NULL, NULL, 15, NULL, NULL, NULL, NULL),
(9, 745, 'INDOOR30001', NULL, NULL, NULL, 15, NULL, NULL, NULL, NULL),
(9, 745, 'INDOOR30002', NULL, NULL, NULL, 15, NULL, NULL, NULL, NULL),
(9, 745, 'INDOOR30003', NULL, NULL, NULL, 15, NULL, NULL, NULL, NULL),
(9, 745, 'INDOOR30004', NULL, NULL, NULL, 15, NULL, NULL, NULL, NULL),
(9, 745, 'INDOOR30005', NULL, NULL, NULL, 15, NULL, NULL, NULL, NULL),
(9, 745, 'INDOOR30006', NULL, NULL, NULL, 15, NULL, NULL, NULL, NULL),
(9, 745, 'INDOOR30007', NULL, NULL, NULL, 15, NULL, NULL, NULL, NULL),
(9, 745, 'INDOOR30008', NULL, NULL, NULL, 15, NULL, NULL, NULL, NULL),
(9, 745, 'INDOOR30009', NULL, NULL, NULL, 15, NULL, NULL, NULL, NULL),
(10, 319, 'INDOOR30001', NULL, NULL, NULL, 12701, NULL, NULL, NULL, NULL),
(10, 319, 'INDOOR30002', NULL, NULL, NULL, 12701, NULL, NULL, NULL, NULL),
(10, 319, 'INDOOR30003', NULL, NULL, NULL, 12701, NULL, NULL, NULL, NULL),
(10, 319, 'INDOOR30004', NULL, NULL, NULL, 12701, NULL, NULL, NULL, NULL),
(10, 319, 'INDOOR30005', NULL, NULL, NULL, 12701, NULL, NULL, NULL, NULL),
(10, 319, 'INDOOR30006', NULL, NULL, NULL, 12701, NULL, NULL, NULL, NULL),
(10, 319, 'INDOOR30007', NULL, NULL, NULL, 12701, NULL, NULL, NULL, NULL),
(10, 319, 'INDOOR30008', NULL, NULL, NULL, 12701, NULL, NULL, NULL, NULL),
(10, 319, 'INDOOR30009', NULL, NULL, NULL, 12701, NULL, NULL, NULL, NULL),
(10, 517, 'INDOOR30001', NULL, NULL, NULL, 12701, NULL, NULL, NULL, NULL),
(10, 517, 'INDOOR30002', NULL, NULL, NULL, 12701, NULL, NULL, NULL, NULL),
(10, 517, 'INDOOR30003', NULL, NULL, NULL, 12701, NULL, NULL, NULL, NULL),
(10, 517, 'INDOOR30004', NULL, NULL, NULL, 12701, NULL, NULL, NULL, NULL),
(10, 517, 'INDOOR30005', NULL, NULL, NULL, 12701, NULL, NULL, NULL, NULL),
(10, 517, 'INDOOR30006', NULL, NULL, NULL, 12701, NULL, NULL, NULL, NULL),
(10, 517, 'INDOOR30007', NULL, NULL, NULL, 12701, NULL, NULL, NULL, NULL),
(10, 517, 'INDOOR30008', NULL, NULL, NULL, 12701, NULL, NULL, NULL, NULL),
(10, 517, 'INDOOR30009', NULL, NULL, NULL, 12701, NULL, NULL, NULL, NULL),
(10, 746, 'INDOOR30001', NULL, NULL, NULL, 12701, NULL, NULL, NULL, NULL),
(10, 746, 'INDOOR30002', NULL, NULL, NULL, 12701, NULL, NULL, NULL, NULL),
(10, 746, 'INDOOR30003', NULL, NULL, NULL, 12701, NULL, NULL, NULL, NULL),
(10, 746, 'INDOOR30004', NULL, NULL, NULL, 12701, NULL, NULL, NULL, NULL),
(10, 746, 'INDOOR30005', NULL, NULL, NULL, 12701, NULL, NULL, NULL, NULL),
(10, 746, 'INDOOR30006', NULL, NULL, NULL, 12701, NULL, NULL, NULL, NULL),
(10, 746, 'INDOOR30007', NULL, NULL, NULL, 12701, NULL, NULL, NULL, NULL),
(10, 746, 'INDOOR30008', NULL, NULL, NULL, 12701, NULL, NULL, NULL, NULL),
(10, 746, 'INDOOR30009', NULL, NULL, NULL, 12701, NULL, NULL, NULL, NULL),
(11, 320, 'INDOOR30001', NULL, NULL, NULL, 0, NULL, NULL, NULL, NULL),
(11, 320, 'INDOOR30002', NULL, NULL, NULL, 0, NULL, NULL, NULL, NULL),
(11, 320, 'INDOOR30003', NULL, NULL, NULL, 0, NULL, NULL, NULL, NULL),
(11, 320, 'INDOOR30004', NULL, NULL, NULL, 0, NULL, NULL, NULL, NULL),
(11, 320, 'INDOOR30005', NULL, NULL, NULL, 0, NULL, NULL, NULL, NULL),
(11, 320, 'INDOOR30006', NULL, NULL, NULL, 0, NULL, NULL, NULL, NULL),
(11, 320, 'INDOOR30007', NULL, NULL, NULL, 0, NULL, NULL, NULL, NULL),
(11, 320, 'INDOOR30008', NULL, NULL, NULL, 0, NULL, NULL, NULL, NULL),
(11, 320, 'INDOOR30009', NULL, NULL, NULL, 0, NULL, NULL, NULL, NULL),
(11, 518, 'INDOOR30001', NULL, NULL, NULL, 0, NULL, NULL, NULL, NULL),
(11, 518, 'INDOOR30002', NULL, NULL, NULL, 0, NULL, NULL, NULL, NULL),
(11, 518, 'INDOOR30003', NULL, NULL, NULL, 0, NULL, NULL, NULL, NULL),
(11, 518, 'INDOOR30004', NULL, NULL, NULL, 0, NULL, NULL, NULL, NULL),
(11, 518, 'INDOOR30005', NULL, NULL, NULL, 0, NULL, NULL, NULL, NULL),
(11, 518, 'INDOOR30006', NULL, NULL, NULL, 0, NULL, NULL, NULL, NULL),
(11, 518, 'INDOOR30007', NULL, NULL, NULL, 0, NULL, NULL, NULL, NULL),
(11, 518, 'INDOOR30008', NULL, NULL, NULL, 0, NULL, NULL, NULL, NULL),
(11, 518, 'INDOOR30009', NULL, NULL, NULL, 0, NULL, NULL, NULL, NULL),
(11, 747, 'INDOOR30001', NULL, NULL, NULL, 0, NULL, NULL, NULL, NULL),
(11, 747, 'INDOOR30002', NULL, NULL, NULL, 0, NULL, NULL, NULL, NULL),
(11, 747, 'INDOOR30003', NULL, NULL, NULL, 0, NULL, NULL, NULL, NULL),
(11, 747, 'INDOOR30004', NULL, NULL, NULL, 0, NULL, NULL, NULL, NULL),
(11, 747, 'INDOOR30005', NULL, NULL, NULL, 0, NULL, NULL, NULL, NULL),
(11, 747, 'INDOOR30006', NULL, NULL, NULL, 0, NULL, NULL, NULL, NULL),
(11, 747, 'INDOOR30007', NULL, NULL, NULL, 0, NULL, NULL, NULL, NULL),
(11, 747, 'INDOOR30008', NULL, NULL, NULL, 0, NULL, NULL, NULL, NULL),
(11, 747, 'INDOOR30009', NULL, NULL, NULL, 0, NULL, NULL, NULL, NULL),
(12, 321, 'INDOOR30001', NULL, NULL, NULL, 120, NULL, NULL, NULL, NULL),
(12, 321, 'INDOOR30002', NULL, NULL, NULL, 120, NULL, NULL, NULL, NULL),
(12, 321, 'INDOOR30003', NULL, NULL, NULL, 120, NULL, NULL, NULL, NULL),
(12, 321, 'INDOOR30004', NULL, NULL, NULL, 120, NULL, NULL, NULL, NULL),
(12, 321, 'INDOOR30005', NULL, NULL, NULL, 120, NULL, NULL, NULL, NULL),
(12, 321, 'INDOOR30006', NULL, NULL, NULL, 120, NULL, NULL, NULL, NULL),
(12, 321, 'INDOOR30007', NULL, NULL, NULL, 120, NULL, NULL, NULL, NULL),
(12, 321, 'INDOOR30008', NULL, NULL, NULL, 120, NULL, NULL, NULL, NULL),
(12, 321, 'INDOOR30009', NULL, NULL, NULL, 120, NULL, NULL, NULL, NULL),
(12, 519, 'INDOOR30001', NULL, NULL, NULL, 120, NULL, NULL, NULL, NULL),
(12, 519, 'INDOOR30002', NULL, NULL, NULL, 120, NULL, NULL, NULL, NULL),
(12, 519, 'INDOOR30003', NULL, NULL, NULL, 120, NULL, NULL, NULL, NULL),
(12, 519, 'INDOOR30004', NULL, NULL, NULL, 120, NULL, NULL, NULL, NULL),
(12, 519, 'INDOOR30005', NULL, NULL, NULL, 120, NULL, NULL, NULL, NULL),
(12, 519, 'INDOOR30006', NULL, NULL, NULL, 120, NULL, NULL, NULL, NULL),
(12, 519, 'INDOOR30007', NULL, NULL, NULL, 120, NULL, NULL, NULL, NULL),
(12, 519, 'INDOOR30008', NULL, NULL, NULL, 120, NULL, NULL, NULL, NULL),
(12, 519, 'INDOOR30009', NULL, NULL, NULL, 120, NULL, NULL, NULL, NULL),
(12, 748, 'INDOOR30001', NULL, NULL, NULL, 120, NULL, NULL, NULL, NULL),
(12, 748, 'INDOOR30002', NULL, NULL, NULL, 120, NULL, NULL, NULL, NULL),
(12, 748, 'INDOOR30003', NULL, NULL, NULL, 120, NULL, NULL, NULL, NULL),
(12, 748, 'INDOOR30004', NULL, NULL, NULL, 120, NULL, NULL, NULL, NULL),
(12, 748, 'INDOOR30005', NULL, NULL, NULL, 120, NULL, NULL, NULL, NULL),
(12, 748, 'INDOOR30006', NULL, NULL, NULL, 120, NULL, NULL, NULL, NULL),
(12, 748, 'INDOOR30007', NULL, NULL, NULL, 120, NULL, NULL, NULL, NULL),
(12, 748, 'INDOOR30008', NULL, NULL, NULL, 120, NULL, NULL, NULL, NULL),
(12, 748, 'INDOOR30009', NULL, NULL, NULL, 120, NULL, NULL, NULL, NULL),
(13, 322, 'INDOOR30001', NULL, NULL, NULL, 0, NULL, NULL, NULL, NULL),
(13, 322, 'INDOOR30002', NULL, NULL, NULL, 0, NULL, NULL, NULL, NULL),
(13, 322, 'INDOOR30003', NULL, NULL, NULL, 0, NULL, NULL, NULL, NULL),
(13, 322, 'INDOOR30004', NULL, NULL, NULL, 0, NULL, NULL, NULL, NULL),
(13, 322, 'INDOOR30005', NULL, NULL, NULL, 0, NULL, NULL, NULL, NULL),
(13, 322, 'INDOOR30006', NULL, NULL, NULL, 0, NULL, NULL, NULL, NULL),
(13, 322, 'INDOOR30007', NULL, NULL, NULL, 0, NULL, NULL, NULL, NULL),
(13, 322, 'INDOOR30008', NULL, NULL, NULL, 0, NULL, NULL, NULL, NULL),
(13, 322, 'INDOOR30009', NULL, NULL, NULL, 0, NULL, NULL, NULL, NULL),
(13, 520, 'INDOOR30001', NULL, NULL, NULL, 0, NULL, NULL, NULL, NULL),
(13, 520, 'INDOOR30002', NULL, NULL, NULL, 0, NULL, NULL, NULL, NULL),
(13, 520, 'INDOOR30003', NULL, NULL, NULL, 0, NULL, NULL, NULL, NULL),
(13, 520, 'INDOOR30004', NULL, NULL, NULL, 0, NULL, NULL, NULL, NULL),
(13, 520, 'INDOOR30005', NULL, NULL, NULL, 0, NULL, NULL, NULL, NULL),
(13, 520, 'INDOOR30006', NULL, NULL, NULL, 0, NULL, NULL, NULL, NULL),
(13, 520, 'INDOOR30007', NULL, NULL, NULL, 0, NULL, NULL, NULL, NULL),
(13, 520, 'INDOOR30008', NULL, NULL, NULL, 0, NULL, NULL, NULL, NULL),
(13, 520, 'INDOOR30009', NULL, NULL, NULL, 0, NULL, NULL, NULL, NULL),
(13, 749, 'INDOOR30001', NULL, NULL, NULL, 0, NULL, NULL, NULL, NULL),
(13, 749, 'INDOOR30002', NULL, NULL, NULL, 0, NULL, NULL, NULL, NULL),
(13, 749, 'INDOOR30003', NULL, NULL, NULL, 0, NULL, NULL, NULL, NULL),
(13, 749, 'INDOOR30004', NULL, NULL, NULL, 0, NULL, NULL, NULL, NULL),
(13, 749, 'INDOOR30005', NULL, NULL, NULL, 0, NULL, NULL, NULL, NULL),
(13, 749, 'INDOOR30006', NULL, NULL, NULL, 0, NULL, NULL, NULL, NULL),
(13, 749, 'INDOOR30007', NULL, NULL, NULL, 0, NULL, NULL, NULL, NULL),
(13, 749, 'INDOOR30008', NULL, NULL, NULL, 0, NULL, NULL, NULL, NULL),
(13, 749, 'INDOOR30009', NULL, NULL, NULL, 0, NULL, NULL, NULL, NULL),
(14, 323, 'INDOOR30001', NULL, NULL, NULL, 0, NULL, NULL, NULL, NULL),
(14, 323, 'INDOOR30002', NULL, NULL, NULL, 0, NULL, NULL, NULL, NULL),
(14, 323, 'INDOOR30003', NULL, NULL, NULL, 0, NULL, NULL, NULL, NULL),
(14, 323, 'INDOOR30004', NULL, NULL, NULL, 0, NULL, NULL, NULL, NULL),
(14, 323, 'INDOOR30005', NULL, NULL, NULL, 0, NULL, NULL, NULL, NULL),
(14, 323, 'INDOOR30006', NULL, NULL, NULL, 0, NULL, NULL, NULL, NULL),
(14, 323, 'INDOOR30007', NULL, NULL, NULL, 0, NULL, NULL, NULL, NULL),
(14, 323, 'INDOOR30008', NULL, NULL, NULL, 0, NULL, NULL, NULL, NULL),
(14, 323, 'INDOOR30009', NULL, NULL, NULL, 0, NULL, NULL, NULL, NULL),
(14, 521, 'INDOOR30001', NULL, NULL, NULL, 0, NULL, NULL, NULL, NULL),
(14, 521, 'INDOOR30002', NULL, NULL, NULL, 0, NULL, NULL, NULL, NULL),
(14, 521, 'INDOOR30003', NULL, NULL, NULL, 0, NULL, NULL, NULL, NULL),
(14, 521, 'INDOOR30004', NULL, NULL, NULL, 0, NULL, NULL, NULL, NULL),
(14, 521, 'INDOOR30005', NULL, NULL, NULL, 0, NULL, NULL, NULL, NULL),
(14, 521, 'INDOOR30006', NULL, NULL, NULL, 0, NULL, NULL, NULL, NULL),
(14, 521, 'INDOOR30007', NULL, NULL, NULL, 0, NULL, NULL, NULL, NULL),
(14, 521, 'INDOOR30008', NULL, NULL, NULL, 0, NULL, NULL, NULL, NULL),
(14, 521, 'INDOOR30009', NULL, NULL, NULL, 0, NULL, NULL, NULL, NULL),
(14, 750, 'INDOOR30001', NULL, NULL, NULL, 0, NULL, NULL, NULL, NULL),
(14, 750, 'INDOOR30002', NULL, NULL, NULL, 0, NULL, NULL, NULL, NULL),
(14, 750, 'INDOOR30003', NULL, NULL, NULL, 0, NULL, NULL, NULL, NULL),
(14, 750, 'INDOOR30004', NULL, NULL, NULL, 0, NULL, NULL, NULL, NULL),
(14, 750, 'INDOOR30005', NULL, NULL, NULL, 0, NULL, NULL, NULL, NULL),
(14, 750, 'INDOOR30006', NULL, NULL, NULL, 0, NULL, NULL, NULL, NULL),
(14, 750, 'INDOOR30007', NULL, NULL, NULL, 0, NULL, NULL, NULL, NULL),
(14, 750, 'INDOOR30008', NULL, NULL, NULL, 0, NULL, NULL, NULL, NULL),
(14, 750, 'INDOOR30009', NULL, NULL, NULL, 0, NULL, NULL, NULL, NULL),
(15, 324, 'INDOOR30001', NULL, NULL, NULL, 0, NULL, NULL, NULL, NULL),
(15, 324, 'INDOOR30002', NULL, NULL, NULL, 0, NULL, NULL, NULL, NULL),
(15, 324, 'INDOOR30003', NULL, NULL, NULL, 0, NULL, NULL, NULL, NULL),
(15, 324, 'INDOOR30004', NULL, NULL, NULL, 0, NULL, NULL, NULL, NULL),
(15, 324, 'INDOOR30005', NULL, NULL, NULL, 0, NULL, NULL, NULL, NULL),
(15, 324, 'INDOOR30006', NULL, NULL, NULL, 0, NULL, NULL, NULL, NULL),
(15, 324, 'INDOOR30007', NULL, NULL, NULL, 0, NULL, NULL, NULL, NULL),
(15, 324, 'INDOOR30008', NULL, NULL, NULL, 0, NULL, NULL, NULL, NULL),
(15, 324, 'INDOOR30009', NULL, NULL, NULL, 0, NULL, NULL, NULL, NULL),
(15, 522, 'INDOOR30001', NULL, NULL, NULL, 0, NULL, NULL, NULL, NULL),
(15, 522, 'INDOOR30002', NULL, NULL, NULL, 0, NULL, NULL, NULL, NULL),
(15, 522, 'INDOOR30003', NULL, NULL, NULL, 0, NULL, NULL, NULL, NULL),
(15, 522, 'INDOOR30004', NULL, NULL, NULL, 0, NULL, NULL, NULL, NULL),
(15, 522, 'INDOOR30005', NULL, NULL, NULL, 0, NULL, NULL, NULL, NULL),
(15, 522, 'INDOOR30006', NULL, NULL, NULL, 0, NULL, NULL, NULL, NULL),
(15, 522, 'INDOOR30007', NULL, NULL, NULL, 0, NULL, NULL, NULL, NULL),
(15, 522, 'INDOOR30008', NULL, NULL, NULL, 0, NULL, NULL, NULL, NULL),
(15, 522, 'INDOOR30009', NULL, NULL, NULL, 0, NULL, NULL, NULL, NULL),
(15, 751, 'INDOOR30001', NULL, NULL, NULL, 0, NULL, NULL, NULL, NULL),
(15, 751, 'INDOOR30002', NULL, NULL, NULL, 0, NULL, NULL, NULL, NULL),
(15, 751, 'INDOOR30003', NULL, NULL, NULL, 0, NULL, NULL, NULL, NULL),
(15, 751, 'INDOOR30004', NULL, NULL, NULL, 0, NULL, NULL, NULL, NULL),
(15, 751, 'INDOOR30005', NULL, NULL, NULL, 0, NULL, NULL, NULL, NULL),
(15, 751, 'INDOOR30006', NULL, NULL, NULL, 0, NULL, NULL, NULL, NULL),
(15, 751, 'INDOOR30007', NULL, NULL, NULL, 0, NULL, NULL, NULL, NULL),
(15, 751, 'INDOOR30008', NULL, NULL, NULL, 0, NULL, NULL, NULL, NULL),
(15, 751, 'INDOOR30009', NULL, NULL, NULL, 0, NULL, NULL, NULL, NULL),
(16, 325, 'INDOOR30001', NULL, NULL, NULL, 0, NULL, NULL, NULL, NULL),
(16, 325, 'INDOOR30002', NULL, NULL, NULL, 0, NULL, NULL, NULL, NULL),
(16, 325, 'INDOOR30003', NULL, NULL, NULL, 0, NULL, NULL, NULL, NULL),
(16, 325, 'INDOOR30004', NULL, NULL, NULL, 0, NULL, NULL, NULL, NULL),
(16, 325, 'INDOOR30005', NULL, NULL, NULL, 0, NULL, NULL, NULL, NULL),
(16, 325, 'INDOOR30006', NULL, NULL, NULL, 0, NULL, NULL, NULL, NULL),
(16, 325, 'INDOOR30007', NULL, NULL, NULL, 0, NULL, NULL, NULL, NULL),
(16, 325, 'INDOOR30008', NULL, NULL, NULL, 0, NULL, NULL, NULL, NULL),
(16, 325, 'INDOOR30009', NULL, NULL, NULL, 0, NULL, NULL, NULL, NULL),
(16, 523, 'INDOOR30001', NULL, NULL, NULL, 0, NULL, NULL, NULL, NULL),
(16, 523, 'INDOOR30002', NULL, NULL, NULL, 0, NULL, NULL, NULL, NULL),
(16, 523, 'INDOOR30003', NULL, NULL, NULL, 0, NULL, NULL, NULL, NULL),
(16, 523, 'INDOOR30004', NULL, NULL, NULL, 0, NULL, NULL, NULL, NULL),
(16, 523, 'INDOOR30005', NULL, NULL, NULL, 0, NULL, NULL, NULL, NULL),
(16, 523, 'INDOOR30006', NULL, NULL, NULL, 0, NULL, NULL, NULL, NULL),
(16, 523, 'INDOOR30007', NULL, NULL, NULL, 0, NULL, NULL, NULL, NULL),
(16, 523, 'INDOOR30008', NULL, NULL, NULL, 0, NULL, NULL, NULL, NULL),
(16, 523, 'INDOOR30009', NULL, NULL, NULL, 0, NULL, NULL, NULL, NULL),
(16, 752, 'INDOOR30001', NULL, NULL, NULL, 0, NULL, NULL, NULL, NULL),
(16, 752, 'INDOOR30002', NULL, NULL, NULL, 0, NULL, NULL, NULL, NULL),
(16, 752, 'INDOOR30003', NULL, NULL, NULL, 0, NULL, NULL, NULL, NULL),
(16, 752, 'INDOOR30004', NULL, NULL, NULL, 0, NULL, NULL, NULL, NULL),
(16, 752, 'INDOOR30005', NULL, NULL, NULL, 0, NULL, NULL, NULL, NULL),
(16, 752, 'INDOOR30006', NULL, NULL, NULL, 0, NULL, NULL, NULL, NULL),
(16, 752, 'INDOOR30007', NULL, NULL, NULL, 0, NULL, NULL, NULL, NULL),
(16, 752, 'INDOOR30008', NULL, NULL, NULL, 0, NULL, NULL, NULL, NULL),
(16, 752, 'INDOOR30009', NULL, NULL, NULL, 0, NULL, NULL, NULL, NULL),
(17, 326, 'INDOOR30001', NULL, NULL, NULL, 120, NULL, NULL, NULL, NULL),
(17, 326, 'INDOOR30002', NULL, NULL, NULL, 120, NULL, NULL, NULL, NULL),
(17, 326, 'INDOOR30003', NULL, NULL, NULL, 120, NULL, NULL, NULL, NULL),
(17, 326, 'INDOOR30004', NULL, NULL, NULL, 120, NULL, NULL, NULL, NULL),
(17, 326, 'INDOOR30005', NULL, NULL, NULL, 120, NULL, NULL, NULL, NULL),
(17, 326, 'INDOOR30006', NULL, NULL, NULL, 120, NULL, NULL, NULL, NULL),
(17, 326, 'INDOOR30007', NULL, NULL, NULL, 120, NULL, NULL, NULL, NULL),
(17, 326, 'INDOOR30008', NULL, NULL, NULL, 120, NULL, NULL, NULL, NULL),
(17, 326, 'INDOOR30009', NULL, NULL, NULL, 120, NULL, NULL, NULL, NULL),
(17, 524, 'INDOOR30001', NULL, NULL, NULL, 120, NULL, NULL, NULL, NULL),
(17, 524, 'INDOOR30002', NULL, NULL, NULL, 120, NULL, NULL, NULL, NULL),
(17, 524, 'INDOOR30003', NULL, NULL, NULL, 120, NULL, NULL, NULL, NULL),
(17, 524, 'INDOOR30004', NULL, NULL, NULL, 120, NULL, NULL, NULL, NULL),
(17, 524, 'INDOOR30005', NULL, NULL, NULL, 120, NULL, NULL, NULL, NULL),
(17, 524, 'INDOOR30006', NULL, NULL, NULL, 120, NULL, NULL, NULL, NULL),
(17, 524, 'INDOOR30007', NULL, NULL, NULL, 120, NULL, NULL, NULL, NULL),
(17, 524, 'INDOOR30008', NULL, NULL, NULL, 120, NULL, NULL, NULL, NULL),
(17, 524, 'INDOOR30009', NULL, NULL, NULL, 120, NULL, NULL, NULL, NULL),
(17, 753, 'INDOOR30001', NULL, NULL, NULL, 120, NULL, NULL, NULL, NULL),
(17, 753, 'INDOOR30002', NULL, NULL, NULL, 120, NULL, NULL, NULL, NULL),
(17, 753, 'INDOOR30003', NULL, NULL, NULL, 120, NULL, NULL, NULL, NULL),
(17, 753, 'INDOOR30004', NULL, NULL, NULL, 120, NULL, NULL, NULL, NULL),
(17, 753, 'INDOOR30005', NULL, NULL, NULL, 120, NULL, NULL, NULL, NULL),
(17, 753, 'INDOOR30006', NULL, NULL, NULL, 120, NULL, NULL, NULL, NULL),
(17, 753, 'INDOOR30007', NULL, NULL, NULL, 120, NULL, NULL, NULL, NULL),
(17, 753, 'INDOOR30008', NULL, NULL, NULL, 120, NULL, NULL, NULL, NULL),
(17, 753, 'INDOOR30009', NULL, NULL, NULL, 120, NULL, NULL, NULL, NULL),
(18, 327, 'INDOOR30001', NULL, NULL, NULL, 0, NULL, NULL, NULL, NULL),
(18, 327, 'INDOOR30002', NULL, NULL, NULL, 0, NULL, NULL, NULL, NULL),
(18, 327, 'INDOOR30003', NULL, NULL, NULL, 0, NULL, NULL, NULL, NULL),
(18, 327, 'INDOOR30004', NULL, NULL, NULL, 0, NULL, NULL, NULL, NULL),
(18, 327, 'INDOOR30005', NULL, NULL, NULL, 0, NULL, NULL, NULL, NULL),
(18, 327, 'INDOOR30006', NULL, NULL, NULL, 0, NULL, NULL, NULL, NULL),
(18, 327, 'INDOOR30007', NULL, NULL, NULL, 0, NULL, NULL, NULL, NULL),
(18, 327, 'INDOOR30008', NULL, NULL, NULL, 0, NULL, NULL, NULL, NULL),
(18, 327, 'INDOOR30009', NULL, NULL, NULL, 0, NULL, NULL, NULL, NULL),
(18, 525, 'INDOOR30001', NULL, NULL, NULL, 0, NULL, NULL, NULL, NULL),
(18, 525, 'INDOOR30002', NULL, NULL, NULL, 0, NULL, NULL, NULL, NULL),
(18, 525, 'INDOOR30003', NULL, NULL, NULL, 0, NULL, NULL, NULL, NULL),
(18, 525, 'INDOOR30004', NULL, NULL, NULL, 0, NULL, NULL, NULL, NULL),
(18, 525, 'INDOOR30005', NULL, NULL, NULL, 0, NULL, NULL, NULL, NULL),
(18, 525, 'INDOOR30006', NULL, NULL, NULL, 0, NULL, NULL, NULL, NULL),
(18, 525, 'INDOOR30007', NULL, NULL, NULL, 0, NULL, NULL, NULL, NULL),
(18, 525, 'INDOOR30008', NULL, NULL, NULL, 0, NULL, NULL, NULL, NULL),
(18, 525, 'INDOOR30009', NULL, NULL, NULL, 0, NULL, NULL, NULL, NULL),
(18, 754, 'INDOOR30001', NULL, NULL, NULL, 0, NULL, NULL, NULL, NULL),
(18, 754, 'INDOOR30002', NULL, NULL, NULL, 0, NULL, NULL, NULL, NULL),
(18, 754, 'INDOOR30003', NULL, NULL, NULL, 0, NULL, NULL, NULL, NULL),
(18, 754, 'INDOOR30004', NULL, NULL, NULL, 0, NULL, NULL, NULL, NULL),
(18, 754, 'INDOOR30005', NULL, NULL, NULL, 0, NULL, NULL, NULL, NULL),
(18, 754, 'INDOOR30006', NULL, NULL, NULL, 0, NULL, NULL, NULL, NULL),
(18, 754, 'INDOOR30007', NULL, NULL, NULL, 0, NULL, NULL, NULL, NULL),
(18, 754, 'INDOOR30008', NULL, NULL, NULL, 0, NULL, NULL, NULL, NULL),
(18, 754, 'INDOOR30009', NULL, NULL, NULL, 0, NULL, NULL, NULL, NULL),
(19, 328, 'INDOOR30001', NULL, NULL, NULL, 15, NULL, NULL, NULL, NULL),
(19, 328, 'INDOOR30002', NULL, NULL, NULL, 15, NULL, NULL, NULL, NULL),
(19, 328, 'INDOOR30003', NULL, NULL, NULL, 15, NULL, NULL, NULL, NULL),
(19, 328, 'INDOOR30004', NULL, NULL, NULL, 15, NULL, NULL, NULL, NULL),
(19, 328, 'INDOOR30005', NULL, NULL, NULL, 15, NULL, NULL, NULL, NULL),
(19, 328, 'INDOOR30006', NULL, NULL, NULL, 15, NULL, NULL, NULL, NULL),
(19, 328, 'INDOOR30007', NULL, NULL, NULL, 15, NULL, NULL, NULL, NULL),
(19, 328, 'INDOOR30008', NULL, NULL, NULL, 15, NULL, NULL, NULL, NULL),
(19, 328, 'INDOOR30009', NULL, NULL, NULL, 15, NULL, NULL, NULL, NULL),
(19, 526, 'INDOOR30001', NULL, NULL, NULL, 15, NULL, NULL, NULL, NULL),
(19, 526, 'INDOOR30002', NULL, NULL, NULL, 15, NULL, NULL, NULL, NULL),
(19, 526, 'INDOOR30003', NULL, NULL, NULL, 15, NULL, NULL, NULL, NULL),
(19, 526, 'INDOOR30004', NULL, NULL, NULL, 15, NULL, NULL, NULL, NULL),
(19, 526, 'INDOOR30005', NULL, NULL, NULL, 15, NULL, NULL, NULL, NULL),
(19, 526, 'INDOOR30006', NULL, NULL, NULL, 15, NULL, NULL, NULL, NULL),
(19, 526, 'INDOOR30007', NULL, NULL, NULL, 15, NULL, NULL, NULL, NULL),
(19, 526, 'INDOOR30008', NULL, NULL, NULL, 15, NULL, NULL, NULL, NULL),
(19, 526, 'INDOOR30009', NULL, NULL, NULL, 15, NULL, NULL, NULL, NULL),
(19, 755, 'INDOOR30001', NULL, NULL, NULL, 15, NULL, NULL, NULL, NULL),
(19, 755, 'INDOOR30002', NULL, NULL, NULL, 15, NULL, NULL, NULL, NULL),
(19, 755, 'INDOOR30003', NULL, NULL, NULL, 15, NULL, NULL, NULL, NULL),
(19, 755, 'INDOOR30004', NULL, NULL, NULL, 15, NULL, NULL, NULL, NULL),
(19, 755, 'INDOOR30005', NULL, NULL, NULL, 15, NULL, NULL, NULL, NULL),
(19, 755, 'INDOOR30006', NULL, NULL, NULL, 15, NULL, NULL, NULL, NULL),
(19, 755, 'INDOOR30007', NULL, NULL, NULL, 15, NULL, NULL, NULL, NULL),
(19, 755, 'INDOOR30008', NULL, NULL, NULL, 15, NULL, NULL, NULL, NULL),
(19, 755, 'INDOOR30009', NULL, NULL, NULL, 15, NULL, NULL, NULL, NULL),
(20, 329, 'INDOOR30001', NULL, NULL, NULL, 0, NULL, NULL, NULL, NULL),
(20, 329, 'INDOOR30002', NULL, NULL, NULL, 0, NULL, NULL, NULL, NULL),
(20, 329, 'INDOOR30003', NULL, NULL, NULL, 0, NULL, NULL, NULL, NULL),
(20, 329, 'INDOOR30004', NULL, NULL, NULL, 0, NULL, NULL, NULL, NULL),
(20, 329, 'INDOOR30005', NULL, NULL, NULL, 0, NULL, NULL, NULL, NULL),
(20, 329, 'INDOOR30006', NULL, NULL, NULL, 0, NULL, NULL, NULL, NULL),
(20, 329, 'INDOOR30007', NULL, NULL, NULL, 0, NULL, NULL, NULL, NULL),
(20, 329, 'INDOOR30008', NULL, NULL, NULL, 0, NULL, NULL, NULL, NULL),
(20, 329, 'INDOOR30009', NULL, NULL, NULL, 0, NULL, NULL, NULL, NULL),
(20, 527, 'INDOOR30001', NULL, NULL, NULL, 0, NULL, NULL, NULL, NULL),
(20, 527, 'INDOOR30002', NULL, NULL, NULL, 0, NULL, NULL, NULL, NULL),
(20, 527, 'INDOOR30003', NULL, NULL, NULL, 0, NULL, NULL, NULL, NULL),
(20, 527, 'INDOOR30004', NULL, NULL, NULL, 0, NULL, NULL, NULL, NULL),
(20, 527, 'INDOOR30005', NULL, NULL, NULL, 0, NULL, NULL, NULL, NULL),
(20, 527, 'INDOOR30006', NULL, NULL, NULL, 0, NULL, NULL, NULL, NULL),
(20, 527, 'INDOOR30007', NULL, NULL, NULL, 0, NULL, NULL, NULL, NULL),
(20, 527, 'INDOOR30008', NULL, NULL, NULL, 0, NULL, NULL, NULL, NULL),
(20, 527, 'INDOOR30009', NULL, NULL, NULL, 0, NULL, NULL, NULL, NULL),
(20, 756, 'INDOOR30001', NULL, NULL, NULL, 0, NULL, NULL, NULL, NULL),
(20, 756, 'INDOOR30002', NULL, NULL, NULL, 0, NULL, NULL, NULL, NULL),
(20, 756, 'INDOOR30003', NULL, NULL, NULL, 0, NULL, NULL, NULL, NULL),
(20, 756, 'INDOOR30004', NULL, NULL, NULL, 0, NULL, NULL, NULL, NULL),
(20, 756, 'INDOOR30005', NULL, NULL, NULL, 0, NULL, NULL, NULL, NULL),
(20, 756, 'INDOOR30006', NULL, NULL, NULL, 0, NULL, NULL, NULL, NULL),
(20, 756, 'INDOOR30007', NULL, NULL, NULL, 0, NULL, NULL, NULL, NULL),
(20, 756, 'INDOOR30008', NULL, NULL, NULL, 0, NULL, NULL, NULL, NULL),
(20, 756, 'INDOOR30009', NULL, NULL, NULL, 0, NULL, NULL, NULL, NULL),
(21, 330, 'INDOOR30001', NULL, NULL, NULL, 12701, NULL, NULL, NULL, NULL),
(21, 330, 'INDOOR30002', NULL, NULL, NULL, 12701, NULL, NULL, NULL, NULL),
(21, 330, 'INDOOR30003', NULL, NULL, NULL, 12701, NULL, NULL, NULL, NULL),
(21, 330, 'INDOOR30004', NULL, NULL, NULL, 12701, NULL, NULL, NULL, NULL),
(21, 330, 'INDOOR30005', NULL, NULL, NULL, 12701, NULL, NULL, NULL, NULL),
(21, 330, 'INDOOR30006', NULL, NULL, NULL, 12701, NULL, NULL, NULL, NULL),
(21, 330, 'INDOOR30007', NULL, NULL, NULL, 12701, NULL, NULL, NULL, NULL),
(21, 330, 'INDOOR30008', NULL, NULL, NULL, 12701, NULL, NULL, NULL, NULL),
(21, 330, 'INDOOR30009', NULL, NULL, NULL, 12701, NULL, NULL, NULL, NULL),
(21, 528, 'INDOOR30001', NULL, NULL, NULL, 12701, NULL, NULL, NULL, NULL),
(21, 528, 'INDOOR30002', NULL, NULL, NULL, 12701, NULL, NULL, NULL, NULL),
(21, 528, 'INDOOR30003', NULL, NULL, NULL, 12701, NULL, NULL, NULL, NULL),
(21, 528, 'INDOOR30004', NULL, NULL, NULL, 12701, NULL, NULL, NULL, NULL),
(21, 528, 'INDOOR30005', NULL, NULL, NULL, 12701, NULL, NULL, NULL, NULL),
(21, 528, 'INDOOR30006', NULL, NULL, NULL, 12701, NULL, NULL, NULL, NULL),
(21, 528, 'INDOOR30007', NULL, NULL, NULL, 12701, NULL, NULL, NULL, NULL),
(21, 528, 'INDOOR30008', NULL, NULL, NULL, 12701, NULL, NULL, NULL, NULL),
(21, 528, 'INDOOR30009', NULL, NULL, NULL, 12701, NULL, NULL, NULL, NULL),
(21, 757, 'INDOOR30001', NULL, NULL, NULL, 12701, NULL, NULL, NULL, NULL),
(21, 757, 'INDOOR30002', NULL, NULL, NULL, 12701, NULL, NULL, NULL, NULL),
(21, 757, 'INDOOR30003', NULL, NULL, NULL, 12701, NULL, NULL, NULL, NULL),
(21, 757, 'INDOOR30004', NULL, NULL, NULL, 12701, NULL, NULL, NULL, NULL),
(21, 757, 'INDOOR30005', NULL, NULL, NULL, 12701, NULL, NULL, NULL, NULL),
(21, 757, 'INDOOR30006', NULL, NULL, NULL, 12701, NULL, NULL, NULL, NULL),
(21, 757, 'INDOOR30007', NULL, NULL, NULL, 12701, NULL, NULL, NULL, NULL),
(21, 757, 'INDOOR30008', NULL, NULL, NULL, 12701, NULL, NULL, NULL, NULL),
(21, 757, 'INDOOR30009', NULL, NULL, NULL, 12701, NULL, NULL, NULL, NULL),
(22, 331, 'INDOOR30001', NULL, NULL, NULL, 0, NULL, NULL, NULL, NULL),
(22, 331, 'INDOOR30002', NULL, NULL, NULL, 0, NULL, NULL, NULL, NULL),
(22, 331, 'INDOOR30003', NULL, NULL, NULL, 0, NULL, NULL, NULL, NULL),
(22, 331, 'INDOOR30004', NULL, NULL, NULL, 0, NULL, NULL, NULL, NULL),
(22, 331, 'INDOOR30005', NULL, NULL, NULL, 0, NULL, NULL, NULL, NULL),
(22, 331, 'INDOOR30006', NULL, NULL, NULL, 0, NULL, NULL, NULL, NULL),
(22, 331, 'INDOOR30007', NULL, NULL, NULL, 0, NULL, NULL, NULL, NULL),
(22, 331, 'INDOOR30008', NULL, NULL, NULL, 0, NULL, NULL, NULL, NULL),
(22, 331, 'INDOOR30009', NULL, NULL, NULL, 0, NULL, NULL, NULL, NULL),
(22, 529, 'INDOOR30001', NULL, NULL, NULL, 0, NULL, NULL, NULL, NULL),
(22, 529, 'INDOOR30002', NULL, NULL, NULL, 0, NULL, NULL, NULL, NULL),
(22, 529, 'INDOOR30003', NULL, NULL, NULL, 0, NULL, NULL, NULL, NULL),
(22, 529, 'INDOOR30004', NULL, NULL, NULL, 0, NULL, NULL, NULL, NULL),
(22, 529, 'INDOOR30005', NULL, NULL, NULL, 0, NULL, NULL, NULL, NULL),
(22, 529, 'INDOOR30006', NULL, NULL, NULL, 0, NULL, NULL, NULL, NULL),
(22, 529, 'INDOOR30007', NULL, NULL, NULL, 0, NULL, NULL, NULL, NULL),
(22, 529, 'INDOOR30008', NULL, NULL, NULL, 0, NULL, NULL, NULL, NULL),
(22, 529, 'INDOOR30009', NULL, NULL, NULL, 0, NULL, NULL, NULL, NULL),
(22, 758, 'INDOOR30001', NULL, NULL, NULL, 0, NULL, NULL, NULL, NULL),
(22, 758, 'INDOOR30002', NULL, NULL, NULL, 0, NULL, NULL, NULL, NULL),
(22, 758, 'INDOOR30003', NULL, NULL, NULL, 0, NULL, NULL, NULL, NULL),
(22, 758, 'INDOOR30004', NULL, NULL, NULL, 0, NULL, NULL, NULL, NULL),
(22, 758, 'INDOOR30005', NULL, NULL, NULL, 0, NULL, NULL, NULL, NULL),
(22, 758, 'INDOOR30006', NULL, NULL, NULL, 0, NULL, NULL, NULL, NULL),
(22, 758, 'INDOOR30007', NULL, NULL, NULL, 0, NULL, NULL, NULL, NULL),
(22, 758, 'INDOOR30008', NULL, NULL, NULL, 0, NULL, NULL, NULL, NULL),
(22, 758, 'INDOOR30009', NULL, NULL, NULL, 0, NULL, NULL, NULL, NULL),
(23, 332, 'INDOOR30001', NULL, NULL, NULL, 120, NULL, NULL, NULL, NULL),
(23, 332, 'INDOOR30002', NULL, NULL, NULL, 120, NULL, NULL, NULL, NULL),
(23, 332, 'INDOOR30003', NULL, NULL, NULL, 120, NULL, NULL, NULL, NULL),
(23, 332, 'INDOOR30004', NULL, NULL, NULL, 120, NULL, NULL, NULL, NULL),
(23, 332, 'INDOOR30005', NULL, NULL, NULL, 120, NULL, NULL, NULL, NULL),
(23, 332, 'INDOOR30006', NULL, NULL, NULL, 120, NULL, NULL, NULL, NULL),
(23, 332, 'INDOOR30007', NULL, NULL, NULL, 120, NULL, NULL, NULL, NULL),
(23, 332, 'INDOOR30008', NULL, NULL, NULL, 120, NULL, NULL, NULL, NULL),
(23, 332, 'INDOOR30009', NULL, NULL, NULL, 120, NULL, NULL, NULL, NULL),
(23, 530, 'INDOOR30001', NULL, NULL, NULL, 120, NULL, NULL, NULL, NULL),
(23, 530, 'INDOOR30002', NULL, NULL, NULL, 120, NULL, NULL, NULL, NULL),
(23, 530, 'INDOOR30003', NULL, NULL, NULL, 120, NULL, NULL, NULL, NULL),
(23, 530, 'INDOOR30004', NULL, NULL, NULL, 120, NULL, NULL, NULL, NULL),
(23, 530, 'INDOOR30005', NULL, NULL, NULL, 120, NULL, NULL, NULL, NULL),
(23, 530, 'INDOOR30006', NULL, NULL, NULL, 120, NULL, NULL, NULL, NULL),
(23, 530, 'INDOOR30007', NULL, NULL, NULL, 120, NULL, NULL, NULL, NULL),
(23, 530, 'INDOOR30008', NULL, NULL, NULL, 120, NULL, NULL, NULL, NULL),
(23, 530, 'INDOOR30009', NULL, NULL, NULL, 120, NULL, NULL, NULL, NULL),
(23, 759, 'INDOOR30001', NULL, NULL, NULL, 120, NULL, NULL, NULL, NULL),
(23, 759, 'INDOOR30002', NULL, NULL, NULL, 120, NULL, NULL, NULL, NULL),
(23, 759, 'INDOOR30003', NULL, NULL, NULL, 120, NULL, NULL, NULL, NULL),
(23, 759, 'INDOOR30004', NULL, NULL, NULL, 120, NULL, NULL, NULL, NULL),
(23, 759, 'INDOOR30005', NULL, NULL, NULL, 120, NULL, NULL, NULL, NULL),
(23, 759, 'INDOOR30006', NULL, NULL, NULL, 120, NULL, NULL, NULL, NULL),
(23, 759, 'INDOOR30007', NULL, NULL, NULL, 120, NULL, NULL, NULL, NULL),
(23, 759, 'INDOOR30008', NULL, NULL, NULL, 120, NULL, NULL, NULL, NULL),
(23, 759, 'INDOOR30009', NULL, NULL, NULL, 120, NULL, NULL, NULL, NULL),
(24, 333, 'INDOOR30001', NULL, NULL, NULL, 0, NULL, NULL, NULL, NULL),
(24, 333, 'INDOOR30002', NULL, NULL, NULL, 0, NULL, NULL, NULL, NULL),
(24, 333, 'INDOOR30003', NULL, NULL, NULL, 0, NULL, NULL, NULL, NULL),
(24, 333, 'INDOOR30004', NULL, NULL, NULL, 0, NULL, NULL, NULL, NULL),
(24, 333, 'INDOOR30005', NULL, NULL, NULL, 0, NULL, NULL, NULL, NULL),
(24, 333, 'INDOOR30006', NULL, NULL, NULL, 0, NULL, NULL, NULL, NULL),
(24, 333, 'INDOOR30007', NULL, NULL, NULL, 0, NULL, NULL, NULL, NULL),
(24, 333, 'INDOOR30008', NULL, NULL, NULL, 0, NULL, NULL, NULL, NULL),
(24, 333, 'INDOOR30009', NULL, NULL, NULL, 0, NULL, NULL, NULL, NULL),
(24, 531, 'INDOOR30001', NULL, NULL, NULL, 0, NULL, NULL, NULL, NULL),
(24, 531, 'INDOOR30002', NULL, NULL, NULL, 0, NULL, NULL, NULL, NULL),
(24, 531, 'INDOOR30003', NULL, NULL, NULL, 0, NULL, NULL, NULL, NULL),
(24, 531, 'INDOOR30004', NULL, NULL, NULL, 0, NULL, NULL, NULL, NULL),
(24, 531, 'INDOOR30005', NULL, NULL, NULL, 0, NULL, NULL, NULL, NULL),
(24, 531, 'INDOOR30006', NULL, NULL, NULL, 0, NULL, NULL, NULL, NULL),
(24, 531, 'INDOOR30007', NULL, NULL, NULL, 0, NULL, NULL, NULL, NULL),
(24, 531, 'INDOOR30008', NULL, NULL, NULL, 0, NULL, NULL, NULL, NULL),
(24, 531, 'INDOOR30009', NULL, NULL, NULL, 0, NULL, NULL, NULL, NULL),
(24, 760, 'INDOOR30001', NULL, NULL, NULL, 0, NULL, NULL, NULL, NULL),
(24, 760, 'INDOOR30002', NULL, NULL, NULL, 0, NULL, NULL, NULL, NULL),
(24, 760, 'INDOOR30003', NULL, NULL, NULL, 0, NULL, NULL, NULL, NULL),
(24, 760, 'INDOOR30004', NULL, NULL, NULL, 0, NULL, NULL, NULL, NULL),
(24, 760, 'INDOOR30005', NULL, NULL, NULL, 0, NULL, NULL, NULL, NULL),
(24, 760, 'INDOOR30006', NULL, NULL, NULL, 0, NULL, NULL, NULL, NULL),
(24, 760, 'INDOOR30007', NULL, NULL, NULL, 0, NULL, NULL, NULL, NULL),
(24, 760, 'INDOOR30008', NULL, NULL, NULL, 0, NULL, NULL, NULL, NULL),
(24, 760, 'INDOOR30009', NULL, NULL, NULL, 0, NULL, NULL, NULL, NULL),
(25, 334, 'INDOOR30001', NULL, NULL, NULL, 0, NULL, NULL, NULL, NULL),
(25, 334, 'INDOOR30002', NULL, NULL, NULL, 0, NULL, NULL, NULL, NULL),
(25, 334, 'INDOOR30003', NULL, NULL, NULL, 0, NULL, NULL, NULL, NULL),
(25, 334, 'INDOOR30004', NULL, NULL, NULL, 0, NULL, NULL, NULL, NULL),
(25, 334, 'INDOOR30005', NULL, NULL, NULL, 0, NULL, NULL, NULL, NULL),
(25, 334, 'INDOOR30006', NULL, NULL, NULL, 0, NULL, NULL, NULL, NULL),
(25, 334, 'INDOOR30007', NULL, NULL, NULL, 0, NULL, NULL, NULL, NULL),
(25, 334, 'INDOOR30008', NULL, NULL, NULL, 0, NULL, NULL, NULL, NULL),
(25, 334, 'INDOOR30009', NULL, NULL, NULL, 0, NULL, NULL, NULL, NULL),
(25, 532, 'INDOOR30001', NULL, NULL, NULL, 0, NULL, NULL, NULL, NULL),
(25, 532, 'INDOOR30002', NULL, NULL, NULL, 0, NULL, NULL, NULL, NULL),
(25, 532, 'INDOOR30003', NULL, NULL, NULL, 0, NULL, NULL, NULL, NULL),
(25, 532, 'INDOOR30004', NULL, NULL, NULL, 0, NULL, NULL, NULL, NULL),
(25, 532, 'INDOOR30005', NULL, NULL, NULL, 0, NULL, NULL, NULL, NULL),
(25, 532, 'INDOOR30006', NULL, NULL, NULL, 0, NULL, NULL, NULL, NULL),
(25, 532, 'INDOOR30007', NULL, NULL, NULL, 0, NULL, NULL, NULL, NULL),
(25, 532, 'INDOOR30008', NULL, NULL, NULL, 0, NULL, NULL, NULL, NULL),
(25, 532, 'INDOOR30009', NULL, NULL, NULL, 0, NULL, NULL, NULL, NULL),
(25, 761, 'INDOOR30001', NULL, NULL, NULL, 0, NULL, NULL, NULL, NULL),
(25, 761, 'INDOOR30002', NULL, NULL, NULL, 0, NULL, NULL, NULL, NULL),
(25, 761, 'INDOOR30003', NULL, NULL, NULL, 0, NULL, NULL, NULL, NULL),
(25, 761, 'INDOOR30004', NULL, NULL, NULL, 0, NULL, NULL, NULL, NULL),
(25, 761, 'INDOOR30005', NULL, NULL, NULL, 0, NULL, NULL, NULL, NULL),
(25, 761, 'INDOOR30006', NULL, NULL, NULL, 0, NULL, NULL, NULL, NULL),
(25, 761, 'INDOOR30007', NULL, NULL, NULL, 0, NULL, NULL, NULL, NULL),
(25, 761, 'INDOOR30008', NULL, NULL, NULL, 0, NULL, NULL, NULL, NULL),
(25, 761, 'INDOOR30009', NULL, NULL, NULL, 0, NULL, NULL, NULL, NULL),
(26, 335, 'INDOOR30001', NULL, NULL, NULL, 0, NULL, NULL, NULL, NULL),
(26, 335, 'INDOOR30002', NULL, NULL, NULL, 0, NULL, NULL, NULL, NULL),
(26, 335, 'INDOOR30003', NULL, NULL, NULL, 0, NULL, NULL, NULL, NULL),
(26, 335, 'INDOOR30004', NULL, NULL, NULL, 0, NULL, NULL, NULL, NULL),
(26, 335, 'INDOOR30005', NULL, NULL, NULL, 0, NULL, NULL, NULL, NULL),
(26, 335, 'INDOOR30006', NULL, NULL, NULL, 0, NULL, NULL, NULL, NULL),
(26, 335, 'INDOOR30007', NULL, NULL, NULL, 0, NULL, NULL, NULL, NULL),
(26, 335, 'INDOOR30008', NULL, NULL, NULL, 0, NULL, NULL, NULL, NULL),
(26, 335, 'INDOOR30009', NULL, NULL, NULL, 0, NULL, NULL, NULL, NULL),
(26, 533, 'INDOOR30001', NULL, NULL, NULL, 0, NULL, NULL, NULL, NULL),
(26, 533, 'INDOOR30002', NULL, NULL, NULL, 0, NULL, NULL, NULL, NULL),
(26, 533, 'INDOOR30003', NULL, NULL, NULL, 0, NULL, NULL, NULL, NULL),
(26, 533, 'INDOOR30004', NULL, NULL, NULL, 0, NULL, NULL, NULL, NULL),
(26, 533, 'INDOOR30005', NULL, NULL, NULL, 0, NULL, NULL, NULL, NULL),
(26, 533, 'INDOOR30006', NULL, NULL, NULL, 0, NULL, NULL, NULL, NULL),
(26, 533, 'INDOOR30007', NULL, NULL, NULL, 0, NULL, NULL, NULL, NULL),
(26, 533, 'INDOOR30008', NULL, NULL, NULL, 0, NULL, NULL, NULL, NULL),
(26, 533, 'INDOOR30009', NULL, NULL, NULL, 0, NULL, NULL, NULL, NULL),
(26, 762, 'INDOOR30001', NULL, NULL, NULL, 0, NULL, NULL, NULL, NULL),
(26, 762, 'INDOOR30002', NULL, NULL, NULL, 0, NULL, NULL, NULL, NULL),
(26, 762, 'INDOOR30003', NULL, NULL, NULL, 0, NULL, NULL, NULL, NULL),
(26, 762, 'INDOOR30004', NULL, NULL, NULL, 0, NULL, NULL, NULL, NULL),
(26, 762, 'INDOOR30005', NULL, NULL, NULL, 0, NULL, NULL, NULL, NULL),
(26, 762, 'INDOOR30006', NULL, NULL, NULL, 0, NULL, NULL, NULL, NULL),
(26, 762, 'INDOOR30007', NULL, NULL, NULL, 0, NULL, NULL, NULL, NULL),
(26, 762, 'INDOOR30008', NULL, NULL, NULL, 0, NULL, NULL, NULL, NULL),
(26, 762, 'INDOOR30009', NULL, NULL, NULL, 0, NULL, NULL, NULL, NULL),
(27, 336, 'INDOOR30001', NULL, NULL, NULL, 0, NULL, NULL, NULL, NULL),
(27, 336, 'INDOOR30002', NULL, NULL, NULL, 0, NULL, NULL, NULL, NULL),
(27, 336, 'INDOOR30003', NULL, NULL, NULL, 0, NULL, NULL, NULL, NULL),
(27, 336, 'INDOOR30004', NULL, NULL, NULL, 0, NULL, NULL, NULL, NULL),
(27, 336, 'INDOOR30005', NULL, NULL, NULL, 0, NULL, NULL, NULL, NULL),
(27, 336, 'INDOOR30006', NULL, NULL, NULL, 0, NULL, NULL, NULL, NULL),
(27, 336, 'INDOOR30007', NULL, NULL, NULL, 0, NULL, NULL, NULL, NULL),
(27, 336, 'INDOOR30008', NULL, NULL, NULL, 0, NULL, NULL, NULL, NULL),
(27, 336, 'INDOOR30009', NULL, NULL, NULL, 0, NULL, NULL, NULL, NULL),
(27, 534, 'INDOOR30001', NULL, NULL, NULL, 0, NULL, NULL, NULL, NULL),
(27, 534, 'INDOOR30002', NULL, NULL, NULL, 0, NULL, NULL, NULL, NULL),
(27, 534, 'INDOOR30003', NULL, NULL, NULL, 0, NULL, NULL, NULL, NULL),
(27, 534, 'INDOOR30004', NULL, NULL, NULL, 0, NULL, NULL, NULL, NULL),
(27, 534, 'INDOOR30005', NULL, NULL, NULL, 0, NULL, NULL, NULL, NULL),
(27, 534, 'INDOOR30006', NULL, NULL, NULL, 0, NULL, NULL, NULL, NULL),
(27, 534, 'INDOOR30007', NULL, NULL, NULL, 0, NULL, NULL, NULL, NULL),
(27, 534, 'INDOOR30008', NULL, NULL, NULL, 0, NULL, NULL, NULL, NULL),
(27, 534, 'INDOOR30009', NULL, NULL, NULL, 0, NULL, NULL, NULL, NULL),
(27, 763, 'INDOOR30001', NULL, NULL, NULL, 0, NULL, NULL, NULL, NULL),
(27, 763, 'INDOOR30002', NULL, NULL, NULL, 0, NULL, NULL, NULL, NULL),
(27, 763, 'INDOOR30003', NULL, NULL, NULL, 0, NULL, NULL, NULL, NULL),
(27, 763, 'INDOOR30004', NULL, NULL, NULL, 0, NULL, NULL, NULL, NULL),
(27, 763, 'INDOOR30005', NULL, NULL, NULL, 0, NULL, NULL, NULL, NULL),
(27, 763, 'INDOOR30006', NULL, NULL, NULL, 0, NULL, NULL, NULL, NULL),
(27, 763, 'INDOOR30007', NULL, NULL, NULL, 0, NULL, NULL, NULL, NULL),
(27, 763, 'INDOOR30008', NULL, NULL, NULL, 0, NULL, NULL, NULL, NULL),
(27, 763, 'INDOOR30009', NULL, NULL, NULL, 0, NULL, NULL, NULL, NULL),
(28, 337, 'INDOOR30001', NULL, NULL, NULL, 120, NULL, NULL, NULL, NULL),
(28, 337, 'INDOOR30002', NULL, NULL, NULL, 120, NULL, NULL, NULL, NULL),
(28, 337, 'INDOOR30003', NULL, NULL, NULL, 120, NULL, NULL, NULL, NULL),
(28, 337, 'INDOOR30004', NULL, NULL, NULL, 120, NULL, NULL, NULL, NULL),
(28, 337, 'INDOOR30005', NULL, NULL, NULL, 120, NULL, NULL, NULL, NULL),
(28, 337, 'INDOOR30006', NULL, NULL, NULL, 120, NULL, NULL, NULL, NULL),
(28, 337, 'INDOOR30007', NULL, NULL, NULL, 120, NULL, NULL, NULL, NULL),
(28, 337, 'INDOOR30008', NULL, NULL, NULL, 120, NULL, NULL, NULL, NULL),
(28, 337, 'INDOOR30009', NULL, NULL, NULL, 120, NULL, NULL, NULL, NULL),
(28, 535, 'INDOOR30001', NULL, NULL, NULL, 120, NULL, NULL, NULL, NULL),
(28, 535, 'INDOOR30002', NULL, NULL, NULL, 120, NULL, NULL, NULL, NULL),
(28, 535, 'INDOOR30003', NULL, NULL, NULL, 120, NULL, NULL, NULL, NULL),
(28, 535, 'INDOOR30004', NULL, NULL, NULL, 120, NULL, NULL, NULL, NULL),
(28, 535, 'INDOOR30005', NULL, NULL, NULL, 120, NULL, NULL, NULL, NULL),
(28, 535, 'INDOOR30006', NULL, NULL, NULL, 120, NULL, NULL, NULL, NULL),
(28, 535, 'INDOOR30007', NULL, NULL, NULL, 120, NULL, NULL, NULL, NULL),
(28, 535, 'INDOOR30008', NULL, NULL, NULL, 120, NULL, NULL, NULL, NULL),
(28, 535, 'INDOOR30009', NULL, NULL, NULL, 120, NULL, NULL, NULL, NULL),
(28, 764, 'INDOOR30001', NULL, NULL, NULL, 120, NULL, NULL, NULL, NULL),
(28, 764, 'INDOOR30002', NULL, NULL, NULL, 120, NULL, NULL, NULL, NULL);
INSERT INTO `noidungcongviec` (`ID_DOTBD`, `ID_THIETBI`, `MA_NOIDUNG`, `GHICHU`, `KIENNGHI`, `TRANGTHAI`, `ID_NHANVIEN`, `KETQUA`, `SOLIEUTHUCTE`, `KETQUAXULY`, `ANH`) VALUES
(28, 764, 'INDOOR30003', NULL, NULL, NULL, 120, NULL, NULL, NULL, NULL),
(28, 764, 'INDOOR30004', NULL, NULL, NULL, 120, NULL, NULL, NULL, NULL),
(28, 764, 'INDOOR30005', NULL, NULL, NULL, 120, NULL, NULL, NULL, NULL),
(28, 764, 'INDOOR30006', NULL, NULL, NULL, 120, NULL, NULL, NULL, NULL),
(28, 764, 'INDOOR30007', NULL, NULL, NULL, 120, NULL, NULL, NULL, NULL),
(28, 764, 'INDOOR30008', NULL, NULL, NULL, 120, NULL, NULL, NULL, NULL),
(28, 764, 'INDOOR30009', NULL, NULL, NULL, 120, NULL, NULL, NULL, NULL),
(29, 338, 'INDOOR30001', NULL, NULL, NULL, 0, NULL, NULL, NULL, NULL),
(29, 338, 'INDOOR30002', NULL, NULL, NULL, 0, NULL, NULL, NULL, NULL),
(29, 338, 'INDOOR30003', NULL, NULL, NULL, 0, NULL, NULL, NULL, NULL),
(29, 338, 'INDOOR30004', NULL, NULL, NULL, 0, NULL, NULL, NULL, NULL),
(29, 338, 'INDOOR30005', NULL, NULL, NULL, 0, NULL, NULL, NULL, NULL),
(29, 338, 'INDOOR30006', NULL, NULL, NULL, 0, NULL, NULL, NULL, NULL),
(29, 338, 'INDOOR30007', NULL, NULL, NULL, 0, NULL, NULL, NULL, NULL),
(29, 338, 'INDOOR30008', NULL, NULL, NULL, 0, NULL, NULL, NULL, NULL),
(29, 338, 'INDOOR30009', NULL, NULL, NULL, 0, NULL, NULL, NULL, NULL),
(29, 536, 'INDOOR30001', NULL, NULL, NULL, 0, NULL, NULL, NULL, NULL),
(29, 536, 'INDOOR30002', NULL, NULL, NULL, 0, NULL, NULL, NULL, NULL),
(29, 536, 'INDOOR30003', NULL, NULL, NULL, 0, NULL, NULL, NULL, NULL),
(29, 536, 'INDOOR30004', NULL, NULL, NULL, 0, NULL, NULL, NULL, NULL),
(29, 536, 'INDOOR30005', NULL, NULL, NULL, 0, NULL, NULL, NULL, NULL),
(29, 536, 'INDOOR30006', NULL, NULL, NULL, 0, NULL, NULL, NULL, NULL),
(29, 536, 'INDOOR30007', NULL, NULL, NULL, 0, NULL, NULL, NULL, NULL),
(29, 536, 'INDOOR30008', NULL, NULL, NULL, 0, NULL, NULL, NULL, NULL),
(29, 536, 'INDOOR30009', NULL, NULL, NULL, 0, NULL, NULL, NULL, NULL),
(29, 765, 'INDOOR30001', NULL, NULL, NULL, 0, NULL, NULL, NULL, NULL),
(29, 765, 'INDOOR30002', NULL, NULL, NULL, 0, NULL, NULL, NULL, NULL),
(29, 765, 'INDOOR30003', NULL, NULL, NULL, 0, NULL, NULL, NULL, NULL),
(29, 765, 'INDOOR30004', NULL, NULL, NULL, 0, NULL, NULL, NULL, NULL),
(29, 765, 'INDOOR30005', NULL, NULL, NULL, 0, NULL, NULL, NULL, NULL),
(29, 765, 'INDOOR30006', NULL, NULL, NULL, 0, NULL, NULL, NULL, NULL),
(29, 765, 'INDOOR30007', NULL, NULL, NULL, 0, NULL, NULL, NULL, NULL),
(29, 765, 'INDOOR30008', NULL, NULL, NULL, 0, NULL, NULL, NULL, NULL),
(29, 765, 'INDOOR30009', NULL, NULL, NULL, 0, NULL, NULL, NULL, NULL),
(30, 339, 'INDOOR30001', NULL, NULL, NULL, 15, NULL, NULL, NULL, NULL),
(30, 339, 'INDOOR30002', NULL, NULL, NULL, 15, NULL, NULL, NULL, NULL),
(30, 339, 'INDOOR30003', NULL, NULL, NULL, 15, NULL, NULL, NULL, NULL),
(30, 339, 'INDOOR30004', NULL, NULL, NULL, 15, NULL, NULL, NULL, NULL),
(30, 339, 'INDOOR30005', NULL, NULL, NULL, 15, NULL, NULL, NULL, NULL),
(30, 339, 'INDOOR30006', NULL, NULL, NULL, 15, NULL, NULL, NULL, NULL),
(30, 339, 'INDOOR30007', NULL, NULL, NULL, 15, NULL, NULL, NULL, NULL),
(30, 339, 'INDOOR30008', NULL, NULL, NULL, 15, NULL, NULL, NULL, NULL),
(30, 339, 'INDOOR30009', NULL, NULL, NULL, 15, NULL, NULL, NULL, NULL),
(30, 537, 'INDOOR30001', NULL, NULL, NULL, 15, NULL, NULL, NULL, NULL),
(30, 537, 'INDOOR30002', NULL, NULL, NULL, 15, NULL, NULL, NULL, NULL),
(30, 537, 'INDOOR30003', NULL, NULL, NULL, 15, NULL, NULL, NULL, NULL),
(30, 537, 'INDOOR30004', NULL, NULL, NULL, 15, NULL, NULL, NULL, NULL),
(30, 537, 'INDOOR30005', NULL, NULL, NULL, 15, NULL, NULL, NULL, NULL),
(30, 537, 'INDOOR30006', NULL, NULL, NULL, 15, NULL, NULL, NULL, NULL),
(30, 537, 'INDOOR30007', NULL, NULL, NULL, 15, NULL, NULL, NULL, NULL),
(30, 537, 'INDOOR30008', NULL, NULL, NULL, 15, NULL, NULL, NULL, NULL),
(30, 537, 'INDOOR30009', NULL, NULL, NULL, 15, NULL, NULL, NULL, NULL),
(30, 766, 'INDOOR30001', NULL, NULL, NULL, 15, NULL, NULL, NULL, NULL),
(30, 766, 'INDOOR30002', NULL, NULL, NULL, 15, NULL, NULL, NULL, NULL),
(30, 766, 'INDOOR30003', NULL, NULL, NULL, 15, NULL, NULL, NULL, NULL),
(30, 766, 'INDOOR30004', NULL, NULL, NULL, 15, NULL, NULL, NULL, NULL),
(30, 766, 'INDOOR30005', NULL, NULL, NULL, 15, NULL, NULL, NULL, NULL),
(30, 766, 'INDOOR30006', NULL, NULL, NULL, 15, NULL, NULL, NULL, NULL),
(30, 766, 'INDOOR30007', NULL, NULL, NULL, 15, NULL, NULL, NULL, NULL),
(30, 766, 'INDOOR30008', NULL, NULL, NULL, 15, NULL, NULL, NULL, NULL),
(30, 766, 'INDOOR30009', NULL, NULL, NULL, 15, NULL, NULL, NULL, NULL),
(31, 340, 'INDOOR30001', NULL, NULL, NULL, 0, NULL, NULL, NULL, NULL),
(31, 340, 'INDOOR30002', NULL, NULL, NULL, 0, NULL, NULL, NULL, NULL),
(31, 340, 'INDOOR30003', NULL, NULL, NULL, 0, NULL, NULL, NULL, NULL),
(31, 340, 'INDOOR30004', NULL, NULL, NULL, 0, NULL, NULL, NULL, NULL),
(31, 340, 'INDOOR30005', NULL, NULL, NULL, 0, NULL, NULL, NULL, NULL),
(31, 340, 'INDOOR30006', NULL, NULL, NULL, 0, NULL, NULL, NULL, NULL),
(31, 340, 'INDOOR30007', NULL, NULL, NULL, 0, NULL, NULL, NULL, NULL),
(31, 340, 'INDOOR30008', NULL, NULL, NULL, 0, NULL, NULL, NULL, NULL),
(31, 340, 'INDOOR30009', NULL, NULL, NULL, 0, NULL, NULL, NULL, NULL),
(31, 538, 'INDOOR30001', NULL, NULL, NULL, 0, NULL, NULL, NULL, NULL),
(31, 538, 'INDOOR30002', NULL, NULL, NULL, 0, NULL, NULL, NULL, NULL),
(31, 538, 'INDOOR30003', NULL, NULL, NULL, 0, NULL, NULL, NULL, NULL),
(31, 538, 'INDOOR30004', NULL, NULL, NULL, 0, NULL, NULL, NULL, NULL),
(31, 538, 'INDOOR30005', NULL, NULL, NULL, 0, NULL, NULL, NULL, NULL),
(31, 538, 'INDOOR30006', NULL, NULL, NULL, 0, NULL, NULL, NULL, NULL),
(31, 538, 'INDOOR30007', NULL, NULL, NULL, 0, NULL, NULL, NULL, NULL),
(31, 538, 'INDOOR30008', NULL, NULL, NULL, 0, NULL, NULL, NULL, NULL),
(31, 538, 'INDOOR30009', NULL, NULL, NULL, 0, NULL, NULL, NULL, NULL),
(31, 767, 'INDOOR30001', NULL, NULL, NULL, 0, NULL, NULL, NULL, NULL),
(31, 767, 'INDOOR30002', NULL, NULL, NULL, 0, NULL, NULL, NULL, NULL),
(31, 767, 'INDOOR30003', NULL, NULL, NULL, 0, NULL, NULL, NULL, NULL),
(31, 767, 'INDOOR30004', NULL, NULL, NULL, 0, NULL, NULL, NULL, NULL),
(31, 767, 'INDOOR30005', NULL, NULL, NULL, 0, NULL, NULL, NULL, NULL),
(31, 767, 'INDOOR30006', NULL, NULL, NULL, 0, NULL, NULL, NULL, NULL),
(31, 767, 'INDOOR30007', NULL, NULL, NULL, 0, NULL, NULL, NULL, NULL),
(31, 767, 'INDOOR30008', NULL, NULL, NULL, 0, NULL, NULL, NULL, NULL),
(31, 767, 'INDOOR30009', NULL, NULL, NULL, 0, NULL, NULL, NULL, NULL),
(32, 341, 'INDOOR30001', NULL, NULL, NULL, 12701, NULL, NULL, NULL, NULL),
(32, 341, 'INDOOR30002', NULL, NULL, NULL, 12701, NULL, NULL, NULL, NULL),
(32, 341, 'INDOOR30003', NULL, NULL, NULL, 12701, NULL, NULL, NULL, NULL),
(32, 341, 'INDOOR30004', NULL, NULL, NULL, 12701, NULL, NULL, NULL, NULL),
(32, 341, 'INDOOR30005', NULL, NULL, NULL, 12701, NULL, NULL, NULL, NULL),
(32, 341, 'INDOOR30006', NULL, NULL, NULL, 12701, NULL, NULL, NULL, NULL),
(32, 341, 'INDOOR30007', NULL, NULL, NULL, 12701, NULL, NULL, NULL, NULL),
(32, 341, 'INDOOR30008', NULL, NULL, NULL, 12701, NULL, NULL, NULL, NULL),
(32, 341, 'INDOOR30009', NULL, NULL, NULL, 12701, NULL, NULL, NULL, NULL),
(32, 539, 'INDOOR30001', NULL, NULL, NULL, 12701, NULL, NULL, NULL, NULL),
(32, 539, 'INDOOR30002', NULL, NULL, NULL, 12701, NULL, NULL, NULL, NULL),
(32, 539, 'INDOOR30003', NULL, NULL, NULL, 12701, NULL, NULL, NULL, NULL),
(32, 539, 'INDOOR30004', NULL, NULL, NULL, 12701, NULL, NULL, NULL, NULL),
(32, 539, 'INDOOR30005', NULL, NULL, NULL, 12701, NULL, NULL, NULL, NULL),
(32, 539, 'INDOOR30006', NULL, NULL, NULL, 12701, NULL, NULL, NULL, NULL),
(32, 539, 'INDOOR30007', NULL, NULL, NULL, 12701, NULL, NULL, NULL, NULL),
(32, 539, 'INDOOR30008', NULL, NULL, NULL, 12701, NULL, NULL, NULL, NULL),
(32, 539, 'INDOOR30009', NULL, NULL, NULL, 12701, NULL, NULL, NULL, NULL),
(32, 768, 'INDOOR30001', NULL, NULL, NULL, 12701, NULL, NULL, NULL, NULL),
(32, 768, 'INDOOR30002', NULL, NULL, NULL, 12701, NULL, NULL, NULL, NULL),
(32, 768, 'INDOOR30003', NULL, NULL, NULL, 12701, NULL, NULL, NULL, NULL),
(32, 768, 'INDOOR30004', NULL, NULL, NULL, 12701, NULL, NULL, NULL, NULL),
(32, 768, 'INDOOR30005', NULL, NULL, NULL, 12701, NULL, NULL, NULL, NULL),
(32, 768, 'INDOOR30006', NULL, NULL, NULL, 12701, NULL, NULL, NULL, NULL),
(32, 768, 'INDOOR30007', NULL, NULL, NULL, 12701, NULL, NULL, NULL, NULL),
(32, 768, 'INDOOR30008', NULL, NULL, NULL, 12701, NULL, NULL, NULL, NULL),
(32, 768, 'INDOOR30009', NULL, NULL, NULL, 12701, NULL, NULL, NULL, NULL),
(33, 342, 'INDOOR30001', NULL, NULL, NULL, 0, NULL, NULL, NULL, NULL),
(33, 342, 'INDOOR30002', NULL, NULL, NULL, 0, NULL, NULL, NULL, NULL),
(33, 342, 'INDOOR30003', NULL, NULL, NULL, 0, NULL, NULL, NULL, NULL),
(33, 342, 'INDOOR30004', NULL, NULL, NULL, 0, NULL, NULL, NULL, NULL),
(33, 342, 'INDOOR30005', NULL, NULL, NULL, 0, NULL, NULL, NULL, NULL),
(33, 342, 'INDOOR30006', NULL, NULL, NULL, 0, NULL, NULL, NULL, NULL),
(33, 342, 'INDOOR30007', NULL, NULL, NULL, 0, NULL, NULL, NULL, NULL),
(33, 342, 'INDOOR30008', NULL, NULL, NULL, 0, NULL, NULL, NULL, NULL),
(33, 342, 'INDOOR30009', NULL, NULL, NULL, 0, NULL, NULL, NULL, NULL),
(33, 540, 'INDOOR30001', NULL, NULL, NULL, 0, NULL, NULL, NULL, NULL),
(33, 540, 'INDOOR30002', NULL, NULL, NULL, 0, NULL, NULL, NULL, NULL),
(33, 540, 'INDOOR30003', NULL, NULL, NULL, 0, NULL, NULL, NULL, NULL),
(33, 540, 'INDOOR30004', NULL, NULL, NULL, 0, NULL, NULL, NULL, NULL),
(33, 540, 'INDOOR30005', NULL, NULL, NULL, 0, NULL, NULL, NULL, NULL),
(33, 540, 'INDOOR30006', NULL, NULL, NULL, 0, NULL, NULL, NULL, NULL),
(33, 540, 'INDOOR30007', NULL, NULL, NULL, 0, NULL, NULL, NULL, NULL),
(33, 540, 'INDOOR30008', NULL, NULL, NULL, 0, NULL, NULL, NULL, NULL),
(33, 540, 'INDOOR30009', NULL, NULL, NULL, 0, NULL, NULL, NULL, NULL),
(33, 769, 'INDOOR30001', NULL, NULL, NULL, 0, NULL, NULL, NULL, NULL),
(33, 769, 'INDOOR30002', NULL, NULL, NULL, 0, NULL, NULL, NULL, NULL),
(33, 769, 'INDOOR30003', NULL, NULL, NULL, 0, NULL, NULL, NULL, NULL),
(33, 769, 'INDOOR30004', NULL, NULL, NULL, 0, NULL, NULL, NULL, NULL),
(33, 769, 'INDOOR30005', NULL, NULL, NULL, 0, NULL, NULL, NULL, NULL),
(33, 769, 'INDOOR30006', NULL, NULL, NULL, 0, NULL, NULL, NULL, NULL),
(33, 769, 'INDOOR30007', NULL, NULL, NULL, 0, NULL, NULL, NULL, NULL),
(33, 769, 'INDOOR30008', NULL, NULL, NULL, 0, NULL, NULL, NULL, NULL),
(33, 769, 'INDOOR30009', NULL, NULL, NULL, 0, NULL, NULL, NULL, NULL),
(34, 343, 'INDOOR30001', NULL, NULL, NULL, 120, NULL, NULL, NULL, NULL),
(34, 343, 'INDOOR30002', NULL, NULL, NULL, 120, NULL, NULL, NULL, NULL),
(34, 343, 'INDOOR30003', NULL, NULL, NULL, 120, NULL, NULL, NULL, NULL),
(34, 343, 'INDOOR30004', NULL, NULL, NULL, 120, NULL, NULL, NULL, NULL),
(34, 343, 'INDOOR30005', NULL, NULL, NULL, 120, NULL, NULL, NULL, NULL),
(34, 343, 'INDOOR30006', NULL, NULL, NULL, 120, NULL, NULL, NULL, NULL),
(34, 343, 'INDOOR30007', NULL, NULL, NULL, 120, NULL, NULL, NULL, NULL),
(34, 343, 'INDOOR30008', NULL, NULL, NULL, 120, NULL, NULL, NULL, NULL),
(34, 343, 'INDOOR30009', NULL, NULL, NULL, 120, NULL, NULL, NULL, NULL),
(34, 541, 'INDOOR30001', NULL, NULL, NULL, 120, NULL, NULL, NULL, NULL),
(34, 541, 'INDOOR30002', NULL, NULL, NULL, 120, NULL, NULL, NULL, NULL),
(34, 541, 'INDOOR30003', NULL, NULL, NULL, 120, NULL, NULL, NULL, NULL),
(34, 541, 'INDOOR30004', NULL, NULL, NULL, 120, NULL, NULL, NULL, NULL),
(34, 541, 'INDOOR30005', NULL, NULL, NULL, 120, NULL, NULL, NULL, NULL),
(34, 541, 'INDOOR30006', NULL, NULL, NULL, 120, NULL, NULL, NULL, NULL),
(34, 541, 'INDOOR30007', NULL, NULL, NULL, 120, NULL, NULL, NULL, NULL),
(34, 541, 'INDOOR30008', NULL, NULL, NULL, 120, NULL, NULL, NULL, NULL),
(34, 541, 'INDOOR30009', NULL, NULL, NULL, 120, NULL, NULL, NULL, NULL),
(34, 770, 'INDOOR30001', NULL, NULL, NULL, 120, NULL, NULL, NULL, NULL),
(34, 770, 'INDOOR30002', NULL, NULL, NULL, 120, NULL, NULL, NULL, NULL),
(34, 770, 'INDOOR30003', NULL, NULL, NULL, 120, NULL, NULL, NULL, NULL),
(34, 770, 'INDOOR30004', NULL, NULL, NULL, 120, NULL, NULL, NULL, NULL),
(34, 770, 'INDOOR30005', NULL, NULL, NULL, 120, NULL, NULL, NULL, NULL),
(34, 770, 'INDOOR30006', NULL, NULL, NULL, 120, NULL, NULL, NULL, NULL),
(34, 770, 'INDOOR30007', NULL, NULL, NULL, 120, NULL, NULL, NULL, NULL),
(34, 770, 'INDOOR30008', NULL, NULL, NULL, 120, NULL, NULL, NULL, NULL),
(34, 770, 'INDOOR30009', NULL, NULL, NULL, 120, NULL, NULL, NULL, NULL),
(35, 344, 'INDOOR30001', NULL, NULL, NULL, 0, NULL, NULL, NULL, NULL),
(35, 344, 'INDOOR30002', NULL, NULL, NULL, 0, NULL, NULL, NULL, NULL),
(35, 344, 'INDOOR30003', NULL, NULL, NULL, 0, NULL, NULL, NULL, NULL),
(35, 344, 'INDOOR30004', NULL, NULL, NULL, 0, NULL, NULL, NULL, NULL),
(35, 344, 'INDOOR30005', NULL, NULL, NULL, 0, NULL, NULL, NULL, NULL),
(35, 344, 'INDOOR30006', NULL, NULL, NULL, 0, NULL, NULL, NULL, NULL),
(35, 344, 'INDOOR30007', NULL, NULL, NULL, 0, NULL, NULL, NULL, NULL),
(35, 344, 'INDOOR30008', NULL, NULL, NULL, 0, NULL, NULL, NULL, NULL),
(35, 344, 'INDOOR30009', NULL, NULL, NULL, 0, NULL, NULL, NULL, NULL),
(35, 542, 'INDOOR30001', NULL, NULL, NULL, 0, NULL, NULL, NULL, NULL),
(35, 542, 'INDOOR30002', NULL, NULL, NULL, 0, NULL, NULL, NULL, NULL),
(35, 542, 'INDOOR30003', NULL, NULL, NULL, 0, NULL, NULL, NULL, NULL),
(35, 542, 'INDOOR30004', NULL, NULL, NULL, 0, NULL, NULL, NULL, NULL),
(35, 542, 'INDOOR30005', NULL, NULL, NULL, 0, NULL, NULL, NULL, NULL),
(35, 542, 'INDOOR30006', NULL, NULL, NULL, 0, NULL, NULL, NULL, NULL),
(35, 542, 'INDOOR30007', NULL, NULL, NULL, 0, NULL, NULL, NULL, NULL),
(35, 542, 'INDOOR30008', NULL, NULL, NULL, 0, NULL, NULL, NULL, NULL),
(35, 542, 'INDOOR30009', NULL, NULL, NULL, 0, NULL, NULL, NULL, NULL),
(35, 771, 'INDOOR30001', NULL, NULL, NULL, 0, NULL, NULL, NULL, NULL),
(35, 771, 'INDOOR30002', NULL, NULL, NULL, 0, NULL, NULL, NULL, NULL),
(35, 771, 'INDOOR30003', NULL, NULL, NULL, 0, NULL, NULL, NULL, NULL),
(35, 771, 'INDOOR30004', NULL, NULL, NULL, 0, NULL, NULL, NULL, NULL),
(35, 771, 'INDOOR30005', NULL, NULL, NULL, 0, NULL, NULL, NULL, NULL),
(35, 771, 'INDOOR30006', NULL, NULL, NULL, 0, NULL, NULL, NULL, NULL),
(35, 771, 'INDOOR30007', NULL, NULL, NULL, 0, NULL, NULL, NULL, NULL),
(35, 771, 'INDOOR30008', NULL, NULL, NULL, 0, NULL, NULL, NULL, NULL),
(35, 771, 'INDOOR30009', NULL, NULL, NULL, 0, NULL, NULL, NULL, NULL),
(36, 345, 'INDOOR30001', NULL, NULL, NULL, 0, NULL, NULL, NULL, NULL),
(36, 345, 'INDOOR30002', NULL, NULL, NULL, 0, NULL, NULL, NULL, NULL),
(36, 345, 'INDOOR30003', NULL, NULL, NULL, 0, NULL, NULL, NULL, NULL),
(36, 345, 'INDOOR30004', NULL, NULL, NULL, 0, NULL, NULL, NULL, NULL),
(36, 345, 'INDOOR30005', NULL, NULL, NULL, 0, NULL, NULL, NULL, NULL),
(36, 345, 'INDOOR30006', NULL, NULL, NULL, 0, NULL, NULL, NULL, NULL),
(36, 345, 'INDOOR30007', NULL, NULL, NULL, 0, NULL, NULL, NULL, NULL),
(36, 345, 'INDOOR30008', NULL, NULL, NULL, 0, NULL, NULL, NULL, NULL),
(36, 345, 'INDOOR30009', NULL, NULL, NULL, 0, NULL, NULL, NULL, NULL),
(36, 543, 'INDOOR30001', NULL, NULL, NULL, 0, NULL, NULL, NULL, NULL),
(36, 543, 'INDOOR30002', NULL, NULL, NULL, 0, NULL, NULL, NULL, NULL),
(36, 543, 'INDOOR30003', NULL, NULL, NULL, 0, NULL, NULL, NULL, NULL),
(36, 543, 'INDOOR30004', NULL, NULL, NULL, 0, NULL, NULL, NULL, NULL),
(36, 543, 'INDOOR30005', NULL, NULL, NULL, 0, NULL, NULL, NULL, NULL),
(36, 543, 'INDOOR30006', NULL, NULL, NULL, 0, NULL, NULL, NULL, NULL),
(36, 543, 'INDOOR30007', NULL, NULL, NULL, 0, NULL, NULL, NULL, NULL),
(36, 543, 'INDOOR30008', NULL, NULL, NULL, 0, NULL, NULL, NULL, NULL),
(36, 543, 'INDOOR30009', NULL, NULL, NULL, 0, NULL, NULL, NULL, NULL),
(36, 772, 'INDOOR30001', NULL, NULL, NULL, 0, NULL, NULL, NULL, NULL),
(36, 772, 'INDOOR30002', NULL, NULL, NULL, 0, NULL, NULL, NULL, NULL),
(36, 772, 'INDOOR30003', NULL, NULL, NULL, 0, NULL, NULL, NULL, NULL),
(36, 772, 'INDOOR30004', NULL, NULL, NULL, 0, NULL, NULL, NULL, NULL),
(36, 772, 'INDOOR30005', NULL, NULL, NULL, 0, NULL, NULL, NULL, NULL),
(36, 772, 'INDOOR30006', NULL, NULL, NULL, 0, NULL, NULL, NULL, NULL),
(36, 772, 'INDOOR30007', NULL, NULL, NULL, 0, NULL, NULL, NULL, NULL),
(36, 772, 'INDOOR30008', NULL, NULL, NULL, 0, NULL, NULL, NULL, NULL),
(36, 772, 'INDOOR30009', NULL, NULL, NULL, 0, NULL, NULL, NULL, NULL),
(37, 346, 'INDOOR30001', NULL, NULL, NULL, 0, NULL, NULL, NULL, NULL),
(37, 346, 'INDOOR30002', NULL, NULL, NULL, 0, NULL, NULL, NULL, NULL),
(37, 346, 'INDOOR30003', NULL, NULL, NULL, 0, NULL, NULL, NULL, NULL),
(37, 346, 'INDOOR30004', NULL, NULL, NULL, 0, NULL, NULL, NULL, NULL),
(37, 346, 'INDOOR30005', NULL, NULL, NULL, 0, NULL, NULL, NULL, NULL),
(37, 346, 'INDOOR30006', NULL, NULL, NULL, 0, NULL, NULL, NULL, NULL),
(37, 346, 'INDOOR30007', NULL, NULL, NULL, 0, NULL, NULL, NULL, NULL),
(37, 346, 'INDOOR30008', NULL, NULL, NULL, 0, NULL, NULL, NULL, NULL),
(37, 346, 'INDOOR30009', NULL, NULL, NULL, 0, NULL, NULL, NULL, NULL),
(37, 544, 'INDOOR30001', NULL, NULL, NULL, 0, NULL, NULL, NULL, NULL),
(37, 544, 'INDOOR30002', NULL, NULL, NULL, 0, NULL, NULL, NULL, NULL),
(37, 544, 'INDOOR30003', NULL, NULL, NULL, 0, NULL, NULL, NULL, NULL),
(37, 544, 'INDOOR30004', NULL, NULL, NULL, 0, NULL, NULL, NULL, NULL),
(37, 544, 'INDOOR30005', NULL, NULL, NULL, 0, NULL, NULL, NULL, NULL),
(37, 544, 'INDOOR30006', NULL, NULL, NULL, 0, NULL, NULL, NULL, NULL),
(37, 544, 'INDOOR30007', NULL, NULL, NULL, 0, NULL, NULL, NULL, NULL),
(37, 544, 'INDOOR30008', NULL, NULL, NULL, 0, NULL, NULL, NULL, NULL),
(37, 544, 'INDOOR30009', NULL, NULL, NULL, 0, NULL, NULL, NULL, NULL),
(37, 773, 'INDOOR30001', NULL, NULL, NULL, 0, NULL, NULL, NULL, NULL),
(37, 773, 'INDOOR30002', NULL, NULL, NULL, 0, NULL, NULL, NULL, NULL),
(37, 773, 'INDOOR30003', NULL, NULL, NULL, 0, NULL, NULL, NULL, NULL),
(37, 773, 'INDOOR30004', NULL, NULL, NULL, 0, NULL, NULL, NULL, NULL),
(37, 773, 'INDOOR30005', NULL, NULL, NULL, 0, NULL, NULL, NULL, NULL),
(37, 773, 'INDOOR30006', NULL, NULL, NULL, 0, NULL, NULL, NULL, NULL),
(37, 773, 'INDOOR30007', NULL, NULL, NULL, 0, NULL, NULL, NULL, NULL),
(37, 773, 'INDOOR30008', NULL, NULL, NULL, 0, NULL, NULL, NULL, NULL),
(37, 773, 'INDOOR30009', NULL, NULL, NULL, 0, NULL, NULL, NULL, NULL),
(38, 347, 'INDOOR30001', NULL, NULL, NULL, 0, NULL, NULL, NULL, NULL),
(38, 347, 'INDOOR30002', NULL, NULL, NULL, 0, NULL, NULL, NULL, NULL),
(38, 347, 'INDOOR30003', NULL, NULL, NULL, 0, NULL, NULL, NULL, NULL),
(38, 347, 'INDOOR30004', NULL, NULL, NULL, 0, NULL, NULL, NULL, NULL),
(38, 347, 'INDOOR30005', NULL, NULL, NULL, 0, NULL, NULL, NULL, NULL),
(38, 347, 'INDOOR30006', NULL, NULL, NULL, 0, NULL, NULL, NULL, NULL),
(38, 347, 'INDOOR30007', NULL, NULL, NULL, 0, NULL, NULL, NULL, NULL),
(38, 347, 'INDOOR30008', NULL, NULL, NULL, 0, NULL, NULL, NULL, NULL),
(38, 347, 'INDOOR30009', NULL, NULL, NULL, 0, NULL, NULL, NULL, NULL),
(38, 545, 'INDOOR30001', NULL, NULL, NULL, 0, NULL, NULL, NULL, NULL),
(38, 545, 'INDOOR30002', NULL, NULL, NULL, 0, NULL, NULL, NULL, NULL),
(38, 545, 'INDOOR30003', NULL, NULL, NULL, 0, NULL, NULL, NULL, NULL),
(38, 545, 'INDOOR30004', NULL, NULL, NULL, 0, NULL, NULL, NULL, NULL),
(38, 545, 'INDOOR30005', NULL, NULL, NULL, 0, NULL, NULL, NULL, NULL),
(38, 545, 'INDOOR30006', NULL, NULL, NULL, 0, NULL, NULL, NULL, NULL),
(38, 545, 'INDOOR30007', NULL, NULL, NULL, 0, NULL, NULL, NULL, NULL),
(38, 545, 'INDOOR30008', NULL, NULL, NULL, 0, NULL, NULL, NULL, NULL),
(38, 545, 'INDOOR30009', NULL, NULL, NULL, 0, NULL, NULL, NULL, NULL),
(38, 774, 'INDOOR30001', NULL, NULL, NULL, 0, NULL, NULL, NULL, NULL),
(38, 774, 'INDOOR30002', NULL, NULL, NULL, 0, NULL, NULL, NULL, NULL),
(38, 774, 'INDOOR30003', NULL, NULL, NULL, 0, NULL, NULL, NULL, NULL),
(38, 774, 'INDOOR30004', NULL, NULL, NULL, 0, NULL, NULL, NULL, NULL),
(38, 774, 'INDOOR30005', NULL, NULL, NULL, 0, NULL, NULL, NULL, NULL),
(38, 774, 'INDOOR30006', NULL, NULL, NULL, 0, NULL, NULL, NULL, NULL),
(38, 774, 'INDOOR30007', NULL, NULL, NULL, 0, NULL, NULL, NULL, NULL),
(38, 774, 'INDOOR30008', NULL, NULL, NULL, 0, NULL, NULL, NULL, NULL),
(38, 774, 'INDOOR30009', NULL, NULL, NULL, 0, NULL, NULL, NULL, NULL),
(39, 348, 'INDOOR30001', NULL, NULL, 'hoan_thanh', 75, 'dat', NULL, NULL, NULL),
(39, 348, 'INDOOR30002', NULL, NULL, 'hoan_thanh', 75, 'dat', NULL, NULL, NULL),
(39, 348, 'INDOOR30003', NULL, NULL, 'hoan_thanh', 75, 'dat', NULL, NULL, NULL),
(39, 348, 'INDOOR30004', NULL, NULL, 'hoan_thanh', 75, 'dat', NULL, NULL, NULL),
(39, 348, 'INDOOR30005', NULL, NULL, 'hoan_thanh', 75, 'dat', NULL, NULL, NULL),
(39, 348, 'INDOOR30006', NULL, NULL, 'hoan_thanh', 75, 'dat', NULL, NULL, NULL),
(39, 348, 'INDOOR30007', NULL, NULL, 'hoan_thanh', 75, 'dat', NULL, NULL, NULL),
(39, 348, 'INDOOR30008', NULL, NULL, 'hoan_thanh', 75, 'dat', NULL, NULL, NULL),
(39, 348, 'INDOOR30009', NULL, NULL, 'hoan_thanh', 75, 'dat', NULL, NULL, NULL),
(39, 546, 'INDOOR30001', NULL, NULL, 'hoan_thanh', 75, 'dat', NULL, NULL, NULL),
(39, 546, 'INDOOR30002', NULL, NULL, 'hoan_thanh', 75, 'dat', NULL, NULL, NULL),
(39, 546, 'INDOOR30003', NULL, NULL, 'hoan_thanh', 75, 'dat', NULL, NULL, NULL),
(39, 546, 'INDOOR30004', NULL, NULL, 'hoan_thanh', 75, 'dat', NULL, NULL, NULL),
(39, 546, 'INDOOR30005', NULL, NULL, 'hoan_thanh', 75, 'dat', NULL, NULL, NULL),
(39, 546, 'INDOOR30006', NULL, NULL, 'hoan_thanh', 75, 'dat', NULL, NULL, NULL),
(39, 546, 'INDOOR30007', NULL, NULL, 'hoan_thanh', 75, 'dat', NULL, NULL, NULL),
(39, 546, 'INDOOR30008', NULL, NULL, 'hoan_thanh', 75, 'dat', NULL, NULL, NULL),
(39, 546, 'INDOOR30009', NULL, NULL, 'hoan_thanh', 75, 'dat', NULL, NULL, NULL),
(39, 775, 'INDOOR30001', NULL, NULL, 'hoan_thanh', 75, 'dat', NULL, NULL, NULL),
(39, 775, 'INDOOR30002', NULL, NULL, 'hoan_thanh', 75, 'dat', NULL, NULL, NULL),
(39, 775, 'INDOOR30003', NULL, NULL, 'hoan_thanh', 75, 'dat', NULL, NULL, NULL),
(39, 775, 'INDOOR30004', NULL, NULL, 'hoan_thanh', 75, 'dat', NULL, NULL, NULL),
(39, 775, 'INDOOR30005', NULL, NULL, 'hoan_thanh', 75, 'dat', NULL, NULL, NULL),
(39, 775, 'INDOOR30006', NULL, NULL, 'hoan_thanh', 75, 'dat', NULL, NULL, NULL),
(39, 775, 'INDOOR30007', NULL, NULL, 'hoan_thanh', 75, 'dat', NULL, NULL, NULL),
(39, 775, 'INDOOR30008', NULL, NULL, 'hoan_thanh', 75, 'dat', NULL, NULL, NULL),
(39, 775, 'INDOOR30009', NULL, NULL, 'hoan_thanh', 75, 'dat', NULL, NULL, NULL),
(40, 349, 'INDOOR30001', NULL, NULL, NULL, 120, NULL, NULL, NULL, NULL),
(40, 349, 'INDOOR30002', NULL, NULL, NULL, 120, NULL, NULL, NULL, NULL),
(40, 349, 'INDOOR30003', NULL, NULL, NULL, 120, NULL, NULL, NULL, NULL),
(40, 349, 'INDOOR30004', NULL, NULL, NULL, 120, NULL, NULL, NULL, NULL),
(40, 349, 'INDOOR30005', NULL, NULL, NULL, 120, NULL, NULL, NULL, NULL),
(40, 349, 'INDOOR30006', NULL, NULL, NULL, 120, NULL, NULL, NULL, NULL),
(40, 349, 'INDOOR30007', NULL, NULL, NULL, 120, NULL, NULL, NULL, NULL),
(40, 349, 'INDOOR30008', NULL, NULL, NULL, 120, NULL, NULL, NULL, NULL),
(40, 349, 'INDOOR30009', NULL, NULL, NULL, 120, NULL, NULL, NULL, NULL),
(40, 547, 'INDOOR30001', NULL, NULL, NULL, 120, NULL, NULL, NULL, NULL),
(40, 547, 'INDOOR30002', NULL, NULL, NULL, 120, NULL, NULL, NULL, NULL),
(40, 547, 'INDOOR30003', NULL, NULL, NULL, 120, NULL, NULL, NULL, NULL),
(40, 547, 'INDOOR30004', NULL, NULL, NULL, 120, NULL, NULL, NULL, NULL),
(40, 547, 'INDOOR30005', NULL, NULL, NULL, 120, NULL, NULL, NULL, NULL),
(40, 547, 'INDOOR30006', NULL, NULL, NULL, 120, NULL, NULL, NULL, NULL),
(40, 547, 'INDOOR30007', NULL, NULL, NULL, 120, NULL, NULL, NULL, NULL),
(40, 547, 'INDOOR30008', NULL, NULL, NULL, 120, NULL, NULL, NULL, NULL),
(40, 547, 'INDOOR30009', NULL, NULL, NULL, 120, NULL, NULL, NULL, NULL),
(40, 776, 'INDOOR30001', NULL, NULL, NULL, 120, NULL, NULL, NULL, NULL),
(40, 776, 'INDOOR30002', NULL, NULL, NULL, 120, NULL, NULL, NULL, NULL),
(40, 776, 'INDOOR30003', NULL, NULL, NULL, 120, NULL, NULL, NULL, NULL),
(40, 776, 'INDOOR30004', NULL, NULL, NULL, 120, NULL, NULL, NULL, NULL),
(40, 776, 'INDOOR30005', NULL, NULL, NULL, 120, NULL, NULL, NULL, NULL),
(40, 776, 'INDOOR30006', NULL, NULL, NULL, 120, NULL, NULL, NULL, NULL),
(40, 776, 'INDOOR30007', NULL, NULL, NULL, 120, NULL, NULL, NULL, NULL),
(40, 776, 'INDOOR30008', NULL, NULL, NULL, 120, NULL, NULL, NULL, NULL),
(40, 776, 'INDOOR30009', NULL, NULL, NULL, 120, NULL, NULL, NULL, NULL),
(41, 350, 'INDOOR30001', NULL, NULL, NULL, 0, NULL, NULL, NULL, NULL),
(41, 350, 'INDOOR30002', NULL, NULL, NULL, 0, NULL, NULL, NULL, NULL),
(41, 350, 'INDOOR30003', NULL, NULL, NULL, 0, NULL, NULL, NULL, NULL),
(41, 350, 'INDOOR30004', NULL, NULL, NULL, 0, NULL, NULL, NULL, NULL),
(41, 350, 'INDOOR30005', NULL, NULL, NULL, 0, NULL, NULL, NULL, NULL),
(41, 350, 'INDOOR30006', NULL, NULL, NULL, 0, NULL, NULL, NULL, NULL),
(41, 350, 'INDOOR30007', NULL, NULL, NULL, 0, NULL, NULL, NULL, NULL),
(41, 350, 'INDOOR30008', NULL, NULL, NULL, 0, NULL, NULL, NULL, NULL),
(41, 350, 'INDOOR30009', NULL, NULL, NULL, 0, NULL, NULL, NULL, NULL),
(41, 548, 'INDOOR30001', NULL, NULL, NULL, 0, NULL, NULL, NULL, NULL),
(41, 548, 'INDOOR30002', NULL, NULL, NULL, 0, NULL, NULL, NULL, NULL),
(41, 548, 'INDOOR30003', NULL, NULL, NULL, 0, NULL, NULL, NULL, NULL),
(41, 548, 'INDOOR30004', NULL, NULL, NULL, 0, NULL, NULL, NULL, NULL),
(41, 548, 'INDOOR30005', NULL, NULL, NULL, 0, NULL, NULL, NULL, NULL),
(41, 548, 'INDOOR30006', NULL, NULL, NULL, 0, NULL, NULL, NULL, NULL),
(41, 548, 'INDOOR30007', NULL, NULL, NULL, 0, NULL, NULL, NULL, NULL),
(41, 548, 'INDOOR30008', NULL, NULL, NULL, 0, NULL, NULL, NULL, NULL),
(41, 548, 'INDOOR30009', NULL, NULL, NULL, 0, NULL, NULL, NULL, NULL),
(41, 777, 'INDOOR30001', NULL, NULL, NULL, 0, NULL, NULL, NULL, NULL),
(41, 777, 'INDOOR30002', NULL, NULL, NULL, 0, NULL, NULL, NULL, NULL),
(41, 777, 'INDOOR30003', NULL, NULL, NULL, 0, NULL, NULL, NULL, NULL),
(41, 777, 'INDOOR30004', NULL, NULL, NULL, 0, NULL, NULL, NULL, NULL),
(41, 777, 'INDOOR30005', NULL, NULL, NULL, 0, NULL, NULL, NULL, NULL),
(41, 777, 'INDOOR30006', NULL, NULL, NULL, 0, NULL, NULL, NULL, NULL),
(41, 777, 'INDOOR30007', NULL, NULL, NULL, 0, NULL, NULL, NULL, NULL),
(41, 777, 'INDOOR30008', NULL, NULL, NULL, 0, NULL, NULL, NULL, NULL),
(41, 777, 'INDOOR30009', NULL, NULL, NULL, 0, NULL, NULL, NULL, NULL),
(42, 351, 'INDOOR30001', NULL, NULL, NULL, 15, NULL, NULL, NULL, NULL),
(42, 351, 'INDOOR30002', NULL, NULL, NULL, 15, NULL, NULL, NULL, NULL),
(42, 351, 'INDOOR30003', NULL, NULL, NULL, 15, NULL, NULL, NULL, NULL),
(42, 351, 'INDOOR30004', NULL, NULL, NULL, 15, NULL, NULL, NULL, NULL),
(42, 351, 'INDOOR30005', NULL, NULL, NULL, 15, NULL, NULL, NULL, NULL),
(42, 351, 'INDOOR30006', NULL, NULL, NULL, 15, NULL, NULL, NULL, NULL),
(42, 351, 'INDOOR30007', NULL, NULL, NULL, 15, NULL, NULL, NULL, NULL),
(42, 351, 'INDOOR30008', NULL, NULL, NULL, 15, NULL, NULL, NULL, NULL),
(42, 351, 'INDOOR30009', NULL, NULL, NULL, 15, NULL, NULL, NULL, NULL),
(42, 549, 'INDOOR30001', NULL, NULL, NULL, 15, NULL, NULL, NULL, NULL),
(42, 549, 'INDOOR30002', NULL, NULL, NULL, 15, NULL, NULL, NULL, NULL),
(42, 549, 'INDOOR30003', NULL, NULL, NULL, 15, NULL, NULL, NULL, NULL),
(42, 549, 'INDOOR30004', NULL, NULL, NULL, 15, NULL, NULL, NULL, NULL),
(42, 549, 'INDOOR30005', NULL, NULL, NULL, 15, NULL, NULL, NULL, NULL),
(42, 549, 'INDOOR30006', NULL, NULL, NULL, 15, NULL, NULL, NULL, NULL),
(42, 549, 'INDOOR30007', NULL, NULL, NULL, 15, NULL, NULL, NULL, NULL),
(42, 549, 'INDOOR30008', NULL, NULL, NULL, 15, NULL, NULL, NULL, NULL),
(42, 549, 'INDOOR30009', NULL, NULL, NULL, 15, NULL, NULL, NULL, NULL),
(42, 778, 'INDOOR30001', NULL, NULL, NULL, 15, NULL, NULL, NULL, NULL),
(42, 778, 'INDOOR30002', NULL, NULL, NULL, 15, NULL, NULL, NULL, NULL),
(42, 778, 'INDOOR30003', NULL, NULL, NULL, 15, NULL, NULL, NULL, NULL),
(42, 778, 'INDOOR30004', NULL, NULL, NULL, 15, NULL, NULL, NULL, NULL),
(42, 778, 'INDOOR30005', NULL, NULL, NULL, 15, NULL, NULL, NULL, NULL),
(42, 778, 'INDOOR30006', NULL, NULL, NULL, 15, NULL, NULL, NULL, NULL),
(42, 778, 'INDOOR30007', NULL, NULL, NULL, 15, NULL, NULL, NULL, NULL),
(42, 778, 'INDOOR30008', NULL, NULL, NULL, 15, NULL, NULL, NULL, NULL),
(42, 778, 'INDOOR30009', NULL, NULL, NULL, 15, NULL, NULL, NULL, NULL),
(43, 352, 'INDOOR30001', NULL, NULL, NULL, 0, NULL, NULL, NULL, NULL),
(43, 352, 'INDOOR30002', NULL, NULL, NULL, 0, NULL, NULL, NULL, NULL),
(43, 352, 'INDOOR30003', NULL, NULL, NULL, 0, NULL, NULL, NULL, NULL),
(43, 352, 'INDOOR30004', NULL, NULL, NULL, 0, NULL, NULL, NULL, NULL),
(43, 352, 'INDOOR30005', NULL, NULL, NULL, 0, NULL, NULL, NULL, NULL),
(43, 352, 'INDOOR30006', NULL, NULL, NULL, 0, NULL, NULL, NULL, NULL),
(43, 352, 'INDOOR30007', NULL, NULL, NULL, 0, NULL, NULL, NULL, NULL),
(43, 352, 'INDOOR30008', NULL, NULL, NULL, 0, NULL, NULL, NULL, NULL),
(43, 352, 'INDOOR30009', NULL, NULL, NULL, 0, NULL, NULL, NULL, NULL),
(43, 550, 'INDOOR30001', NULL, NULL, NULL, 0, NULL, NULL, NULL, NULL),
(43, 550, 'INDOOR30002', NULL, NULL, NULL, 0, NULL, NULL, NULL, NULL),
(43, 550, 'INDOOR30003', NULL, NULL, NULL, 0, NULL, NULL, NULL, NULL),
(43, 550, 'INDOOR30004', NULL, NULL, NULL, 0, NULL, NULL, NULL, NULL),
(43, 550, 'INDOOR30005', NULL, NULL, NULL, 0, NULL, NULL, NULL, NULL),
(43, 550, 'INDOOR30006', NULL, NULL, NULL, 0, NULL, NULL, NULL, NULL),
(43, 550, 'INDOOR30007', NULL, NULL, NULL, 0, NULL, NULL, NULL, NULL),
(43, 550, 'INDOOR30008', NULL, NULL, NULL, 0, NULL, NULL, NULL, NULL),
(43, 550, 'INDOOR30009', NULL, NULL, NULL, 0, NULL, NULL, NULL, NULL),
(44, 353, 'INDOOR30001', NULL, NULL, NULL, 0, NULL, NULL, NULL, NULL),
(44, 353, 'INDOOR30002', NULL, NULL, NULL, 0, NULL, NULL, NULL, NULL),
(44, 353, 'INDOOR30003', NULL, NULL, NULL, 0, NULL, NULL, NULL, NULL),
(44, 353, 'INDOOR30004', NULL, NULL, NULL, 0, NULL, NULL, NULL, NULL),
(44, 353, 'INDOOR30005', NULL, NULL, NULL, 0, NULL, NULL, NULL, NULL),
(44, 353, 'INDOOR30006', NULL, NULL, NULL, 0, NULL, NULL, NULL, NULL),
(44, 353, 'INDOOR30007', NULL, NULL, NULL, 0, NULL, NULL, NULL, NULL),
(44, 353, 'INDOOR30008', NULL, NULL, NULL, 0, NULL, NULL, NULL, NULL),
(44, 353, 'INDOOR30009', NULL, NULL, NULL, 0, NULL, NULL, NULL, NULL),
(44, 551, 'INDOOR30001', NULL, NULL, NULL, 0, NULL, NULL, NULL, NULL),
(44, 551, 'INDOOR30002', NULL, NULL, NULL, 0, NULL, NULL, NULL, NULL),
(44, 551, 'INDOOR30003', NULL, NULL, NULL, 0, NULL, NULL, NULL, NULL),
(44, 551, 'INDOOR30004', NULL, NULL, NULL, 0, NULL, NULL, NULL, NULL),
(44, 551, 'INDOOR30005', NULL, NULL, NULL, 0, NULL, NULL, NULL, NULL),
(44, 551, 'INDOOR30006', NULL, NULL, NULL, 0, NULL, NULL, NULL, NULL),
(44, 551, 'INDOOR30007', NULL, NULL, NULL, 0, NULL, NULL, NULL, NULL),
(44, 551, 'INDOOR30008', NULL, NULL, NULL, 0, NULL, NULL, NULL, NULL),
(44, 551, 'INDOOR30009', NULL, NULL, NULL, 0, NULL, NULL, NULL, NULL),
(44, 779, 'INDOOR30001', NULL, NULL, NULL, 0, NULL, NULL, NULL, NULL),
(44, 779, 'INDOOR30002', NULL, NULL, NULL, 0, NULL, NULL, NULL, NULL),
(44, 779, 'INDOOR30003', NULL, NULL, NULL, 0, NULL, NULL, NULL, NULL),
(44, 779, 'INDOOR30004', NULL, NULL, NULL, 0, NULL, NULL, NULL, NULL),
(44, 779, 'INDOOR30005', NULL, NULL, NULL, 0, NULL, NULL, NULL, NULL),
(44, 779, 'INDOOR30006', NULL, NULL, NULL, 0, NULL, NULL, NULL, NULL),
(44, 779, 'INDOOR30007', NULL, NULL, NULL, 0, NULL, NULL, NULL, NULL),
(44, 779, 'INDOOR30008', NULL, NULL, NULL, 0, NULL, NULL, NULL, NULL),
(44, 779, 'INDOOR30009', NULL, NULL, NULL, 0, NULL, NULL, NULL, NULL),
(45, 354, 'INDOOR30001', NULL, NULL, NULL, 120, NULL, NULL, NULL, NULL),
(45, 354, 'INDOOR30002', NULL, NULL, NULL, 120, NULL, NULL, NULL, NULL),
(45, 354, 'INDOOR30003', NULL, NULL, NULL, 120, NULL, NULL, NULL, NULL),
(45, 354, 'INDOOR30004', NULL, NULL, NULL, 120, NULL, NULL, NULL, NULL),
(45, 354, 'INDOOR30005', NULL, NULL, NULL, 120, NULL, NULL, NULL, NULL),
(45, 354, 'INDOOR30006', NULL, NULL, NULL, 120, NULL, NULL, NULL, NULL),
(45, 354, 'INDOOR30007', NULL, NULL, NULL, 120, NULL, NULL, NULL, NULL),
(45, 354, 'INDOOR30008', NULL, NULL, NULL, 120, NULL, NULL, NULL, NULL),
(45, 354, 'INDOOR30009', NULL, NULL, NULL, 120, NULL, NULL, NULL, NULL),
(45, 552, 'INDOOR30001', NULL, NULL, NULL, 120, NULL, NULL, NULL, NULL),
(45, 552, 'INDOOR30002', NULL, NULL, NULL, 120, NULL, NULL, NULL, NULL),
(45, 552, 'INDOOR30003', NULL, NULL, NULL, 120, NULL, NULL, NULL, NULL),
(45, 552, 'INDOOR30004', NULL, NULL, NULL, 120, NULL, NULL, NULL, NULL),
(45, 552, 'INDOOR30005', NULL, NULL, NULL, 120, NULL, NULL, NULL, NULL),
(45, 552, 'INDOOR30006', NULL, NULL, NULL, 120, NULL, NULL, NULL, NULL),
(45, 552, 'INDOOR30007', NULL, NULL, NULL, 120, NULL, NULL, NULL, NULL),
(45, 552, 'INDOOR30008', NULL, NULL, NULL, 120, NULL, NULL, NULL, NULL),
(45, 552, 'INDOOR30009', NULL, NULL, NULL, 120, NULL, NULL, NULL, NULL),
(45, 780, 'INDOOR30001', NULL, NULL, NULL, 120, NULL, NULL, NULL, NULL),
(45, 780, 'INDOOR30002', NULL, NULL, NULL, 120, NULL, NULL, NULL, NULL),
(45, 780, 'INDOOR30003', NULL, NULL, NULL, 120, NULL, NULL, NULL, NULL),
(45, 780, 'INDOOR30004', NULL, NULL, NULL, 120, NULL, NULL, NULL, NULL),
(45, 780, 'INDOOR30005', NULL, NULL, NULL, 120, NULL, NULL, NULL, NULL),
(45, 780, 'INDOOR30006', NULL, NULL, NULL, 120, NULL, NULL, NULL, NULL),
(45, 780, 'INDOOR30007', NULL, NULL, NULL, 120, NULL, NULL, NULL, NULL),
(45, 780, 'INDOOR30008', NULL, NULL, NULL, 120, NULL, NULL, NULL, NULL),
(45, 780, 'INDOOR30009', NULL, NULL, NULL, 120, NULL, NULL, NULL, NULL),
(46, 355, 'INDOOR30001', NULL, NULL, NULL, 0, NULL, NULL, NULL, NULL),
(46, 355, 'INDOOR30002', NULL, NULL, NULL, 0, NULL, NULL, NULL, NULL),
(46, 355, 'INDOOR30003', NULL, NULL, NULL, 0, NULL, NULL, NULL, NULL),
(46, 355, 'INDOOR30004', NULL, NULL, NULL, 0, NULL, NULL, NULL, NULL),
(46, 355, 'INDOOR30005', NULL, NULL, NULL, 0, NULL, NULL, NULL, NULL),
(46, 355, 'INDOOR30006', NULL, NULL, NULL, 0, NULL, NULL, NULL, NULL),
(46, 355, 'INDOOR30007', NULL, NULL, NULL, 0, NULL, NULL, NULL, NULL),
(46, 355, 'INDOOR30008', NULL, NULL, NULL, 0, NULL, NULL, NULL, NULL),
(46, 355, 'INDOOR30009', NULL, NULL, NULL, 0, NULL, NULL, NULL, NULL),
(46, 553, 'INDOOR30001', NULL, NULL, NULL, 0, NULL, NULL, NULL, NULL),
(46, 553, 'INDOOR30002', NULL, NULL, NULL, 0, NULL, NULL, NULL, NULL),
(46, 553, 'INDOOR30003', NULL, NULL, NULL, 0, NULL, NULL, NULL, NULL),
(46, 553, 'INDOOR30004', NULL, NULL, NULL, 0, NULL, NULL, NULL, NULL),
(46, 553, 'INDOOR30005', NULL, NULL, NULL, 0, NULL, NULL, NULL, NULL),
(46, 553, 'INDOOR30006', NULL, NULL, NULL, 0, NULL, NULL, NULL, NULL),
(46, 553, 'INDOOR30007', NULL, NULL, NULL, 0, NULL, NULL, NULL, NULL),
(46, 553, 'INDOOR30008', NULL, NULL, NULL, 0, NULL, NULL, NULL, NULL),
(46, 553, 'INDOOR30009', NULL, NULL, NULL, 0, NULL, NULL, NULL, NULL),
(46, 781, 'INDOOR30001', NULL, NULL, NULL, 0, NULL, NULL, NULL, NULL),
(46, 781, 'INDOOR30002', NULL, NULL, NULL, 0, NULL, NULL, NULL, NULL),
(46, 781, 'INDOOR30003', NULL, NULL, NULL, 0, NULL, NULL, NULL, NULL),
(46, 781, 'INDOOR30004', NULL, NULL, NULL, 0, NULL, NULL, NULL, NULL),
(46, 781, 'INDOOR30005', NULL, NULL, NULL, 0, NULL, NULL, NULL, NULL),
(46, 781, 'INDOOR30006', NULL, NULL, NULL, 0, NULL, NULL, NULL, NULL),
(46, 781, 'INDOOR30007', NULL, NULL, NULL, 0, NULL, NULL, NULL, NULL),
(46, 781, 'INDOOR30008', NULL, NULL, NULL, 0, NULL, NULL, NULL, NULL),
(46, 781, 'INDOOR30009', NULL, NULL, NULL, 0, NULL, NULL, NULL, NULL),
(47, 356, 'INDOOR30001', NULL, NULL, NULL, 0, NULL, NULL, NULL, NULL),
(47, 356, 'INDOOR30002', NULL, NULL, NULL, 0, NULL, NULL, NULL, NULL),
(47, 356, 'INDOOR30003', NULL, NULL, NULL, 0, NULL, NULL, NULL, NULL),
(47, 356, 'INDOOR30004', NULL, NULL, NULL, 0, NULL, NULL, NULL, NULL),
(47, 356, 'INDOOR30005', NULL, NULL, NULL, 0, NULL, NULL, NULL, NULL),
(47, 356, 'INDOOR30006', NULL, NULL, NULL, 0, NULL, NULL, NULL, NULL),
(47, 356, 'INDOOR30007', NULL, NULL, NULL, 0, NULL, NULL, NULL, NULL),
(47, 356, 'INDOOR30008', NULL, NULL, NULL, 0, NULL, NULL, NULL, NULL),
(47, 356, 'INDOOR30009', NULL, NULL, NULL, 0, NULL, NULL, NULL, NULL),
(47, 554, 'INDOOR30001', NULL, NULL, NULL, 0, NULL, NULL, NULL, NULL),
(47, 554, 'INDOOR30002', NULL, NULL, NULL, 0, NULL, NULL, NULL, NULL),
(47, 554, 'INDOOR30003', NULL, NULL, NULL, 0, NULL, NULL, NULL, NULL),
(47, 554, 'INDOOR30004', NULL, NULL, NULL, 0, NULL, NULL, NULL, NULL),
(47, 554, 'INDOOR30005', NULL, NULL, NULL, 0, NULL, NULL, NULL, NULL),
(47, 554, 'INDOOR30006', NULL, NULL, NULL, 0, NULL, NULL, NULL, NULL),
(47, 554, 'INDOOR30007', NULL, NULL, NULL, 0, NULL, NULL, NULL, NULL),
(47, 554, 'INDOOR30008', NULL, NULL, NULL, 0, NULL, NULL, NULL, NULL),
(47, 554, 'INDOOR30009', NULL, NULL, NULL, 0, NULL, NULL, NULL, NULL),
(47, 782, 'INDOOR30001', NULL, NULL, NULL, 0, NULL, NULL, NULL, NULL),
(47, 782, 'INDOOR30002', NULL, NULL, NULL, 0, NULL, NULL, NULL, NULL),
(47, 782, 'INDOOR30003', NULL, NULL, NULL, 0, NULL, NULL, NULL, NULL),
(47, 782, 'INDOOR30004', NULL, NULL, NULL, 0, NULL, NULL, NULL, NULL),
(47, 782, 'INDOOR30005', NULL, NULL, NULL, 0, NULL, NULL, NULL, NULL),
(47, 782, 'INDOOR30006', NULL, NULL, NULL, 0, NULL, NULL, NULL, NULL),
(47, 782, 'INDOOR30007', NULL, NULL, NULL, 0, NULL, NULL, NULL, NULL),
(47, 782, 'INDOOR30008', NULL, NULL, NULL, 0, NULL, NULL, NULL, NULL),
(47, 782, 'INDOOR30009', NULL, NULL, NULL, 0, NULL, NULL, NULL, NULL),
(48, 357, 'INDOOR30001', NULL, NULL, NULL, 0, NULL, NULL, NULL, NULL),
(48, 357, 'INDOOR30002', NULL, NULL, NULL, 0, NULL, NULL, NULL, NULL),
(48, 357, 'INDOOR30003', NULL, NULL, NULL, 0, NULL, NULL, NULL, NULL),
(48, 357, 'INDOOR30004', NULL, NULL, NULL, 0, NULL, NULL, NULL, NULL),
(48, 357, 'INDOOR30005', NULL, NULL, NULL, 0, NULL, NULL, NULL, NULL),
(48, 357, 'INDOOR30006', NULL, NULL, NULL, 0, NULL, NULL, NULL, NULL),
(48, 357, 'INDOOR30007', NULL, NULL, NULL, 0, NULL, NULL, NULL, NULL),
(48, 357, 'INDOOR30008', NULL, NULL, NULL, 0, NULL, NULL, NULL, NULL),
(48, 357, 'INDOOR30009', NULL, NULL, NULL, 0, NULL, NULL, NULL, NULL),
(48, 555, 'INDOOR30001', NULL, NULL, NULL, 0, NULL, NULL, NULL, NULL),
(48, 555, 'INDOOR30002', NULL, NULL, NULL, 0, NULL, NULL, NULL, NULL),
(48, 555, 'INDOOR30003', NULL, NULL, NULL, 0, NULL, NULL, NULL, NULL),
(48, 555, 'INDOOR30004', NULL, NULL, NULL, 0, NULL, NULL, NULL, NULL),
(48, 555, 'INDOOR30005', NULL, NULL, NULL, 0, NULL, NULL, NULL, NULL),
(48, 555, 'INDOOR30006', NULL, NULL, NULL, 0, NULL, NULL, NULL, NULL),
(48, 555, 'INDOOR30007', NULL, NULL, NULL, 0, NULL, NULL, NULL, NULL),
(48, 555, 'INDOOR30008', NULL, NULL, NULL, 0, NULL, NULL, NULL, NULL),
(48, 555, 'INDOOR30009', NULL, NULL, NULL, 0, NULL, NULL, NULL, NULL),
(48, 783, 'INDOOR30001', NULL, NULL, NULL, 0, NULL, NULL, NULL, NULL),
(48, 783, 'INDOOR30002', NULL, NULL, NULL, 0, NULL, NULL, NULL, NULL),
(48, 783, 'INDOOR30003', NULL, NULL, NULL, 0, NULL, NULL, NULL, NULL),
(48, 783, 'INDOOR30004', NULL, NULL, NULL, 0, NULL, NULL, NULL, NULL),
(48, 783, 'INDOOR30005', NULL, NULL, NULL, 0, NULL, NULL, NULL, NULL),
(48, 783, 'INDOOR30006', NULL, NULL, NULL, 0, NULL, NULL, NULL, NULL),
(48, 783, 'INDOOR30007', NULL, NULL, NULL, 0, NULL, NULL, NULL, NULL),
(48, 783, 'INDOOR30008', NULL, NULL, NULL, 0, NULL, NULL, NULL, NULL),
(48, 783, 'INDOOR30009', NULL, NULL, NULL, 0, NULL, NULL, NULL, NULL),
(49, 358, 'INDOOR30001', NULL, NULL, NULL, 75, NULL, NULL, NULL, NULL),
(49, 358, 'INDOOR30002', NULL, NULL, NULL, 75, NULL, NULL, NULL, NULL),
(49, 358, 'INDOOR30003', NULL, NULL, NULL, 75, NULL, NULL, NULL, NULL),
(49, 358, 'INDOOR30004', NULL, NULL, NULL, 75, NULL, NULL, NULL, NULL),
(49, 358, 'INDOOR30005', NULL, NULL, NULL, 75, NULL, NULL, NULL, NULL),
(49, 358, 'INDOOR30006', NULL, NULL, NULL, 75, NULL, NULL, NULL, NULL),
(49, 358, 'INDOOR30007', NULL, NULL, NULL, 75, NULL, NULL, NULL, NULL),
(49, 358, 'INDOOR30008', NULL, NULL, NULL, 75, NULL, NULL, NULL, NULL),
(49, 358, 'INDOOR30009', NULL, NULL, NULL, 75, NULL, NULL, NULL, NULL),
(49, 556, 'INDOOR30001', NULL, NULL, NULL, 75, NULL, NULL, NULL, NULL),
(49, 556, 'INDOOR30002', NULL, NULL, NULL, 75, NULL, NULL, NULL, NULL),
(49, 556, 'INDOOR30003', NULL, NULL, NULL, 75, NULL, NULL, NULL, NULL),
(49, 556, 'INDOOR30004', NULL, NULL, NULL, 75, NULL, NULL, NULL, NULL),
(49, 556, 'INDOOR30005', NULL, NULL, NULL, 75, NULL, NULL, NULL, NULL),
(49, 556, 'INDOOR30006', NULL, NULL, NULL, 75, NULL, NULL, NULL, NULL),
(49, 556, 'INDOOR30007', NULL, NULL, NULL, 75, NULL, NULL, NULL, NULL),
(49, 556, 'INDOOR30008', NULL, NULL, NULL, 75, NULL, NULL, NULL, NULL),
(49, 556, 'INDOOR30009', NULL, NULL, NULL, 75, NULL, NULL, NULL, NULL),
(49, 784, 'INDOOR30001', NULL, NULL, NULL, 75, NULL, NULL, NULL, NULL),
(49, 784, 'INDOOR30002', NULL, NULL, NULL, 75, NULL, NULL, NULL, NULL),
(49, 784, 'INDOOR30003', NULL, NULL, NULL, 75, NULL, NULL, NULL, NULL),
(49, 784, 'INDOOR30004', NULL, NULL, NULL, 75, NULL, NULL, NULL, NULL),
(49, 784, 'INDOOR30005', NULL, NULL, NULL, 75, NULL, NULL, NULL, NULL),
(49, 784, 'INDOOR30006', NULL, NULL, NULL, 75, NULL, NULL, NULL, NULL),
(49, 784, 'INDOOR30007', NULL, NULL, NULL, 75, NULL, NULL, NULL, NULL),
(49, 784, 'INDOOR30008', NULL, NULL, NULL, 75, NULL, NULL, NULL, NULL),
(49, 784, 'INDOOR30009', NULL, NULL, NULL, 75, NULL, NULL, NULL, NULL),
(50, 359, 'INDOOR30001', NULL, NULL, NULL, 120, NULL, NULL, NULL, NULL),
(50, 359, 'INDOOR30002', NULL, NULL, NULL, 120, NULL, NULL, NULL, NULL),
(50, 359, 'INDOOR30003', NULL, NULL, NULL, 120, NULL, NULL, NULL, NULL),
(50, 359, 'INDOOR30004', NULL, NULL, NULL, 120, NULL, NULL, NULL, NULL),
(50, 359, 'INDOOR30005', NULL, NULL, NULL, 120, NULL, NULL, NULL, NULL),
(50, 359, 'INDOOR30006', NULL, NULL, NULL, 120, NULL, NULL, NULL, NULL),
(50, 359, 'INDOOR30007', NULL, NULL, NULL, 120, NULL, NULL, NULL, NULL),
(50, 359, 'INDOOR30008', NULL, NULL, NULL, 120, NULL, NULL, NULL, NULL),
(50, 359, 'INDOOR30009', NULL, NULL, NULL, 120, NULL, NULL, NULL, NULL),
(50, 557, 'INDOOR30001', NULL, NULL, NULL, 120, NULL, NULL, NULL, NULL),
(50, 557, 'INDOOR30002', NULL, NULL, NULL, 120, NULL, NULL, NULL, NULL),
(50, 557, 'INDOOR30003', NULL, NULL, NULL, 120, NULL, NULL, NULL, NULL),
(50, 557, 'INDOOR30004', NULL, NULL, NULL, 120, NULL, NULL, NULL, NULL),
(50, 557, 'INDOOR30005', NULL, NULL, NULL, 120, NULL, NULL, NULL, NULL),
(50, 557, 'INDOOR30006', NULL, NULL, NULL, 120, NULL, NULL, NULL, NULL),
(50, 557, 'INDOOR30007', NULL, NULL, NULL, 120, NULL, NULL, NULL, NULL),
(50, 557, 'INDOOR30008', NULL, NULL, NULL, 120, NULL, NULL, NULL, NULL),
(50, 557, 'INDOOR30009', NULL, NULL, NULL, 120, NULL, NULL, NULL, NULL),
(50, 785, 'INDOOR30001', NULL, NULL, NULL, 120, NULL, NULL, NULL, NULL),
(50, 785, 'INDOOR30002', NULL, NULL, NULL, 120, NULL, NULL, NULL, NULL),
(50, 785, 'INDOOR30003', NULL, NULL, NULL, 120, NULL, NULL, NULL, NULL),
(50, 785, 'INDOOR30004', NULL, NULL, NULL, 120, NULL, NULL, NULL, NULL),
(50, 785, 'INDOOR30005', NULL, NULL, NULL, 120, NULL, NULL, NULL, NULL),
(50, 785, 'INDOOR30006', NULL, NULL, NULL, 120, NULL, NULL, NULL, NULL),
(50, 785, 'INDOOR30007', NULL, NULL, NULL, 120, NULL, NULL, NULL, NULL),
(50, 785, 'INDOOR30008', NULL, NULL, NULL, 120, NULL, NULL, NULL, NULL),
(50, 785, 'INDOOR30009', NULL, NULL, NULL, 120, NULL, NULL, NULL, NULL),
(51, 360, 'INDOOR30001', NULL, NULL, NULL, 0, NULL, NULL, NULL, NULL),
(51, 360, 'INDOOR30002', NULL, NULL, NULL, 0, NULL, NULL, NULL, NULL),
(51, 360, 'INDOOR30003', NULL, NULL, NULL, 0, NULL, NULL, NULL, NULL),
(51, 360, 'INDOOR30004', NULL, NULL, NULL, 0, NULL, NULL, NULL, NULL),
(51, 360, 'INDOOR30005', NULL, NULL, NULL, 0, NULL, NULL, NULL, NULL),
(51, 360, 'INDOOR30006', NULL, NULL, NULL, 0, NULL, NULL, NULL, NULL),
(51, 360, 'INDOOR30007', NULL, NULL, NULL, 0, NULL, NULL, NULL, NULL),
(51, 360, 'INDOOR30008', NULL, NULL, NULL, 0, NULL, NULL, NULL, NULL),
(51, 360, 'INDOOR30009', NULL, NULL, NULL, 0, NULL, NULL, NULL, NULL),
(51, 558, 'INDOOR30001', NULL, NULL, NULL, 0, NULL, NULL, NULL, NULL),
(51, 558, 'INDOOR30002', NULL, NULL, NULL, 0, NULL, NULL, NULL, NULL),
(51, 558, 'INDOOR30003', NULL, NULL, NULL, 0, NULL, NULL, NULL, NULL),
(51, 558, 'INDOOR30004', NULL, NULL, NULL, 0, NULL, NULL, NULL, NULL),
(51, 558, 'INDOOR30005', NULL, NULL, NULL, 0, NULL, NULL, NULL, NULL),
(51, 558, 'INDOOR30006', NULL, NULL, NULL, 0, NULL, NULL, NULL, NULL),
(51, 558, 'INDOOR30007', NULL, NULL, NULL, 0, NULL, NULL, NULL, NULL),
(51, 558, 'INDOOR30008', NULL, NULL, NULL, 0, NULL, NULL, NULL, NULL),
(51, 558, 'INDOOR30009', NULL, NULL, NULL, 0, NULL, NULL, NULL, NULL),
(51, 786, 'INDOOR30001', NULL, NULL, NULL, 0, NULL, NULL, NULL, NULL),
(51, 786, 'INDOOR30002', NULL, NULL, NULL, 0, NULL, NULL, NULL, NULL),
(51, 786, 'INDOOR30003', NULL, NULL, NULL, 0, NULL, NULL, NULL, NULL),
(51, 786, 'INDOOR30004', NULL, NULL, NULL, 0, NULL, NULL, NULL, NULL),
(51, 786, 'INDOOR30005', NULL, NULL, NULL, 0, NULL, NULL, NULL, NULL),
(51, 786, 'INDOOR30006', NULL, NULL, NULL, 0, NULL, NULL, NULL, NULL),
(51, 786, 'INDOOR30007', NULL, NULL, NULL, 0, NULL, NULL, NULL, NULL),
(51, 786, 'INDOOR30008', NULL, NULL, NULL, 0, NULL, NULL, NULL, NULL),
(51, 786, 'INDOOR30009', NULL, NULL, NULL, 0, NULL, NULL, NULL, NULL),
(52, 361, 'INDOOR30001', NULL, NULL, NULL, 15, NULL, NULL, NULL, NULL),
(52, 361, 'INDOOR30002', NULL, NULL, NULL, 15, NULL, NULL, NULL, NULL),
(52, 361, 'INDOOR30003', NULL, NULL, NULL, 15, NULL, NULL, NULL, NULL),
(52, 361, 'INDOOR30004', NULL, NULL, NULL, 15, NULL, NULL, NULL, NULL),
(52, 361, 'INDOOR30005', NULL, NULL, NULL, 15, NULL, NULL, NULL, NULL),
(52, 361, 'INDOOR30006', NULL, NULL, NULL, 15, NULL, NULL, NULL, NULL),
(52, 361, 'INDOOR30007', NULL, NULL, NULL, 15, NULL, NULL, NULL, NULL),
(52, 361, 'INDOOR30008', NULL, NULL, NULL, 15, NULL, NULL, NULL, NULL),
(52, 361, 'INDOOR30009', NULL, NULL, NULL, 15, NULL, NULL, NULL, NULL),
(52, 559, 'INDOOR30001', NULL, NULL, NULL, 15, NULL, NULL, NULL, NULL),
(52, 559, 'INDOOR30002', NULL, NULL, NULL, 15, NULL, NULL, NULL, NULL),
(52, 559, 'INDOOR30003', NULL, NULL, NULL, 15, NULL, NULL, NULL, NULL),
(52, 559, 'INDOOR30004', NULL, NULL, NULL, 15, NULL, NULL, NULL, NULL),
(52, 559, 'INDOOR30005', NULL, NULL, NULL, 15, NULL, NULL, NULL, NULL),
(52, 559, 'INDOOR30006', NULL, NULL, NULL, 15, NULL, NULL, NULL, NULL),
(52, 559, 'INDOOR30007', NULL, NULL, NULL, 15, NULL, NULL, NULL, NULL),
(52, 559, 'INDOOR30008', NULL, NULL, NULL, 15, NULL, NULL, NULL, NULL),
(52, 559, 'INDOOR30009', NULL, NULL, NULL, 15, NULL, NULL, NULL, NULL),
(52, 787, 'INDOOR30001', NULL, NULL, NULL, 15, NULL, NULL, NULL, NULL),
(52, 787, 'INDOOR30002', NULL, NULL, NULL, 15, NULL, NULL, NULL, NULL),
(52, 787, 'INDOOR30003', NULL, NULL, NULL, 15, NULL, NULL, NULL, NULL),
(52, 787, 'INDOOR30004', NULL, NULL, NULL, 15, NULL, NULL, NULL, NULL),
(52, 787, 'INDOOR30005', NULL, NULL, NULL, 15, NULL, NULL, NULL, NULL),
(52, 787, 'INDOOR30006', NULL, NULL, NULL, 15, NULL, NULL, NULL, NULL),
(52, 787, 'INDOOR30007', NULL, NULL, NULL, 15, NULL, NULL, NULL, NULL),
(52, 787, 'INDOOR30008', NULL, NULL, NULL, 15, NULL, NULL, NULL, NULL),
(52, 787, 'INDOOR30009', NULL, NULL, NULL, 15, NULL, NULL, NULL, NULL),
(53, 362, 'INDOOR30001', NULL, NULL, NULL, 0, NULL, NULL, NULL, NULL),
(53, 362, 'INDOOR30002', NULL, NULL, NULL, 0, NULL, NULL, NULL, NULL),
(53, 362, 'INDOOR30003', NULL, NULL, NULL, 0, NULL, NULL, NULL, NULL),
(53, 362, 'INDOOR30004', NULL, NULL, NULL, 0, NULL, NULL, NULL, NULL),
(53, 362, 'INDOOR30005', NULL, NULL, NULL, 0, NULL, NULL, NULL, NULL),
(53, 362, 'INDOOR30006', NULL, NULL, NULL, 0, NULL, NULL, NULL, NULL),
(53, 362, 'INDOOR30007', NULL, NULL, NULL, 0, NULL, NULL, NULL, NULL),
(53, 362, 'INDOOR30008', NULL, NULL, NULL, 0, NULL, NULL, NULL, NULL),
(53, 362, 'INDOOR30009', NULL, NULL, NULL, 0, NULL, NULL, NULL, NULL),
(53, 560, 'INDOOR30001', NULL, NULL, NULL, 0, NULL, NULL, NULL, NULL),
(53, 560, 'INDOOR30002', NULL, NULL, NULL, 0, NULL, NULL, NULL, NULL),
(53, 560, 'INDOOR30003', NULL, NULL, NULL, 0, NULL, NULL, NULL, NULL),
(53, 560, 'INDOOR30004', NULL, NULL, NULL, 0, NULL, NULL, NULL, NULL),
(53, 560, 'INDOOR30005', NULL, NULL, NULL, 0, NULL, NULL, NULL, NULL),
(53, 560, 'INDOOR30006', NULL, NULL, NULL, 0, NULL, NULL, NULL, NULL),
(53, 560, 'INDOOR30007', NULL, NULL, NULL, 0, NULL, NULL, NULL, NULL),
(53, 560, 'INDOOR30008', NULL, NULL, NULL, 0, NULL, NULL, NULL, NULL),
(53, 560, 'INDOOR30009', NULL, NULL, NULL, 0, NULL, NULL, NULL, NULL),
(53, 788, 'INDOOR30001', NULL, NULL, NULL, 0, NULL, NULL, NULL, NULL),
(53, 788, 'INDOOR30002', NULL, NULL, NULL, 0, NULL, NULL, NULL, NULL),
(53, 788, 'INDOOR30003', NULL, NULL, NULL, 0, NULL, NULL, NULL, NULL),
(53, 788, 'INDOOR30004', NULL, NULL, NULL, 0, NULL, NULL, NULL, NULL),
(53, 788, 'INDOOR30005', NULL, NULL, NULL, 0, NULL, NULL, NULL, NULL),
(53, 788, 'INDOOR30006', NULL, NULL, NULL, 0, NULL, NULL, NULL, NULL),
(53, 788, 'INDOOR30007', NULL, NULL, NULL, 0, NULL, NULL, NULL, NULL),
(53, 788, 'INDOOR30008', NULL, NULL, NULL, 0, NULL, NULL, NULL, NULL),
(53, 788, 'INDOOR30009', NULL, NULL, NULL, 0, NULL, NULL, NULL, NULL),
(54, 363, 'INDOOR30001', NULL, NULL, NULL, 12701, NULL, NULL, NULL, NULL),
(54, 363, 'INDOOR30002', NULL, NULL, NULL, 12701, NULL, NULL, NULL, NULL),
(54, 363, 'INDOOR30003', NULL, NULL, NULL, 12701, NULL, NULL, NULL, NULL),
(54, 363, 'INDOOR30004', NULL, NULL, NULL, 12701, NULL, NULL, NULL, NULL),
(54, 363, 'INDOOR30005', NULL, NULL, NULL, 12701, NULL, NULL, NULL, NULL),
(54, 363, 'INDOOR30006', NULL, NULL, NULL, 12701, NULL, NULL, NULL, NULL),
(54, 363, 'INDOOR30007', NULL, NULL, NULL, 12701, NULL, NULL, NULL, NULL),
(54, 363, 'INDOOR30008', NULL, NULL, NULL, 12701, NULL, NULL, NULL, NULL),
(54, 363, 'INDOOR30009', NULL, NULL, NULL, 12701, NULL, NULL, NULL, NULL),
(54, 561, 'INDOOR30001', NULL, NULL, NULL, 12701, NULL, NULL, NULL, NULL),
(54, 561, 'INDOOR30002', NULL, NULL, NULL, 12701, NULL, NULL, NULL, NULL),
(54, 561, 'INDOOR30003', NULL, NULL, NULL, 12701, NULL, NULL, NULL, NULL),
(54, 561, 'INDOOR30004', NULL, NULL, NULL, 12701, NULL, NULL, NULL, NULL),
(54, 561, 'INDOOR30005', NULL, NULL, NULL, 12701, NULL, NULL, NULL, NULL),
(54, 561, 'INDOOR30006', NULL, NULL, NULL, 12701, NULL, NULL, NULL, NULL),
(54, 561, 'INDOOR30007', NULL, NULL, NULL, 12701, NULL, NULL, NULL, NULL),
(54, 561, 'INDOOR30008', NULL, NULL, NULL, 12701, NULL, NULL, NULL, NULL),
(54, 561, 'INDOOR30009', NULL, NULL, NULL, 12701, NULL, NULL, NULL, NULL),
(54, 789, 'INDOOR30001', NULL, NULL, NULL, 12701, NULL, NULL, NULL, NULL),
(54, 789, 'INDOOR30002', NULL, NULL, NULL, 12701, NULL, NULL, NULL, NULL),
(54, 789, 'INDOOR30003', NULL, NULL, NULL, 12701, NULL, NULL, NULL, NULL),
(54, 789, 'INDOOR30004', NULL, NULL, NULL, 12701, NULL, NULL, NULL, NULL),
(54, 789, 'INDOOR30005', NULL, NULL, NULL, 12701, NULL, NULL, NULL, NULL),
(54, 789, 'INDOOR30006', NULL, NULL, NULL, 12701, NULL, NULL, NULL, NULL),
(54, 789, 'INDOOR30007', NULL, NULL, NULL, 12701, NULL, NULL, NULL, NULL),
(54, 789, 'INDOOR30008', NULL, NULL, NULL, 12701, NULL, NULL, NULL, NULL),
(54, 789, 'INDOOR30009', NULL, NULL, NULL, 12701, NULL, NULL, NULL, NULL),
(55, 364, 'INDOOR30001', NULL, NULL, NULL, 0, NULL, NULL, NULL, NULL),
(55, 364, 'INDOOR30002', NULL, NULL, NULL, 0, NULL, NULL, NULL, NULL),
(55, 364, 'INDOOR30003', NULL, NULL, NULL, 0, NULL, NULL, NULL, NULL),
(55, 364, 'INDOOR30004', NULL, NULL, NULL, 0, NULL, NULL, NULL, NULL),
(55, 364, 'INDOOR30005', NULL, NULL, NULL, 0, NULL, NULL, NULL, NULL),
(55, 364, 'INDOOR30006', NULL, NULL, NULL, 0, NULL, NULL, NULL, NULL),
(55, 364, 'INDOOR30007', NULL, NULL, NULL, 0, NULL, NULL, NULL, NULL),
(55, 364, 'INDOOR30008', NULL, NULL, NULL, 0, NULL, NULL, NULL, NULL),
(55, 364, 'INDOOR30009', NULL, NULL, NULL, 0, NULL, NULL, NULL, NULL),
(55, 562, 'INDOOR30001', NULL, NULL, NULL, 0, NULL, NULL, NULL, NULL);
INSERT INTO `noidungcongviec` (`ID_DOTBD`, `ID_THIETBI`, `MA_NOIDUNG`, `GHICHU`, `KIENNGHI`, `TRANGTHAI`, `ID_NHANVIEN`, `KETQUA`, `SOLIEUTHUCTE`, `KETQUAXULY`, `ANH`) VALUES
(55, 562, 'INDOOR30002', NULL, NULL, NULL, 0, NULL, NULL, NULL, NULL),
(55, 562, 'INDOOR30003', NULL, NULL, NULL, 0, NULL, NULL, NULL, NULL),
(55, 562, 'INDOOR30004', NULL, NULL, NULL, 0, NULL, NULL, NULL, NULL),
(55, 562, 'INDOOR30005', NULL, NULL, NULL, 0, NULL, NULL, NULL, NULL),
(55, 562, 'INDOOR30006', NULL, NULL, NULL, 0, NULL, NULL, NULL, NULL),
(55, 562, 'INDOOR30007', NULL, NULL, NULL, 0, NULL, NULL, NULL, NULL),
(55, 562, 'INDOOR30008', NULL, NULL, NULL, 0, NULL, NULL, NULL, NULL),
(55, 562, 'INDOOR30009', NULL, NULL, NULL, 0, NULL, NULL, NULL, NULL),
(55, 790, 'INDOOR30001', NULL, NULL, NULL, 0, NULL, NULL, NULL, NULL),
(55, 790, 'INDOOR30002', NULL, NULL, NULL, 0, NULL, NULL, NULL, NULL),
(55, 790, 'INDOOR30003', NULL, NULL, NULL, 0, NULL, NULL, NULL, NULL),
(55, 790, 'INDOOR30004', NULL, NULL, NULL, 0, NULL, NULL, NULL, NULL),
(55, 790, 'INDOOR30005', NULL, NULL, NULL, 0, NULL, NULL, NULL, NULL),
(55, 790, 'INDOOR30006', NULL, NULL, NULL, 0, NULL, NULL, NULL, NULL),
(55, 790, 'INDOOR30007', NULL, NULL, NULL, 0, NULL, NULL, NULL, NULL),
(55, 790, 'INDOOR30008', NULL, NULL, NULL, 0, NULL, NULL, NULL, NULL),
(55, 790, 'INDOOR30009', NULL, NULL, NULL, 0, NULL, NULL, NULL, NULL),
(56, 365, 'INDOOR30001', NULL, NULL, NULL, 120, NULL, NULL, NULL, NULL),
(56, 365, 'INDOOR30002', NULL, NULL, NULL, 120, NULL, NULL, NULL, NULL),
(56, 365, 'INDOOR30003', NULL, NULL, NULL, 120, NULL, NULL, NULL, NULL),
(56, 365, 'INDOOR30004', NULL, NULL, NULL, 120, NULL, NULL, NULL, NULL),
(56, 365, 'INDOOR30005', NULL, NULL, NULL, 120, NULL, NULL, NULL, NULL),
(56, 365, 'INDOOR30006', NULL, NULL, NULL, 120, NULL, NULL, NULL, NULL),
(56, 365, 'INDOOR30007', NULL, NULL, NULL, 120, NULL, NULL, NULL, NULL),
(56, 365, 'INDOOR30008', NULL, NULL, NULL, 120, NULL, NULL, NULL, NULL),
(56, 365, 'INDOOR30009', NULL, NULL, NULL, 120, NULL, NULL, NULL, NULL),
(56, 563, 'INDOOR30001', NULL, NULL, NULL, 120, NULL, NULL, NULL, NULL),
(56, 563, 'INDOOR30002', NULL, NULL, NULL, 120, NULL, NULL, NULL, NULL),
(56, 563, 'INDOOR30003', NULL, NULL, NULL, 120, NULL, NULL, NULL, NULL),
(56, 563, 'INDOOR30004', NULL, NULL, NULL, 120, NULL, NULL, NULL, NULL),
(56, 563, 'INDOOR30005', NULL, NULL, NULL, 120, NULL, NULL, NULL, NULL),
(56, 563, 'INDOOR30006', NULL, NULL, NULL, 120, NULL, NULL, NULL, NULL),
(56, 563, 'INDOOR30007', NULL, NULL, NULL, 120, NULL, NULL, NULL, NULL),
(56, 563, 'INDOOR30008', NULL, NULL, NULL, 120, NULL, NULL, NULL, NULL),
(56, 563, 'INDOOR30009', NULL, NULL, NULL, 120, NULL, NULL, NULL, NULL),
(56, 791, 'INDOOR30001', NULL, NULL, NULL, 120, NULL, NULL, NULL, NULL),
(56, 791, 'INDOOR30002', NULL, NULL, NULL, 120, NULL, NULL, NULL, NULL),
(56, 791, 'INDOOR30003', NULL, NULL, NULL, 120, NULL, NULL, NULL, NULL),
(56, 791, 'INDOOR30004', NULL, NULL, NULL, 120, NULL, NULL, NULL, NULL),
(56, 791, 'INDOOR30005', NULL, NULL, NULL, 120, NULL, NULL, NULL, NULL),
(56, 791, 'INDOOR30006', NULL, NULL, NULL, 120, NULL, NULL, NULL, NULL),
(56, 791, 'INDOOR30007', NULL, NULL, NULL, 120, NULL, NULL, NULL, NULL),
(56, 791, 'INDOOR30008', NULL, NULL, NULL, 120, NULL, NULL, NULL, NULL),
(56, 791, 'INDOOR30009', NULL, NULL, NULL, 120, NULL, NULL, NULL, NULL),
(57, 366, 'INDOOR30001', NULL, NULL, NULL, 0, NULL, NULL, NULL, NULL),
(57, 366, 'INDOOR30002', NULL, NULL, NULL, 0, NULL, NULL, NULL, NULL),
(57, 366, 'INDOOR30003', NULL, NULL, NULL, 0, NULL, NULL, NULL, NULL),
(57, 366, 'INDOOR30004', NULL, NULL, NULL, 0, NULL, NULL, NULL, NULL),
(57, 366, 'INDOOR30005', NULL, NULL, NULL, 0, NULL, NULL, NULL, NULL),
(57, 366, 'INDOOR30006', NULL, NULL, NULL, 0, NULL, NULL, NULL, NULL),
(57, 366, 'INDOOR30007', NULL, NULL, NULL, 0, NULL, NULL, NULL, NULL),
(57, 366, 'INDOOR30008', NULL, NULL, NULL, 0, NULL, NULL, NULL, NULL),
(57, 366, 'INDOOR30009', NULL, NULL, NULL, 0, NULL, NULL, NULL, NULL),
(57, 564, 'INDOOR30001', NULL, NULL, NULL, 0, NULL, NULL, NULL, NULL),
(57, 564, 'INDOOR30002', NULL, NULL, NULL, 0, NULL, NULL, NULL, NULL),
(57, 564, 'INDOOR30003', NULL, NULL, NULL, 0, NULL, NULL, NULL, NULL),
(57, 564, 'INDOOR30004', NULL, NULL, NULL, 0, NULL, NULL, NULL, NULL),
(57, 564, 'INDOOR30005', NULL, NULL, NULL, 0, NULL, NULL, NULL, NULL),
(57, 564, 'INDOOR30006', NULL, NULL, NULL, 0, NULL, NULL, NULL, NULL),
(57, 564, 'INDOOR30007', NULL, NULL, NULL, 0, NULL, NULL, NULL, NULL),
(57, 564, 'INDOOR30008', NULL, NULL, NULL, 0, NULL, NULL, NULL, NULL),
(57, 564, 'INDOOR30009', NULL, NULL, NULL, 0, NULL, NULL, NULL, NULL),
(57, 792, 'INDOOR30001', NULL, NULL, NULL, 0, NULL, NULL, NULL, NULL),
(57, 792, 'INDOOR30002', NULL, NULL, NULL, 0, NULL, NULL, NULL, NULL),
(57, 792, 'INDOOR30003', NULL, NULL, NULL, 0, NULL, NULL, NULL, NULL),
(57, 792, 'INDOOR30004', NULL, NULL, NULL, 0, NULL, NULL, NULL, NULL),
(57, 792, 'INDOOR30005', NULL, NULL, NULL, 0, NULL, NULL, NULL, NULL),
(57, 792, 'INDOOR30006', NULL, NULL, NULL, 0, NULL, NULL, NULL, NULL),
(57, 792, 'INDOOR30007', NULL, NULL, NULL, 0, NULL, NULL, NULL, NULL),
(57, 792, 'INDOOR30008', NULL, NULL, NULL, 0, NULL, NULL, NULL, NULL),
(57, 792, 'INDOOR30009', NULL, NULL, NULL, 0, NULL, NULL, NULL, NULL),
(58, 367, 'INDOOR30001', NULL, NULL, NULL, 0, NULL, NULL, NULL, NULL),
(58, 367, 'INDOOR30002', NULL, NULL, NULL, 0, NULL, NULL, NULL, NULL),
(58, 367, 'INDOOR30003', NULL, NULL, NULL, 0, NULL, NULL, NULL, NULL),
(58, 367, 'INDOOR30004', NULL, NULL, NULL, 0, NULL, NULL, NULL, NULL),
(58, 367, 'INDOOR30005', NULL, NULL, NULL, 0, NULL, NULL, NULL, NULL),
(58, 367, 'INDOOR30006', NULL, NULL, NULL, 0, NULL, NULL, NULL, NULL),
(58, 367, 'INDOOR30007', NULL, NULL, NULL, 0, NULL, NULL, NULL, NULL),
(58, 367, 'INDOOR30008', NULL, NULL, NULL, 0, NULL, NULL, NULL, NULL),
(58, 367, 'INDOOR30009', NULL, NULL, NULL, 0, NULL, NULL, NULL, NULL),
(58, 565, 'INDOOR30001', NULL, NULL, NULL, 0, NULL, NULL, NULL, NULL),
(58, 565, 'INDOOR30002', NULL, NULL, NULL, 0, NULL, NULL, NULL, NULL),
(58, 565, 'INDOOR30003', NULL, NULL, NULL, 0, NULL, NULL, NULL, NULL),
(58, 565, 'INDOOR30004', NULL, NULL, NULL, 0, NULL, NULL, NULL, NULL),
(58, 565, 'INDOOR30005', NULL, NULL, NULL, 0, NULL, NULL, NULL, NULL),
(58, 565, 'INDOOR30006', NULL, NULL, NULL, 0, NULL, NULL, NULL, NULL),
(58, 565, 'INDOOR30007', NULL, NULL, NULL, 0, NULL, NULL, NULL, NULL),
(58, 565, 'INDOOR30008', NULL, NULL, NULL, 0, NULL, NULL, NULL, NULL),
(58, 565, 'INDOOR30009', NULL, NULL, NULL, 0, NULL, NULL, NULL, NULL),
(58, 793, 'INDOOR30001', NULL, NULL, NULL, 0, NULL, NULL, NULL, NULL),
(58, 793, 'INDOOR30002', NULL, NULL, NULL, 0, NULL, NULL, NULL, NULL),
(58, 793, 'INDOOR30003', NULL, NULL, NULL, 0, NULL, NULL, NULL, NULL),
(58, 793, 'INDOOR30004', NULL, NULL, NULL, 0, NULL, NULL, NULL, NULL),
(58, 793, 'INDOOR30005', NULL, NULL, NULL, 0, NULL, NULL, NULL, NULL),
(58, 793, 'INDOOR30006', NULL, NULL, NULL, 0, NULL, NULL, NULL, NULL),
(58, 793, 'INDOOR30007', NULL, NULL, NULL, 0, NULL, NULL, NULL, NULL),
(58, 793, 'INDOOR30008', NULL, NULL, NULL, 0, NULL, NULL, NULL, NULL),
(58, 793, 'INDOOR30009', NULL, NULL, NULL, 0, NULL, NULL, NULL, NULL),
(59, 368, 'INDOOR30001', NULL, NULL, NULL, 0, NULL, NULL, NULL, NULL),
(59, 368, 'INDOOR30002', NULL, NULL, NULL, 0, NULL, NULL, NULL, NULL),
(59, 368, 'INDOOR30003', NULL, NULL, NULL, 0, NULL, NULL, NULL, NULL),
(59, 368, 'INDOOR30004', NULL, NULL, NULL, 0, NULL, NULL, NULL, NULL),
(59, 368, 'INDOOR30005', NULL, NULL, NULL, 0, NULL, NULL, NULL, NULL),
(59, 368, 'INDOOR30006', NULL, NULL, NULL, 0, NULL, NULL, NULL, NULL),
(59, 368, 'INDOOR30007', NULL, NULL, NULL, 0, NULL, NULL, NULL, NULL),
(59, 368, 'INDOOR30008', NULL, NULL, NULL, 0, NULL, NULL, NULL, NULL),
(59, 368, 'INDOOR30009', NULL, NULL, NULL, 0, NULL, NULL, NULL, NULL),
(59, 566, 'INDOOR30001', NULL, NULL, NULL, 0, NULL, NULL, NULL, NULL),
(59, 566, 'INDOOR30002', NULL, NULL, NULL, 0, NULL, NULL, NULL, NULL),
(59, 566, 'INDOOR30003', NULL, NULL, NULL, 0, NULL, NULL, NULL, NULL),
(59, 566, 'INDOOR30004', NULL, NULL, NULL, 0, NULL, NULL, NULL, NULL),
(59, 566, 'INDOOR30005', NULL, NULL, NULL, 0, NULL, NULL, NULL, NULL),
(59, 566, 'INDOOR30006', NULL, NULL, NULL, 0, NULL, NULL, NULL, NULL),
(59, 566, 'INDOOR30007', NULL, NULL, NULL, 0, NULL, NULL, NULL, NULL),
(59, 566, 'INDOOR30008', NULL, NULL, NULL, 0, NULL, NULL, NULL, NULL),
(59, 566, 'INDOOR30009', NULL, NULL, NULL, 0, NULL, NULL, NULL, NULL),
(59, 794, 'INDOOR30001', NULL, NULL, NULL, 0, NULL, NULL, NULL, NULL),
(59, 794, 'INDOOR30002', NULL, NULL, NULL, 0, NULL, NULL, NULL, NULL),
(59, 794, 'INDOOR30003', NULL, NULL, NULL, 0, NULL, NULL, NULL, NULL),
(59, 794, 'INDOOR30004', NULL, NULL, NULL, 0, NULL, NULL, NULL, NULL),
(59, 794, 'INDOOR30005', NULL, NULL, NULL, 0, NULL, NULL, NULL, NULL),
(59, 794, 'INDOOR30006', NULL, NULL, NULL, 0, NULL, NULL, NULL, NULL),
(59, 794, 'INDOOR30007', NULL, NULL, NULL, 0, NULL, NULL, NULL, NULL),
(59, 794, 'INDOOR30008', NULL, NULL, NULL, 0, NULL, NULL, NULL, NULL),
(59, 794, 'INDOOR30009', NULL, NULL, NULL, 0, NULL, NULL, NULL, NULL),
(60, 369, 'INDOOR30001', NULL, NULL, NULL, 75, NULL, NULL, NULL, NULL),
(60, 369, 'INDOOR30002', NULL, NULL, NULL, 75, NULL, NULL, NULL, NULL),
(60, 369, 'INDOOR30003', NULL, NULL, NULL, 75, NULL, NULL, NULL, NULL),
(60, 369, 'INDOOR30004', NULL, NULL, NULL, 75, NULL, NULL, NULL, NULL),
(60, 369, 'INDOOR30005', NULL, NULL, NULL, 75, NULL, NULL, NULL, NULL),
(60, 369, 'INDOOR30006', NULL, NULL, NULL, 75, NULL, NULL, NULL, NULL),
(60, 369, 'INDOOR30007', NULL, NULL, NULL, 75, NULL, NULL, NULL, NULL),
(60, 369, 'INDOOR30008', NULL, NULL, NULL, 75, NULL, NULL, NULL, NULL),
(60, 369, 'INDOOR30009', NULL, NULL, NULL, 75, NULL, NULL, NULL, NULL),
(60, 567, 'INDOOR30001', NULL, NULL, NULL, 75, NULL, NULL, NULL, NULL),
(60, 567, 'INDOOR30002', NULL, NULL, NULL, 75, NULL, NULL, NULL, NULL),
(60, 567, 'INDOOR30003', NULL, NULL, NULL, 75, NULL, NULL, NULL, NULL),
(60, 567, 'INDOOR30004', NULL, NULL, NULL, 75, NULL, NULL, NULL, NULL),
(60, 567, 'INDOOR30005', NULL, NULL, NULL, 75, NULL, NULL, NULL, NULL),
(60, 567, 'INDOOR30006', NULL, NULL, NULL, 75, NULL, NULL, NULL, NULL),
(60, 567, 'INDOOR30007', NULL, NULL, NULL, 75, NULL, NULL, NULL, NULL),
(60, 567, 'INDOOR30008', NULL, NULL, NULL, 75, NULL, NULL, NULL, NULL),
(60, 567, 'INDOOR30009', NULL, NULL, NULL, 75, NULL, NULL, NULL, NULL),
(60, 795, 'INDOOR30001', NULL, NULL, NULL, 75, NULL, NULL, NULL, NULL),
(60, 795, 'INDOOR30002', NULL, NULL, NULL, 75, NULL, NULL, NULL, NULL),
(60, 795, 'INDOOR30003', NULL, NULL, NULL, 75, NULL, NULL, NULL, NULL),
(60, 795, 'INDOOR30004', NULL, NULL, NULL, 75, NULL, NULL, NULL, NULL),
(60, 795, 'INDOOR30005', NULL, NULL, NULL, 75, NULL, NULL, NULL, NULL),
(60, 795, 'INDOOR30006', NULL, NULL, NULL, 75, NULL, NULL, NULL, NULL),
(60, 795, 'INDOOR30007', NULL, NULL, NULL, 75, NULL, NULL, NULL, NULL),
(60, 795, 'INDOOR30008', NULL, NULL, NULL, 75, NULL, NULL, NULL, NULL),
(60, 795, 'INDOOR30009', NULL, NULL, NULL, 75, NULL, NULL, NULL, NULL),
(61, 370, 'INDOOR30001', NULL, NULL, NULL, 120, NULL, NULL, NULL, NULL),
(61, 370, 'INDOOR30002', NULL, NULL, NULL, 120, NULL, NULL, NULL, NULL),
(61, 370, 'INDOOR30003', NULL, NULL, NULL, 120, NULL, NULL, NULL, NULL),
(61, 370, 'INDOOR30004', NULL, NULL, NULL, 120, NULL, NULL, NULL, NULL),
(61, 370, 'INDOOR30005', NULL, NULL, NULL, 120, NULL, NULL, NULL, NULL),
(61, 370, 'INDOOR30006', NULL, NULL, NULL, 120, NULL, NULL, NULL, NULL),
(61, 370, 'INDOOR30007', NULL, NULL, NULL, 120, NULL, NULL, NULL, NULL),
(61, 370, 'INDOOR30008', NULL, NULL, NULL, 120, NULL, NULL, NULL, NULL),
(61, 370, 'INDOOR30009', NULL, NULL, NULL, 120, NULL, NULL, NULL, NULL),
(61, 568, 'INDOOR30001', NULL, NULL, NULL, 120, NULL, NULL, NULL, NULL),
(61, 568, 'INDOOR30002', NULL, NULL, NULL, 120, NULL, NULL, NULL, NULL),
(61, 568, 'INDOOR30003', NULL, NULL, NULL, 120, NULL, NULL, NULL, NULL),
(61, 568, 'INDOOR30004', NULL, NULL, NULL, 120, NULL, NULL, NULL, NULL),
(61, 568, 'INDOOR30005', NULL, NULL, NULL, 120, NULL, NULL, NULL, NULL),
(61, 568, 'INDOOR30006', NULL, NULL, NULL, 120, NULL, NULL, NULL, NULL),
(61, 568, 'INDOOR30007', NULL, NULL, NULL, 120, NULL, NULL, NULL, NULL),
(61, 568, 'INDOOR30008', NULL, NULL, NULL, 120, NULL, NULL, NULL, NULL),
(61, 568, 'INDOOR30009', NULL, NULL, NULL, 120, NULL, NULL, NULL, NULL),
(61, 796, 'INDOOR30001', NULL, NULL, NULL, 120, NULL, NULL, NULL, NULL),
(61, 796, 'INDOOR30002', NULL, NULL, NULL, 120, NULL, NULL, NULL, NULL),
(61, 796, 'INDOOR30003', NULL, NULL, NULL, 120, NULL, NULL, NULL, NULL),
(61, 796, 'INDOOR30004', NULL, NULL, NULL, 120, NULL, NULL, NULL, NULL),
(61, 796, 'INDOOR30005', NULL, NULL, NULL, 120, NULL, NULL, NULL, NULL),
(61, 796, 'INDOOR30006', NULL, NULL, NULL, 120, NULL, NULL, NULL, NULL),
(61, 796, 'INDOOR30007', NULL, NULL, NULL, 120, NULL, NULL, NULL, NULL),
(61, 796, 'INDOOR30008', NULL, NULL, NULL, 120, NULL, NULL, NULL, NULL),
(61, 796, 'INDOOR30009', NULL, NULL, NULL, 120, NULL, NULL, NULL, NULL),
(62, 371, 'INDOOR30001', NULL, NULL, NULL, 0, NULL, NULL, NULL, NULL),
(62, 371, 'INDOOR30002', NULL, NULL, NULL, 0, NULL, NULL, NULL, NULL),
(62, 371, 'INDOOR30003', NULL, NULL, NULL, 0, NULL, NULL, NULL, NULL),
(62, 371, 'INDOOR30004', NULL, NULL, NULL, 0, NULL, NULL, NULL, NULL),
(62, 371, 'INDOOR30005', NULL, NULL, NULL, 0, NULL, NULL, NULL, NULL),
(62, 371, 'INDOOR30006', NULL, NULL, NULL, 0, NULL, NULL, NULL, NULL),
(62, 371, 'INDOOR30007', NULL, NULL, NULL, 0, NULL, NULL, NULL, NULL),
(62, 371, 'INDOOR30008', NULL, NULL, NULL, 0, NULL, NULL, NULL, NULL),
(62, 371, 'INDOOR30009', NULL, NULL, NULL, 0, NULL, NULL, NULL, NULL),
(62, 569, 'INDOOR30001', NULL, NULL, NULL, 0, NULL, NULL, NULL, NULL),
(62, 569, 'INDOOR30002', NULL, NULL, NULL, 0, NULL, NULL, NULL, NULL),
(62, 569, 'INDOOR30003', NULL, NULL, NULL, 0, NULL, NULL, NULL, NULL),
(62, 569, 'INDOOR30004', NULL, NULL, NULL, 0, NULL, NULL, NULL, NULL),
(62, 569, 'INDOOR30005', NULL, NULL, NULL, 0, NULL, NULL, NULL, NULL),
(62, 569, 'INDOOR30006', NULL, NULL, NULL, 0, NULL, NULL, NULL, NULL),
(62, 569, 'INDOOR30007', NULL, NULL, NULL, 0, NULL, NULL, NULL, NULL),
(62, 569, 'INDOOR30008', NULL, NULL, NULL, 0, NULL, NULL, NULL, NULL),
(62, 569, 'INDOOR30009', NULL, NULL, NULL, 0, NULL, NULL, NULL, NULL),
(62, 797, 'INDOOR30001', NULL, NULL, NULL, 0, NULL, NULL, NULL, NULL),
(62, 797, 'INDOOR30002', NULL, NULL, NULL, 0, NULL, NULL, NULL, NULL),
(62, 797, 'INDOOR30003', NULL, NULL, NULL, 0, NULL, NULL, NULL, NULL),
(62, 797, 'INDOOR30004', NULL, NULL, NULL, 0, NULL, NULL, NULL, NULL),
(62, 797, 'INDOOR30005', NULL, NULL, NULL, 0, NULL, NULL, NULL, NULL),
(62, 797, 'INDOOR30006', NULL, NULL, NULL, 0, NULL, NULL, NULL, NULL),
(62, 797, 'INDOOR30007', NULL, NULL, NULL, 0, NULL, NULL, NULL, NULL),
(62, 797, 'INDOOR30008', NULL, NULL, NULL, 0, NULL, NULL, NULL, NULL),
(62, 797, 'INDOOR30009', NULL, NULL, NULL, 0, NULL, NULL, NULL, NULL),
(63, 372, 'INDOOR30001', NULL, NULL, NULL, 15, NULL, NULL, NULL, NULL),
(63, 372, 'INDOOR30002', NULL, NULL, NULL, 15, NULL, NULL, NULL, NULL),
(63, 372, 'INDOOR30003', NULL, NULL, NULL, 15, NULL, NULL, NULL, NULL),
(63, 372, 'INDOOR30004', NULL, NULL, NULL, 15, NULL, NULL, NULL, NULL),
(63, 372, 'INDOOR30005', NULL, NULL, NULL, 15, NULL, NULL, NULL, NULL),
(63, 372, 'INDOOR30006', NULL, NULL, NULL, 15, NULL, NULL, NULL, NULL),
(63, 372, 'INDOOR30007', NULL, NULL, NULL, 15, NULL, NULL, NULL, NULL),
(63, 372, 'INDOOR30008', NULL, NULL, NULL, 15, NULL, NULL, NULL, NULL),
(63, 372, 'INDOOR30009', NULL, NULL, NULL, 15, NULL, NULL, NULL, NULL),
(63, 570, 'INDOOR30001', NULL, NULL, NULL, 15, NULL, NULL, NULL, NULL),
(63, 570, 'INDOOR30002', NULL, NULL, NULL, 15, NULL, NULL, NULL, NULL),
(63, 570, 'INDOOR30003', NULL, NULL, NULL, 15, NULL, NULL, NULL, NULL),
(63, 570, 'INDOOR30004', NULL, NULL, NULL, 15, NULL, NULL, NULL, NULL),
(63, 570, 'INDOOR30005', NULL, NULL, NULL, 15, NULL, NULL, NULL, NULL),
(63, 570, 'INDOOR30006', NULL, NULL, NULL, 15, NULL, NULL, NULL, NULL),
(63, 570, 'INDOOR30007', NULL, NULL, NULL, 15, NULL, NULL, NULL, NULL),
(63, 570, 'INDOOR30008', NULL, NULL, NULL, 15, NULL, NULL, NULL, NULL),
(63, 570, 'INDOOR30009', NULL, NULL, NULL, 15, NULL, NULL, NULL, NULL),
(63, 798, 'INDOOR30001', NULL, NULL, NULL, 15, NULL, NULL, NULL, NULL),
(63, 798, 'INDOOR30002', NULL, NULL, NULL, 15, NULL, NULL, NULL, NULL),
(63, 798, 'INDOOR30003', NULL, NULL, NULL, 15, NULL, NULL, NULL, NULL),
(63, 798, 'INDOOR30004', NULL, NULL, NULL, 15, NULL, NULL, NULL, NULL),
(63, 798, 'INDOOR30005', NULL, NULL, NULL, 15, NULL, NULL, NULL, NULL),
(63, 798, 'INDOOR30006', NULL, NULL, NULL, 15, NULL, NULL, NULL, NULL),
(63, 798, 'INDOOR30007', NULL, NULL, NULL, 15, NULL, NULL, NULL, NULL),
(63, 798, 'INDOOR30008', NULL, NULL, NULL, 15, NULL, NULL, NULL, NULL),
(63, 798, 'INDOOR30009', NULL, NULL, NULL, 15, NULL, NULL, NULL, NULL),
(64, 373, 'INDOOR30001', NULL, NULL, NULL, 0, NULL, NULL, NULL, NULL),
(64, 373, 'INDOOR30002', NULL, NULL, NULL, 0, NULL, NULL, NULL, NULL),
(64, 373, 'INDOOR30003', NULL, NULL, NULL, 0, NULL, NULL, NULL, NULL),
(64, 373, 'INDOOR30004', NULL, NULL, NULL, 0, NULL, NULL, NULL, NULL),
(64, 373, 'INDOOR30005', NULL, NULL, NULL, 0, NULL, NULL, NULL, NULL),
(64, 373, 'INDOOR30006', NULL, NULL, NULL, 0, NULL, NULL, NULL, NULL),
(64, 373, 'INDOOR30007', NULL, NULL, NULL, 0, NULL, NULL, NULL, NULL),
(64, 373, 'INDOOR30008', NULL, NULL, NULL, 0, NULL, NULL, NULL, NULL),
(64, 373, 'INDOOR30009', NULL, NULL, NULL, 0, NULL, NULL, NULL, NULL),
(64, 571, 'INDOOR30001', NULL, NULL, NULL, 0, NULL, NULL, NULL, NULL),
(64, 571, 'INDOOR30002', NULL, NULL, NULL, 0, NULL, NULL, NULL, NULL),
(64, 571, 'INDOOR30003', NULL, NULL, NULL, 0, NULL, NULL, NULL, NULL),
(64, 571, 'INDOOR30004', NULL, NULL, NULL, 0, NULL, NULL, NULL, NULL),
(64, 571, 'INDOOR30005', NULL, NULL, NULL, 0, NULL, NULL, NULL, NULL),
(64, 571, 'INDOOR30006', NULL, NULL, NULL, 0, NULL, NULL, NULL, NULL),
(64, 571, 'INDOOR30007', NULL, NULL, NULL, 0, NULL, NULL, NULL, NULL),
(64, 571, 'INDOOR30008', NULL, NULL, NULL, 0, NULL, NULL, NULL, NULL),
(64, 571, 'INDOOR30009', NULL, NULL, NULL, 0, NULL, NULL, NULL, NULL),
(64, 799, 'INDOOR30001', NULL, NULL, NULL, 0, NULL, NULL, NULL, NULL),
(64, 799, 'INDOOR30002', NULL, NULL, NULL, 0, NULL, NULL, NULL, NULL),
(64, 799, 'INDOOR30003', NULL, NULL, NULL, 0, NULL, NULL, NULL, NULL),
(64, 799, 'INDOOR30004', NULL, NULL, NULL, 0, NULL, NULL, NULL, NULL),
(64, 799, 'INDOOR30005', NULL, NULL, NULL, 0, NULL, NULL, NULL, NULL),
(64, 799, 'INDOOR30006', NULL, NULL, NULL, 0, NULL, NULL, NULL, NULL),
(64, 799, 'INDOOR30007', NULL, NULL, NULL, 0, NULL, NULL, NULL, NULL),
(64, 799, 'INDOOR30008', NULL, NULL, NULL, 0, NULL, NULL, NULL, NULL),
(64, 799, 'INDOOR30009', NULL, NULL, NULL, 0, NULL, NULL, NULL, NULL),
(65, 374, 'INDOOR30001', NULL, '', 'cho_xac_nhan', 12701, 'dat', NULL, NULL, NULL),
(65, 374, 'INDOOR30002', NULL, '', 'cho_xac_nhan', 12701, 'dat', NULL, NULL, NULL),
(65, 374, 'INDOOR30003', NULL, '', 'cho_xac_nhan', 12701, 'dat', NULL, NULL, NULL),
(65, 374, 'INDOOR30004', NULL, '', 'cho_xac_nhan', 12701, 'dat', NULL, NULL, NULL),
(65, 374, 'INDOOR30005', NULL, '', 'cho_xac_nhan', 12701, 'dat', NULL, NULL, NULL),
(65, 374, 'INDOOR30006', NULL, '', 'cho_xac_nhan', 12701, 'dat', NULL, NULL, NULL),
(65, 374, 'INDOOR30007', NULL, 'gfgodgdg', 'cho_xac_nhan', 12701, 'dat', NULL, NULL, NULL),
(65, 374, 'INDOOR30008', NULL, 'hoạt động bình thường', 'cho_xac_nhan', 12701, 'dat', NULL, NULL, NULL),
(65, 374, 'INDOOR30009', NULL, 'đá', 'cho_xac_nhan', 12701, 'dat', NULL, NULL, NULL),
(65, 572, 'INDOOR30001', NULL, 'hoạt động bình thường', 'cho_xac_nhan', 12701, 'dat', NULL, NULL, NULL),
(65, 572, 'INDOOR30002', NULL, 'đá', 'cho_xac_nhan', 12701, 'dat', NULL, NULL, NULL),
(65, 572, 'INDOOR30003', NULL, '', 'cho_xac_nhan', 12701, 'dat', NULL, NULL, NULL),
(65, 572, 'INDOOR30004', NULL, 'ok', 'cho_xac_nhan', 12701, 'dat', NULL, NULL, NULL),
(65, 572, 'INDOOR30005', NULL, 'Cần khắc phục', 'cho_xac_nhan', 12701, 'khong_dat', NULL, NULL, NULL),
(65, 572, 'INDOOR30006', NULL, 'Ok', 'cho_xac_nhan', 12701, 'khong_dat', NULL, NULL, NULL),
(65, 572, 'INDOOR30007', NULL, '', 'cho_xac_nhan', 12701, 'dat', NULL, NULL, NULL),
(65, 572, 'INDOOR30008', NULL, '', 'cho_xac_nhan', 12701, 'dat', NULL, NULL, NULL),
(65, 572, 'INDOOR30009', NULL, '', 'cho_xac_nhan', 12701, 'dat', NULL, NULL, NULL),
(65, 800, 'INDOOR30001', NULL, '', 'cho_xac_nhan', 12701, 'dat', NULL, NULL, NULL),
(65, 800, 'INDOOR30002', NULL, '', 'cho_xac_nhan', 12701, 'dat', NULL, NULL, NULL),
(65, 800, 'INDOOR30003', NULL, '', 'cho_xac_nhan', 12701, 'dat', NULL, NULL, NULL),
(65, 800, 'INDOOR30004', NULL, 'ppp', 'cho_xac_nhan', 12701, 'dat', NULL, NULL, NULL),
(65, 800, 'INDOOR30005', NULL, '', 'cho_xac_nhan', 12701, 'dat', NULL, NULL, NULL),
(65, 800, 'INDOOR30006', NULL, 'pp', 'cho_xac_nhan', 12701, 'dat', NULL, NULL, NULL),
(65, 800, 'INDOOR30007', NULL, 'Xử lý gấp', 'cho_xac_nhan', 12701, 'dat', NULL, NULL, NULL),
(65, 800, 'INDOOR30008', NULL, '', 'cho_xac_nhan', 12701, 'khong_dat', NULL, NULL, NULL),
(65, 800, 'INDOOR30009', NULL, '', 'cho_xac_nhan', 12701, 'dat', NULL, NULL, NULL),
(66, 375, 'INDOOR30001', NULL, NULL, NULL, 0, NULL, NULL, NULL, NULL),
(66, 375, 'INDOOR30002', NULL, NULL, NULL, 0, NULL, NULL, NULL, NULL),
(66, 375, 'INDOOR30003', NULL, NULL, NULL, 0, NULL, NULL, NULL, NULL),
(66, 375, 'INDOOR30004', NULL, NULL, NULL, 0, NULL, NULL, NULL, NULL),
(66, 375, 'INDOOR30005', NULL, NULL, NULL, 0, NULL, NULL, NULL, NULL),
(66, 375, 'INDOOR30006', NULL, NULL, NULL, 0, NULL, NULL, NULL, NULL),
(66, 375, 'INDOOR30007', NULL, NULL, NULL, 0, NULL, NULL, NULL, NULL),
(66, 375, 'INDOOR30008', NULL, NULL, NULL, 0, NULL, NULL, NULL, NULL),
(66, 375, 'INDOOR30009', NULL, NULL, NULL, 0, NULL, NULL, NULL, NULL),
(66, 573, 'INDOOR30001', NULL, NULL, NULL, 0, NULL, NULL, NULL, NULL),
(66, 573, 'INDOOR30002', NULL, NULL, NULL, 0, NULL, NULL, NULL, NULL),
(66, 573, 'INDOOR30003', NULL, NULL, NULL, 0, NULL, NULL, NULL, NULL),
(66, 573, 'INDOOR30004', NULL, NULL, NULL, 0, NULL, NULL, NULL, NULL),
(66, 573, 'INDOOR30005', NULL, NULL, NULL, 0, NULL, NULL, NULL, NULL),
(66, 573, 'INDOOR30006', NULL, NULL, NULL, 0, NULL, NULL, NULL, NULL),
(66, 573, 'INDOOR30007', NULL, NULL, NULL, 0, NULL, NULL, NULL, NULL),
(66, 573, 'INDOOR30008', NULL, NULL, NULL, 0, NULL, NULL, NULL, NULL),
(66, 573, 'INDOOR30009', NULL, NULL, NULL, 0, NULL, NULL, NULL, NULL),
(66, 801, 'INDOOR30001', NULL, NULL, NULL, 0, NULL, NULL, NULL, NULL),
(66, 801, 'INDOOR30002', NULL, NULL, NULL, 0, NULL, NULL, NULL, NULL),
(66, 801, 'INDOOR30003', NULL, NULL, NULL, 0, NULL, NULL, NULL, NULL),
(66, 801, 'INDOOR30004', NULL, NULL, NULL, 0, NULL, NULL, NULL, NULL),
(66, 801, 'INDOOR30005', NULL, NULL, NULL, 0, NULL, NULL, NULL, NULL),
(66, 801, 'INDOOR30006', NULL, NULL, NULL, 0, NULL, NULL, NULL, NULL),
(66, 801, 'INDOOR30007', NULL, NULL, NULL, 0, NULL, NULL, NULL, NULL),
(66, 801, 'INDOOR30008', NULL, NULL, NULL, 0, NULL, NULL, NULL, NULL),
(66, 801, 'INDOOR30009', NULL, NULL, NULL, 0, NULL, NULL, NULL, NULL),
(67, 376, 'INDOOR30001', NULL, NULL, NULL, 120, NULL, NULL, NULL, NULL),
(67, 376, 'INDOOR30002', NULL, NULL, NULL, 120, NULL, NULL, NULL, NULL),
(67, 376, 'INDOOR30003', NULL, NULL, NULL, 120, NULL, NULL, NULL, NULL),
(67, 376, 'INDOOR30004', NULL, NULL, NULL, 120, NULL, NULL, NULL, NULL),
(67, 376, 'INDOOR30005', NULL, NULL, NULL, 120, NULL, NULL, NULL, NULL),
(67, 376, 'INDOOR30006', NULL, NULL, NULL, 120, NULL, NULL, NULL, NULL),
(67, 376, 'INDOOR30007', NULL, NULL, NULL, 120, NULL, NULL, NULL, NULL),
(67, 376, 'INDOOR30008', NULL, NULL, NULL, 120, NULL, NULL, NULL, NULL),
(67, 376, 'INDOOR30009', NULL, NULL, NULL, 120, NULL, NULL, NULL, NULL),
(67, 574, 'INDOOR30001', NULL, NULL, NULL, 120, NULL, NULL, NULL, NULL),
(67, 574, 'INDOOR30002', NULL, NULL, NULL, 120, NULL, NULL, NULL, NULL),
(67, 574, 'INDOOR30003', NULL, NULL, NULL, 120, NULL, NULL, NULL, NULL),
(67, 574, 'INDOOR30004', NULL, NULL, NULL, 120, NULL, NULL, NULL, NULL),
(67, 574, 'INDOOR30005', NULL, NULL, NULL, 120, NULL, NULL, NULL, NULL),
(67, 574, 'INDOOR30006', NULL, NULL, NULL, 120, NULL, NULL, NULL, NULL),
(67, 574, 'INDOOR30007', NULL, NULL, NULL, 120, NULL, NULL, NULL, NULL),
(67, 574, 'INDOOR30008', NULL, NULL, NULL, 120, NULL, NULL, NULL, NULL),
(67, 574, 'INDOOR30009', NULL, NULL, NULL, 120, NULL, NULL, NULL, NULL),
(67, 802, 'INDOOR30001', NULL, NULL, NULL, 120, NULL, NULL, NULL, NULL),
(67, 802, 'INDOOR30002', NULL, NULL, NULL, 120, NULL, NULL, NULL, NULL),
(67, 802, 'INDOOR30003', NULL, NULL, NULL, 120, NULL, NULL, NULL, NULL),
(67, 802, 'INDOOR30004', NULL, NULL, NULL, 120, NULL, NULL, NULL, NULL),
(67, 802, 'INDOOR30005', NULL, NULL, NULL, 120, NULL, NULL, NULL, NULL),
(67, 802, 'INDOOR30006', NULL, NULL, NULL, 120, NULL, NULL, NULL, NULL),
(67, 802, 'INDOOR30007', NULL, NULL, NULL, 120, NULL, NULL, NULL, NULL),
(67, 802, 'INDOOR30008', NULL, NULL, NULL, 120, NULL, NULL, NULL, NULL),
(67, 802, 'INDOOR30009', NULL, NULL, NULL, 120, NULL, NULL, NULL, NULL),
(68, 377, 'INDOOR30001', NULL, NULL, NULL, 0, NULL, NULL, NULL, NULL),
(68, 377, 'INDOOR30002', NULL, NULL, NULL, 0, NULL, NULL, NULL, NULL),
(68, 377, 'INDOOR30003', NULL, NULL, NULL, 0, NULL, NULL, NULL, NULL),
(68, 377, 'INDOOR30004', NULL, NULL, NULL, 0, NULL, NULL, NULL, NULL),
(68, 377, 'INDOOR30005', NULL, NULL, NULL, 0, NULL, NULL, NULL, NULL),
(68, 377, 'INDOOR30006', NULL, NULL, NULL, 0, NULL, NULL, NULL, NULL),
(68, 377, 'INDOOR30007', NULL, NULL, NULL, 0, NULL, NULL, NULL, NULL),
(68, 377, 'INDOOR30008', NULL, NULL, NULL, 0, NULL, NULL, NULL, NULL),
(68, 377, 'INDOOR30009', NULL, NULL, NULL, 0, NULL, NULL, NULL, NULL),
(68, 575, 'INDOOR30001', NULL, NULL, NULL, 0, NULL, NULL, NULL, NULL),
(68, 575, 'INDOOR30002', NULL, NULL, NULL, 0, NULL, NULL, NULL, NULL),
(68, 575, 'INDOOR30003', NULL, NULL, NULL, 0, NULL, NULL, NULL, NULL),
(68, 575, 'INDOOR30004', NULL, NULL, NULL, 0, NULL, NULL, NULL, NULL),
(68, 575, 'INDOOR30005', NULL, NULL, NULL, 0, NULL, NULL, NULL, NULL),
(68, 575, 'INDOOR30006', NULL, NULL, NULL, 0, NULL, NULL, NULL, NULL),
(68, 575, 'INDOOR30007', NULL, NULL, NULL, 0, NULL, NULL, NULL, NULL),
(68, 575, 'INDOOR30008', NULL, NULL, NULL, 0, NULL, NULL, NULL, NULL),
(68, 575, 'INDOOR30009', NULL, NULL, NULL, 0, NULL, NULL, NULL, NULL),
(68, 803, 'INDOOR30001', NULL, NULL, NULL, 0, NULL, NULL, NULL, NULL),
(68, 803, 'INDOOR30002', NULL, NULL, NULL, 0, NULL, NULL, NULL, NULL),
(68, 803, 'INDOOR30003', NULL, NULL, NULL, 0, NULL, NULL, NULL, NULL),
(68, 803, 'INDOOR30004', NULL, NULL, NULL, 0, NULL, NULL, NULL, NULL),
(68, 803, 'INDOOR30005', NULL, NULL, NULL, 0, NULL, NULL, NULL, NULL),
(68, 803, 'INDOOR30006', NULL, NULL, NULL, 0, NULL, NULL, NULL, NULL),
(68, 803, 'INDOOR30007', NULL, NULL, NULL, 0, NULL, NULL, NULL, NULL),
(68, 803, 'INDOOR30008', NULL, NULL, NULL, 0, NULL, NULL, NULL, NULL),
(68, 803, 'INDOOR30009', NULL, NULL, NULL, 0, NULL, NULL, NULL, NULL),
(69, 378, 'INDOOR30001', NULL, NULL, NULL, 0, NULL, NULL, NULL, NULL),
(69, 378, 'INDOOR30002', NULL, NULL, NULL, 0, NULL, NULL, NULL, NULL),
(69, 378, 'INDOOR30003', NULL, NULL, NULL, 0, NULL, NULL, NULL, NULL),
(69, 378, 'INDOOR30004', NULL, NULL, NULL, 0, NULL, NULL, NULL, NULL),
(69, 378, 'INDOOR30005', NULL, NULL, NULL, 0, NULL, NULL, NULL, NULL),
(69, 378, 'INDOOR30006', NULL, NULL, NULL, 0, NULL, NULL, NULL, NULL),
(69, 378, 'INDOOR30007', NULL, NULL, NULL, 0, NULL, NULL, NULL, NULL),
(69, 378, 'INDOOR30008', NULL, NULL, NULL, 0, NULL, NULL, NULL, NULL),
(69, 378, 'INDOOR30009', NULL, NULL, NULL, 0, NULL, NULL, NULL, NULL),
(69, 576, 'INDOOR30001', NULL, NULL, NULL, 0, NULL, NULL, NULL, NULL),
(69, 576, 'INDOOR30002', NULL, NULL, NULL, 0, NULL, NULL, NULL, NULL),
(69, 576, 'INDOOR30003', NULL, NULL, NULL, 0, NULL, NULL, NULL, NULL),
(69, 576, 'INDOOR30004', NULL, NULL, NULL, 0, NULL, NULL, NULL, NULL),
(69, 576, 'INDOOR30005', NULL, NULL, NULL, 0, NULL, NULL, NULL, NULL),
(69, 576, 'INDOOR30006', NULL, NULL, NULL, 0, NULL, NULL, NULL, NULL),
(69, 576, 'INDOOR30007', NULL, NULL, NULL, 0, NULL, NULL, NULL, NULL),
(69, 576, 'INDOOR30008', NULL, NULL, NULL, 0, NULL, NULL, NULL, NULL),
(69, 576, 'INDOOR30009', NULL, NULL, NULL, 0, NULL, NULL, NULL, NULL),
(69, 804, 'INDOOR30001', NULL, NULL, NULL, 0, NULL, NULL, NULL, NULL),
(69, 804, 'INDOOR30002', NULL, NULL, NULL, 0, NULL, NULL, NULL, NULL),
(69, 804, 'INDOOR30003', NULL, NULL, NULL, 0, NULL, NULL, NULL, NULL),
(69, 804, 'INDOOR30004', NULL, NULL, NULL, 0, NULL, NULL, NULL, NULL),
(69, 804, 'INDOOR30005', NULL, NULL, NULL, 0, NULL, NULL, NULL, NULL),
(69, 804, 'INDOOR30006', NULL, NULL, NULL, 0, NULL, NULL, NULL, NULL),
(69, 804, 'INDOOR30007', NULL, NULL, NULL, 0, NULL, NULL, NULL, NULL),
(69, 804, 'INDOOR30008', NULL, NULL, NULL, 0, NULL, NULL, NULL, NULL),
(69, 804, 'INDOOR30009', NULL, NULL, NULL, 0, NULL, NULL, NULL, NULL),
(70, 379, 'INDOOR30001', NULL, NULL, NULL, 0, NULL, NULL, NULL, NULL),
(70, 379, 'INDOOR30002', NULL, NULL, NULL, 0, NULL, NULL, NULL, NULL),
(70, 379, 'INDOOR30003', NULL, NULL, NULL, 0, NULL, NULL, NULL, NULL),
(70, 379, 'INDOOR30004', NULL, NULL, NULL, 0, NULL, NULL, NULL, NULL),
(70, 379, 'INDOOR30005', NULL, NULL, NULL, 0, NULL, NULL, NULL, NULL),
(70, 379, 'INDOOR30006', NULL, NULL, NULL, 0, NULL, NULL, NULL, NULL),
(70, 379, 'INDOOR30007', NULL, NULL, NULL, 0, NULL, NULL, NULL, NULL),
(70, 379, 'INDOOR30008', NULL, NULL, NULL, 0, NULL, NULL, NULL, NULL),
(70, 379, 'INDOOR30009', NULL, NULL, NULL, 0, NULL, NULL, NULL, NULL),
(70, 577, 'INDOOR30001', NULL, NULL, NULL, 0, NULL, NULL, NULL, NULL),
(70, 577, 'INDOOR30002', NULL, NULL, NULL, 0, NULL, NULL, NULL, NULL),
(70, 577, 'INDOOR30003', NULL, NULL, NULL, 0, NULL, NULL, NULL, NULL),
(70, 577, 'INDOOR30004', NULL, NULL, NULL, 0, NULL, NULL, NULL, NULL),
(70, 577, 'INDOOR30005', NULL, NULL, NULL, 0, NULL, NULL, NULL, NULL),
(70, 577, 'INDOOR30006', NULL, NULL, NULL, 0, NULL, NULL, NULL, NULL),
(70, 577, 'INDOOR30007', NULL, NULL, NULL, 0, NULL, NULL, NULL, NULL),
(70, 577, 'INDOOR30008', NULL, NULL, NULL, 0, NULL, NULL, NULL, NULL),
(70, 577, 'INDOOR30009', NULL, NULL, NULL, 0, NULL, NULL, NULL, NULL),
(70, 805, 'INDOOR30001', NULL, NULL, NULL, 0, NULL, NULL, NULL, NULL),
(70, 805, 'INDOOR30002', NULL, NULL, NULL, 0, NULL, NULL, NULL, NULL),
(70, 805, 'INDOOR30003', NULL, NULL, NULL, 0, NULL, NULL, NULL, NULL),
(70, 805, 'INDOOR30004', NULL, NULL, NULL, 0, NULL, NULL, NULL, NULL),
(70, 805, 'INDOOR30005', NULL, NULL, NULL, 0, NULL, NULL, NULL, NULL),
(70, 805, 'INDOOR30006', NULL, NULL, NULL, 0, NULL, NULL, NULL, NULL),
(70, 805, 'INDOOR30007', NULL, NULL, NULL, 0, NULL, NULL, NULL, NULL),
(70, 805, 'INDOOR30008', NULL, NULL, NULL, 0, NULL, NULL, NULL, NULL),
(70, 805, 'INDOOR30009', NULL, NULL, NULL, 0, NULL, NULL, NULL, NULL),
(71, 380, 'INDOOR30001', NULL, NULL, NULL, 75, NULL, NULL, NULL, NULL),
(71, 380, 'INDOOR30002', NULL, NULL, NULL, 75, NULL, NULL, NULL, NULL),
(71, 380, 'INDOOR30003', NULL, NULL, NULL, 75, NULL, NULL, NULL, NULL),
(71, 380, 'INDOOR30004', NULL, NULL, NULL, 75, NULL, NULL, NULL, NULL),
(71, 380, 'INDOOR30005', NULL, NULL, NULL, 75, NULL, NULL, NULL, NULL),
(71, 380, 'INDOOR30006', NULL, NULL, NULL, 75, NULL, NULL, NULL, NULL),
(71, 380, 'INDOOR30007', NULL, NULL, NULL, 75, NULL, NULL, NULL, NULL),
(71, 380, 'INDOOR30008', NULL, NULL, NULL, 75, NULL, NULL, NULL, NULL),
(71, 380, 'INDOOR30009', NULL, NULL, NULL, 75, NULL, NULL, NULL, NULL),
(71, 578, 'INDOOR30001', NULL, NULL, NULL, 75, NULL, NULL, NULL, NULL),
(71, 578, 'INDOOR30002', NULL, NULL, NULL, 75, NULL, NULL, NULL, NULL),
(71, 578, 'INDOOR30003', NULL, NULL, NULL, 75, NULL, NULL, NULL, NULL),
(71, 578, 'INDOOR30004', NULL, NULL, NULL, 75, NULL, NULL, NULL, NULL),
(71, 578, 'INDOOR30005', NULL, NULL, NULL, 75, NULL, NULL, NULL, NULL),
(71, 578, 'INDOOR30006', NULL, NULL, NULL, 75, NULL, NULL, NULL, NULL),
(71, 578, 'INDOOR30007', NULL, NULL, NULL, 75, NULL, NULL, NULL, NULL),
(71, 578, 'INDOOR30008', NULL, NULL, NULL, 75, NULL, NULL, NULL, NULL),
(71, 578, 'INDOOR30009', NULL, NULL, NULL, 75, NULL, NULL, NULL, NULL),
(71, 806, 'INDOOR30001', NULL, NULL, NULL, 75, NULL, NULL, NULL, NULL),
(71, 806, 'INDOOR30002', NULL, NULL, NULL, 75, NULL, NULL, NULL, NULL),
(71, 806, 'INDOOR30003', NULL, NULL, NULL, 75, NULL, NULL, NULL, NULL),
(71, 806, 'INDOOR30004', NULL, NULL, NULL, 75, NULL, NULL, NULL, NULL),
(71, 806, 'INDOOR30005', NULL, NULL, NULL, 75, NULL, NULL, NULL, NULL),
(71, 806, 'INDOOR30006', NULL, NULL, NULL, 75, NULL, NULL, NULL, NULL),
(71, 806, 'INDOOR30007', NULL, NULL, NULL, 75, NULL, NULL, NULL, NULL),
(71, 806, 'INDOOR30008', NULL, NULL, NULL, 75, NULL, NULL, NULL, NULL),
(71, 806, 'INDOOR30009', NULL, NULL, NULL, 75, NULL, NULL, NULL, NULL),
(72, 381, 'INDOOR30001', NULL, NULL, NULL, 120, NULL, NULL, NULL, NULL),
(72, 381, 'INDOOR30002', NULL, NULL, NULL, 120, NULL, NULL, NULL, NULL),
(72, 381, 'INDOOR30003', NULL, NULL, NULL, 120, NULL, NULL, NULL, NULL),
(72, 381, 'INDOOR30004', NULL, NULL, NULL, 120, NULL, NULL, NULL, NULL),
(72, 381, 'INDOOR30005', NULL, NULL, NULL, 120, NULL, NULL, NULL, NULL),
(72, 381, 'INDOOR30006', NULL, NULL, NULL, 120, NULL, NULL, NULL, NULL),
(72, 381, 'INDOOR30007', NULL, NULL, NULL, 120, NULL, NULL, NULL, NULL),
(72, 381, 'INDOOR30008', NULL, NULL, NULL, 120, NULL, NULL, NULL, NULL),
(72, 381, 'INDOOR30009', NULL, NULL, NULL, 120, NULL, NULL, NULL, NULL),
(72, 579, 'INDOOR30001', NULL, NULL, NULL, 120, NULL, NULL, NULL, NULL),
(72, 579, 'INDOOR30002', NULL, NULL, NULL, 120, NULL, NULL, NULL, NULL),
(72, 579, 'INDOOR30003', NULL, NULL, NULL, 120, NULL, NULL, NULL, NULL),
(72, 579, 'INDOOR30004', NULL, NULL, NULL, 120, NULL, NULL, NULL, NULL),
(72, 579, 'INDOOR30005', NULL, NULL, NULL, 120, NULL, NULL, NULL, NULL),
(72, 579, 'INDOOR30006', NULL, NULL, NULL, 120, NULL, NULL, NULL, NULL),
(72, 579, 'INDOOR30007', NULL, NULL, NULL, 120, NULL, NULL, NULL, NULL),
(72, 579, 'INDOOR30008', NULL, NULL, NULL, 120, NULL, NULL, NULL, NULL),
(72, 579, 'INDOOR30009', NULL, NULL, NULL, 120, NULL, NULL, NULL, NULL),
(72, 807, 'INDOOR30001', NULL, NULL, NULL, 120, NULL, NULL, NULL, NULL),
(72, 807, 'INDOOR30002', NULL, NULL, NULL, 120, NULL, NULL, NULL, NULL),
(72, 807, 'INDOOR30003', NULL, NULL, NULL, 120, NULL, NULL, NULL, NULL),
(72, 807, 'INDOOR30004', NULL, NULL, NULL, 120, NULL, NULL, NULL, NULL),
(72, 807, 'INDOOR30005', NULL, NULL, NULL, 120, NULL, NULL, NULL, NULL),
(72, 807, 'INDOOR30006', NULL, NULL, NULL, 120, NULL, NULL, NULL, NULL),
(72, 807, 'INDOOR30007', NULL, NULL, NULL, 120, NULL, NULL, NULL, NULL),
(72, 807, 'INDOOR30008', NULL, NULL, NULL, 120, NULL, NULL, NULL, NULL),
(72, 807, 'INDOOR30009', NULL, NULL, NULL, 120, NULL, NULL, NULL, NULL),
(73, 382, 'INDOOR30001', NULL, NULL, NULL, 0, NULL, NULL, NULL, NULL),
(73, 382, 'INDOOR30002', NULL, NULL, NULL, 0, NULL, NULL, NULL, NULL),
(73, 382, 'INDOOR30003', NULL, NULL, NULL, 0, NULL, NULL, NULL, NULL),
(73, 382, 'INDOOR30004', NULL, NULL, NULL, 0, NULL, NULL, NULL, NULL),
(73, 382, 'INDOOR30005', NULL, NULL, NULL, 0, NULL, NULL, NULL, NULL),
(73, 382, 'INDOOR30006', NULL, NULL, NULL, 0, NULL, NULL, NULL, NULL),
(73, 382, 'INDOOR30007', NULL, NULL, NULL, 0, NULL, NULL, NULL, NULL),
(73, 382, 'INDOOR30008', NULL, NULL, NULL, 0, NULL, NULL, NULL, NULL),
(73, 382, 'INDOOR30009', NULL, NULL, NULL, 0, NULL, NULL, NULL, NULL),
(73, 580, 'INDOOR30001', NULL, NULL, NULL, 0, NULL, NULL, NULL, NULL),
(73, 580, 'INDOOR30002', NULL, NULL, NULL, 0, NULL, NULL, NULL, NULL),
(73, 580, 'INDOOR30003', NULL, NULL, NULL, 0, NULL, NULL, NULL, NULL),
(73, 580, 'INDOOR30004', NULL, NULL, NULL, 0, NULL, NULL, NULL, NULL),
(73, 580, 'INDOOR30005', NULL, NULL, NULL, 0, NULL, NULL, NULL, NULL),
(73, 580, 'INDOOR30006', NULL, NULL, NULL, 0, NULL, NULL, NULL, NULL),
(73, 580, 'INDOOR30007', NULL, NULL, NULL, 0, NULL, NULL, NULL, NULL),
(73, 580, 'INDOOR30008', NULL, NULL, NULL, 0, NULL, NULL, NULL, NULL),
(73, 580, 'INDOOR30009', NULL, NULL, NULL, 0, NULL, NULL, NULL, NULL),
(74, 383, 'INDOOR30001', NULL, NULL, 'cho_xac_nhan', 15, NULL, NULL, NULL, NULL),
(74, 383, 'INDOOR30002', NULL, NULL, 'cho_xac_nhan', 15, NULL, NULL, NULL, NULL),
(74, 383, 'INDOOR30003', NULL, NULL, 'cho_xac_nhan', 15, NULL, NULL, NULL, NULL),
(74, 383, 'INDOOR30004', NULL, NULL, 'cho_xac_nhan', 15, NULL, NULL, NULL, NULL),
(74, 383, 'INDOOR30005', NULL, NULL, 'cho_xac_nhan', 15, NULL, NULL, NULL, NULL),
(74, 383, 'INDOOR30006', NULL, NULL, NULL, 15, NULL, NULL, NULL, NULL),
(74, 383, 'INDOOR30007', NULL, NULL, NULL, 15, NULL, NULL, NULL, NULL),
(74, 383, 'INDOOR30008', NULL, NULL, NULL, 15, NULL, NULL, NULL, NULL),
(74, 383, 'INDOOR30009', NULL, NULL, NULL, 15, NULL, NULL, NULL, NULL),
(74, 581, 'INDOOR30001', NULL, NULL, NULL, 15, NULL, NULL, NULL, NULL),
(74, 581, 'INDOOR30002', NULL, NULL, NULL, 15, NULL, NULL, NULL, NULL),
(74, 581, 'INDOOR30003', NULL, NULL, NULL, 15, NULL, NULL, NULL, NULL),
(74, 581, 'INDOOR30004', NULL, NULL, NULL, 15, NULL, NULL, NULL, NULL),
(74, 581, 'INDOOR30005', NULL, NULL, NULL, 15, NULL, NULL, NULL, NULL),
(74, 581, 'INDOOR30006', NULL, NULL, NULL, 15, NULL, NULL, NULL, NULL),
(74, 581, 'INDOOR30007', NULL, NULL, NULL, 15, NULL, NULL, NULL, NULL),
(74, 581, 'INDOOR30008', NULL, NULL, NULL, 15, NULL, NULL, NULL, NULL),
(74, 581, 'INDOOR30009', NULL, NULL, NULL, 15, NULL, NULL, NULL, NULL),
(74, 808, 'INDOOR30001', NULL, NULL, NULL, 15, NULL, NULL, NULL, NULL),
(74, 808, 'INDOOR30002', NULL, NULL, NULL, 15, NULL, NULL, NULL, NULL),
(74, 808, 'INDOOR30003', NULL, NULL, NULL, 15, NULL, NULL, NULL, NULL),
(74, 808, 'INDOOR30004', NULL, NULL, NULL, 15, NULL, NULL, NULL, NULL),
(74, 808, 'INDOOR30005', NULL, NULL, NULL, 15, NULL, NULL, NULL, NULL),
(74, 808, 'INDOOR30006', NULL, NULL, NULL, 15, NULL, NULL, NULL, NULL),
(74, 808, 'INDOOR30007', NULL, NULL, NULL, 15, NULL, NULL, NULL, NULL),
(74, 808, 'INDOOR30008', NULL, NULL, NULL, 15, NULL, NULL, NULL, NULL),
(74, 808, 'INDOOR30009', NULL, NULL, 'cho_xac_nhan', 15, NULL, NULL, NULL, NULL),
(75, 384, 'INDOOR30001', NULL, NULL, NULL, 0, NULL, NULL, NULL, NULL),
(75, 384, 'INDOOR30002', NULL, NULL, NULL, 0, NULL, NULL, NULL, NULL),
(75, 384, 'INDOOR30003', NULL, NULL, NULL, 0, NULL, NULL, NULL, NULL),
(75, 384, 'INDOOR30004', NULL, NULL, NULL, 0, NULL, NULL, NULL, NULL),
(75, 384, 'INDOOR30005', NULL, NULL, NULL, 0, NULL, NULL, NULL, NULL),
(75, 384, 'INDOOR30006', NULL, NULL, NULL, 0, NULL, NULL, NULL, NULL),
(75, 384, 'INDOOR30007', NULL, NULL, NULL, 0, NULL, NULL, NULL, NULL),
(75, 384, 'INDOOR30008', NULL, NULL, NULL, 0, NULL, NULL, NULL, NULL),
(75, 384, 'INDOOR30009', NULL, NULL, NULL, 0, NULL, NULL, NULL, NULL),
(75, 582, 'INDOOR30001', NULL, NULL, NULL, 0, NULL, NULL, NULL, NULL),
(75, 582, 'INDOOR30002', NULL, NULL, NULL, 0, NULL, NULL, NULL, NULL),
(75, 582, 'INDOOR30003', NULL, NULL, NULL, 0, NULL, NULL, NULL, NULL),
(75, 582, 'INDOOR30004', NULL, NULL, NULL, 0, NULL, NULL, NULL, NULL),
(75, 582, 'INDOOR30005', NULL, NULL, NULL, 0, NULL, NULL, NULL, NULL),
(75, 582, 'INDOOR30006', NULL, NULL, NULL, 0, NULL, NULL, NULL, NULL),
(75, 582, 'INDOOR30007', NULL, NULL, NULL, 0, NULL, NULL, NULL, NULL),
(75, 582, 'INDOOR30008', NULL, NULL, NULL, 0, NULL, NULL, NULL, NULL),
(75, 582, 'INDOOR30009', NULL, NULL, NULL, 0, NULL, NULL, NULL, NULL),
(75, 809, 'INDOOR30001', NULL, NULL, NULL, 0, NULL, NULL, NULL, NULL),
(75, 809, 'INDOOR30002', NULL, NULL, NULL, 0, NULL, NULL, NULL, NULL),
(75, 809, 'INDOOR30003', NULL, NULL, NULL, 0, NULL, NULL, NULL, NULL),
(75, 809, 'INDOOR30004', NULL, NULL, NULL, 0, NULL, NULL, NULL, NULL),
(75, 809, 'INDOOR30005', NULL, NULL, NULL, 0, NULL, NULL, NULL, NULL),
(75, 809, 'INDOOR30006', NULL, NULL, NULL, 0, NULL, NULL, NULL, NULL),
(75, 809, 'INDOOR30007', NULL, NULL, NULL, 0, NULL, NULL, NULL, NULL),
(75, 809, 'INDOOR30008', NULL, NULL, NULL, 0, NULL, NULL, NULL, NULL),
(75, 809, 'INDOOR30009', NULL, NULL, NULL, 0, NULL, NULL, NULL, NULL),
(76, 385, 'INDOOR30001', NULL, NULL, NULL, 12701, NULL, NULL, NULL, NULL),
(76, 385, 'INDOOR30002', NULL, NULL, NULL, 12701, NULL, NULL, NULL, NULL),
(76, 385, 'INDOOR30003', NULL, NULL, NULL, 12701, NULL, NULL, NULL, NULL),
(76, 385, 'INDOOR30004', NULL, NULL, NULL, 12701, NULL, NULL, NULL, NULL),
(76, 385, 'INDOOR30005', NULL, NULL, NULL, 12701, NULL, NULL, NULL, NULL),
(76, 385, 'INDOOR30006', NULL, NULL, NULL, 12701, NULL, NULL, NULL, NULL),
(76, 385, 'INDOOR30007', NULL, NULL, NULL, 12701, NULL, NULL, NULL, NULL),
(76, 385, 'INDOOR30008', NULL, NULL, NULL, 12701, NULL, NULL, NULL, NULL),
(76, 385, 'INDOOR30009', NULL, NULL, NULL, 12701, NULL, NULL, NULL, NULL),
(76, 583, 'INDOOR30001', NULL, NULL, NULL, 12701, NULL, NULL, NULL, NULL),
(76, 583, 'INDOOR30002', NULL, NULL, NULL, 12701, NULL, NULL, NULL, NULL),
(76, 583, 'INDOOR30003', NULL, NULL, NULL, 12701, NULL, NULL, NULL, NULL),
(76, 583, 'INDOOR30004', NULL, NULL, NULL, 12701, NULL, NULL, NULL, NULL),
(76, 583, 'INDOOR30005', NULL, NULL, NULL, 12701, NULL, NULL, NULL, NULL),
(76, 583, 'INDOOR30006', NULL, NULL, NULL, 12701, NULL, NULL, NULL, NULL),
(76, 583, 'INDOOR30007', NULL, NULL, NULL, 12701, NULL, NULL, NULL, NULL),
(76, 583, 'INDOOR30008', NULL, NULL, NULL, 12701, NULL, NULL, NULL, NULL),
(76, 583, 'INDOOR30009', NULL, NULL, NULL, 12701, NULL, NULL, NULL, NULL),
(76, 810, 'INDOOR30001', NULL, NULL, NULL, 12701, NULL, NULL, NULL, NULL),
(76, 810, 'INDOOR30002', NULL, NULL, NULL, 12701, NULL, NULL, NULL, NULL),
(76, 810, 'INDOOR30003', NULL, NULL, NULL, 12701, NULL, NULL, NULL, NULL),
(76, 810, 'INDOOR30004', NULL, NULL, NULL, 12701, NULL, NULL, NULL, NULL),
(76, 810, 'INDOOR30005', NULL, NULL, NULL, 12701, NULL, NULL, NULL, NULL),
(76, 810, 'INDOOR30006', NULL, NULL, NULL, 12701, NULL, NULL, NULL, NULL),
(76, 810, 'INDOOR30007', NULL, NULL, NULL, 12701, NULL, NULL, NULL, NULL),
(76, 810, 'INDOOR30008', NULL, NULL, NULL, 12701, NULL, NULL, NULL, NULL),
(76, 810, 'INDOOR30009', NULL, NULL, NULL, 12701, NULL, NULL, NULL, NULL),
(77, 386, 'INDOOR30001', NULL, NULL, NULL, 120, NULL, NULL, NULL, NULL),
(77, 386, 'INDOOR30002', NULL, NULL, NULL, 120, NULL, NULL, NULL, NULL),
(77, 386, 'INDOOR30003', NULL, NULL, NULL, 120, NULL, NULL, NULL, NULL),
(77, 386, 'INDOOR30004', NULL, NULL, NULL, 120, NULL, NULL, NULL, NULL),
(77, 386, 'INDOOR30005', NULL, NULL, NULL, 120, NULL, NULL, NULL, NULL),
(77, 386, 'INDOOR30006', NULL, NULL, NULL, 120, NULL, NULL, NULL, NULL),
(77, 386, 'INDOOR30007', NULL, NULL, NULL, 120, NULL, NULL, NULL, NULL),
(77, 386, 'INDOOR30008', NULL, NULL, NULL, 120, NULL, NULL, NULL, NULL),
(77, 386, 'INDOOR30009', NULL, NULL, NULL, 120, NULL, NULL, NULL, NULL),
(77, 584, 'INDOOR30001', NULL, NULL, NULL, 120, NULL, NULL, NULL, NULL),
(77, 584, 'INDOOR30002', NULL, NULL, NULL, 120, NULL, NULL, NULL, NULL),
(77, 584, 'INDOOR30003', NULL, NULL, NULL, 120, NULL, NULL, NULL, NULL),
(77, 584, 'INDOOR30004', NULL, NULL, NULL, 120, NULL, NULL, NULL, NULL),
(77, 584, 'INDOOR30005', NULL, NULL, NULL, 120, NULL, NULL, NULL, NULL),
(77, 584, 'INDOOR30006', NULL, NULL, NULL, 120, NULL, NULL, NULL, NULL),
(77, 584, 'INDOOR30007', NULL, NULL, NULL, 120, NULL, NULL, NULL, NULL),
(77, 584, 'INDOOR30008', NULL, NULL, NULL, 120, NULL, NULL, NULL, NULL),
(77, 584, 'INDOOR30009', NULL, NULL, NULL, 120, NULL, NULL, NULL, NULL),
(77, 811, 'INDOOR30001', NULL, NULL, NULL, 120, NULL, NULL, NULL, NULL),
(77, 811, 'INDOOR30002', NULL, NULL, NULL, 120, NULL, NULL, NULL, NULL),
(77, 811, 'INDOOR30003', NULL, NULL, NULL, 120, NULL, NULL, NULL, NULL),
(77, 811, 'INDOOR30004', NULL, NULL, NULL, 120, NULL, NULL, NULL, NULL),
(77, 811, 'INDOOR30005', NULL, NULL, NULL, 120, NULL, NULL, NULL, NULL),
(77, 811, 'INDOOR30006', NULL, NULL, NULL, 120, NULL, NULL, NULL, NULL),
(77, 811, 'INDOOR30007', NULL, NULL, NULL, 120, NULL, NULL, NULL, NULL),
(77, 811, 'INDOOR30008', NULL, NULL, NULL, 120, NULL, NULL, NULL, NULL),
(77, 811, 'INDOOR30009', NULL, NULL, NULL, 120, NULL, NULL, NULL, NULL),
(78, 387, 'INDOOR30001', NULL, NULL, NULL, 0, NULL, NULL, NULL, NULL),
(78, 387, 'INDOOR30002', NULL, NULL, NULL, 0, NULL, NULL, NULL, NULL),
(78, 387, 'INDOOR30003', NULL, NULL, NULL, 0, NULL, NULL, NULL, NULL),
(78, 387, 'INDOOR30004', NULL, NULL, NULL, 0, NULL, NULL, NULL, NULL),
(78, 387, 'INDOOR30005', NULL, NULL, NULL, 0, NULL, NULL, NULL, NULL),
(78, 387, 'INDOOR30006', NULL, NULL, NULL, 0, NULL, NULL, NULL, NULL),
(78, 387, 'INDOOR30007', NULL, NULL, NULL, 0, NULL, NULL, NULL, NULL),
(78, 387, 'INDOOR30008', NULL, NULL, NULL, 0, NULL, NULL, NULL, NULL),
(78, 387, 'INDOOR30009', NULL, NULL, NULL, 0, NULL, NULL, NULL, NULL),
(78, 585, 'INDOOR30001', NULL, NULL, NULL, 0, NULL, NULL, NULL, NULL),
(78, 585, 'INDOOR30002', NULL, NULL, NULL, 0, NULL, NULL, NULL, NULL),
(78, 585, 'INDOOR30003', NULL, NULL, NULL, 0, NULL, NULL, NULL, NULL),
(78, 585, 'INDOOR30004', NULL, NULL, NULL, 0, NULL, NULL, NULL, NULL),
(78, 585, 'INDOOR30005', NULL, NULL, NULL, 0, NULL, NULL, NULL, NULL),
(78, 585, 'INDOOR30006', NULL, NULL, NULL, 0, NULL, NULL, NULL, NULL),
(78, 585, 'INDOOR30007', NULL, NULL, NULL, 0, NULL, NULL, NULL, NULL),
(78, 585, 'INDOOR30008', NULL, NULL, NULL, 0, NULL, NULL, NULL, NULL),
(78, 585, 'INDOOR30009', NULL, NULL, NULL, 0, NULL, NULL, NULL, NULL),
(78, 812, 'INDOOR30001', NULL, NULL, NULL, 0, NULL, NULL, NULL, NULL),
(78, 812, 'INDOOR30002', NULL, NULL, NULL, 0, NULL, NULL, NULL, NULL),
(78, 812, 'INDOOR30003', NULL, NULL, NULL, 0, NULL, NULL, NULL, NULL),
(78, 812, 'INDOOR30004', NULL, NULL, NULL, 0, NULL, NULL, NULL, NULL),
(78, 812, 'INDOOR30005', NULL, NULL, NULL, 0, NULL, NULL, NULL, NULL),
(78, 812, 'INDOOR30006', NULL, NULL, NULL, 0, NULL, NULL, NULL, NULL),
(78, 812, 'INDOOR30007', NULL, NULL, NULL, 0, NULL, NULL, NULL, NULL),
(78, 812, 'INDOOR30008', NULL, NULL, NULL, 0, NULL, NULL, NULL, NULL),
(78, 812, 'INDOOR30009', NULL, NULL, NULL, 0, NULL, NULL, NULL, NULL),
(79, 388, 'INDOOR30001', NULL, NULL, NULL, 0, NULL, NULL, NULL, NULL),
(79, 388, 'INDOOR30002', NULL, NULL, NULL, 0, NULL, NULL, NULL, NULL),
(79, 388, 'INDOOR30003', NULL, NULL, NULL, 0, NULL, NULL, NULL, NULL),
(79, 388, 'INDOOR30004', NULL, NULL, NULL, 0, NULL, NULL, NULL, NULL),
(79, 388, 'INDOOR30005', NULL, NULL, NULL, 0, NULL, NULL, NULL, NULL),
(79, 388, 'INDOOR30006', NULL, NULL, NULL, 0, NULL, NULL, NULL, NULL),
(79, 388, 'INDOOR30007', NULL, NULL, NULL, 0, NULL, NULL, NULL, NULL),
(79, 388, 'INDOOR30008', NULL, NULL, NULL, 0, NULL, NULL, NULL, NULL),
(79, 388, 'INDOOR30009', NULL, NULL, NULL, 0, NULL, NULL, NULL, NULL),
(79, 586, 'INDOOR30001', NULL, NULL, NULL, 0, NULL, NULL, NULL, NULL),
(79, 586, 'INDOOR30002', NULL, NULL, NULL, 0, NULL, NULL, NULL, NULL),
(79, 586, 'INDOOR30003', NULL, NULL, NULL, 0, NULL, NULL, NULL, NULL),
(79, 586, 'INDOOR30004', NULL, NULL, NULL, 0, NULL, NULL, NULL, NULL),
(79, 586, 'INDOOR30005', NULL, NULL, NULL, 0, NULL, NULL, NULL, NULL),
(79, 586, 'INDOOR30006', NULL, NULL, NULL, 0, NULL, NULL, NULL, NULL),
(79, 586, 'INDOOR30007', NULL, NULL, NULL, 0, NULL, NULL, NULL, NULL),
(79, 586, 'INDOOR30008', NULL, NULL, NULL, 0, NULL, NULL, NULL, NULL),
(79, 586, 'INDOOR30009', NULL, NULL, NULL, 0, NULL, NULL, NULL, NULL),
(79, 813, 'INDOOR30001', NULL, NULL, NULL, 0, NULL, NULL, NULL, NULL),
(79, 813, 'INDOOR30002', NULL, NULL, NULL, 0, NULL, NULL, NULL, NULL),
(79, 813, 'INDOOR30003', NULL, NULL, NULL, 0, NULL, NULL, NULL, NULL),
(79, 813, 'INDOOR30004', NULL, NULL, NULL, 0, NULL, NULL, NULL, NULL),
(79, 813, 'INDOOR30005', NULL, NULL, NULL, 0, NULL, NULL, NULL, NULL),
(79, 813, 'INDOOR30006', NULL, NULL, NULL, 0, NULL, NULL, NULL, NULL),
(79, 813, 'INDOOR30007', NULL, NULL, NULL, 0, NULL, NULL, NULL, NULL),
(79, 813, 'INDOOR30008', NULL, NULL, NULL, 0, NULL, NULL, NULL, NULL),
(79, 813, 'INDOOR30009', NULL, NULL, NULL, 0, NULL, NULL, NULL, NULL),
(80, 389, 'INDOOR30001', NULL, NULL, NULL, 0, NULL, NULL, NULL, NULL),
(80, 389, 'INDOOR30002', NULL, NULL, NULL, 0, NULL, NULL, NULL, NULL),
(80, 389, 'INDOOR30003', NULL, NULL, NULL, 0, NULL, NULL, NULL, NULL),
(80, 389, 'INDOOR30004', NULL, NULL, NULL, 0, NULL, NULL, NULL, NULL),
(80, 389, 'INDOOR30005', NULL, NULL, NULL, 0, NULL, NULL, NULL, NULL),
(80, 389, 'INDOOR30006', NULL, NULL, NULL, 0, NULL, NULL, NULL, NULL),
(80, 389, 'INDOOR30007', NULL, NULL, NULL, 0, NULL, NULL, NULL, NULL),
(80, 389, 'INDOOR30008', NULL, NULL, NULL, 0, NULL, NULL, NULL, NULL),
(80, 389, 'INDOOR30009', NULL, NULL, NULL, 0, NULL, NULL, NULL, NULL),
(80, 587, 'INDOOR30001', NULL, NULL, NULL, 0, NULL, NULL, NULL, NULL),
(80, 587, 'INDOOR30002', NULL, NULL, NULL, 0, NULL, NULL, NULL, NULL),
(80, 587, 'INDOOR30003', NULL, NULL, NULL, 0, NULL, NULL, NULL, NULL),
(80, 587, 'INDOOR30004', NULL, NULL, NULL, 0, NULL, NULL, NULL, NULL),
(80, 587, 'INDOOR30005', NULL, NULL, NULL, 0, NULL, NULL, NULL, NULL),
(80, 587, 'INDOOR30006', NULL, NULL, NULL, 0, NULL, NULL, NULL, NULL),
(80, 587, 'INDOOR30007', NULL, NULL, NULL, 0, NULL, NULL, NULL, NULL),
(80, 587, 'INDOOR30008', NULL, NULL, NULL, 0, NULL, NULL, NULL, NULL),
(80, 587, 'INDOOR30009', NULL, NULL, NULL, 0, NULL, NULL, NULL, NULL),
(80, 814, 'INDOOR30001', NULL, NULL, NULL, 0, NULL, NULL, NULL, NULL),
(80, 814, 'INDOOR30002', NULL, NULL, NULL, 0, NULL, NULL, NULL, NULL),
(80, 814, 'INDOOR30003', NULL, NULL, NULL, 0, NULL, NULL, NULL, NULL),
(80, 814, 'INDOOR30004', NULL, NULL, NULL, 0, NULL, NULL, NULL, NULL),
(80, 814, 'INDOOR30005', NULL, NULL, NULL, 0, NULL, NULL, NULL, NULL),
(80, 814, 'INDOOR30006', NULL, NULL, NULL, 0, NULL, NULL, NULL, NULL),
(80, 814, 'INDOOR30007', NULL, NULL, NULL, 0, NULL, NULL, NULL, NULL),
(80, 814, 'INDOOR30008', NULL, NULL, NULL, 0, NULL, NULL, NULL, NULL),
(80, 814, 'INDOOR30009', NULL, NULL, NULL, 0, NULL, NULL, NULL, NULL),
(81, 390, 'INDOOR30001', NULL, NULL, NULL, 75, NULL, NULL, NULL, NULL),
(81, 390, 'INDOOR30002', NULL, NULL, NULL, 75, NULL, NULL, NULL, NULL),
(81, 390, 'INDOOR30003', NULL, NULL, NULL, 75, NULL, NULL, NULL, NULL),
(81, 390, 'INDOOR30004', NULL, NULL, NULL, 75, NULL, NULL, NULL, NULL),
(81, 390, 'INDOOR30005', NULL, NULL, NULL, 75, NULL, NULL, NULL, NULL),
(81, 390, 'INDOOR30006', NULL, NULL, NULL, 75, NULL, NULL, NULL, NULL),
(81, 390, 'INDOOR30007', NULL, NULL, NULL, 75, NULL, NULL, NULL, NULL),
(81, 390, 'INDOOR30008', NULL, NULL, NULL, 75, NULL, NULL, NULL, NULL),
(81, 390, 'INDOOR30009', NULL, NULL, NULL, 75, NULL, NULL, NULL, NULL),
(81, 588, 'INDOOR30001', NULL, NULL, NULL, 75, NULL, NULL, NULL, NULL),
(81, 588, 'INDOOR30002', NULL, NULL, NULL, 75, NULL, NULL, NULL, NULL),
(81, 588, 'INDOOR30003', NULL, NULL, NULL, 75, NULL, NULL, NULL, NULL),
(81, 588, 'INDOOR30004', NULL, NULL, NULL, 75, NULL, NULL, NULL, NULL),
(81, 588, 'INDOOR30005', NULL, NULL, NULL, 75, NULL, NULL, NULL, NULL),
(81, 588, 'INDOOR30006', NULL, NULL, NULL, 75, NULL, NULL, NULL, NULL),
(81, 588, 'INDOOR30007', NULL, NULL, NULL, 75, NULL, NULL, NULL, NULL),
(81, 588, 'INDOOR30008', NULL, NULL, NULL, 75, NULL, NULL, NULL, NULL),
(81, 588, 'INDOOR30009', NULL, NULL, NULL, 75, NULL, NULL, NULL, NULL),
(81, 815, 'INDOOR30001', NULL, NULL, NULL, 75, NULL, NULL, NULL, NULL),
(81, 815, 'INDOOR30002', NULL, NULL, NULL, 75, NULL, NULL, NULL, NULL),
(81, 815, 'INDOOR30003', NULL, NULL, NULL, 75, NULL, NULL, NULL, NULL),
(81, 815, 'INDOOR30004', NULL, NULL, NULL, 75, NULL, NULL, NULL, NULL),
(81, 815, 'INDOOR30005', NULL, NULL, NULL, 75, NULL, NULL, NULL, NULL),
(81, 815, 'INDOOR30006', NULL, NULL, NULL, 75, NULL, NULL, NULL, NULL);
INSERT INTO `noidungcongviec` (`ID_DOTBD`, `ID_THIETBI`, `MA_NOIDUNG`, `GHICHU`, `KIENNGHI`, `TRANGTHAI`, `ID_NHANVIEN`, `KETQUA`, `SOLIEUTHUCTE`, `KETQUAXULY`, `ANH`) VALUES
(81, 815, 'INDOOR30007', NULL, NULL, NULL, 75, NULL, NULL, NULL, NULL),
(81, 815, 'INDOOR30008', NULL, NULL, NULL, 75, NULL, NULL, NULL, NULL),
(81, 815, 'INDOOR30009', NULL, NULL, NULL, 75, NULL, NULL, NULL, NULL),
(82, 391, 'INDOOR30001', NULL, NULL, NULL, 120, NULL, NULL, NULL, NULL),
(82, 391, 'INDOOR30002', NULL, NULL, NULL, 120, NULL, NULL, NULL, NULL),
(82, 391, 'INDOOR30003', NULL, NULL, NULL, 120, NULL, NULL, NULL, NULL),
(82, 391, 'INDOOR30004', NULL, NULL, NULL, 120, NULL, NULL, NULL, NULL),
(82, 391, 'INDOOR30005', NULL, NULL, NULL, 120, NULL, NULL, NULL, NULL),
(82, 391, 'INDOOR30006', NULL, NULL, NULL, 120, NULL, NULL, NULL, NULL),
(82, 391, 'INDOOR30007', NULL, NULL, NULL, 120, NULL, NULL, NULL, NULL),
(82, 391, 'INDOOR30008', NULL, NULL, NULL, 120, NULL, NULL, NULL, NULL),
(82, 391, 'INDOOR30009', NULL, NULL, NULL, 120, NULL, NULL, NULL, NULL),
(82, 589, 'INDOOR30001', NULL, NULL, NULL, 120, NULL, NULL, NULL, NULL),
(82, 589, 'INDOOR30002', NULL, NULL, NULL, 120, NULL, NULL, NULL, NULL),
(82, 589, 'INDOOR30003', NULL, NULL, NULL, 120, NULL, NULL, NULL, NULL),
(82, 589, 'INDOOR30004', NULL, NULL, NULL, 120, NULL, NULL, NULL, NULL),
(82, 589, 'INDOOR30005', NULL, NULL, NULL, 120, NULL, NULL, NULL, NULL),
(82, 589, 'INDOOR30006', NULL, NULL, NULL, 120, NULL, NULL, NULL, NULL),
(82, 589, 'INDOOR30007', NULL, NULL, NULL, 120, NULL, NULL, NULL, NULL),
(82, 589, 'INDOOR30008', NULL, NULL, NULL, 120, NULL, NULL, NULL, NULL),
(82, 589, 'INDOOR30009', NULL, NULL, NULL, 120, NULL, NULL, NULL, NULL),
(82, 816, 'INDOOR30001', NULL, NULL, NULL, 120, NULL, NULL, NULL, NULL),
(82, 816, 'INDOOR30002', NULL, NULL, NULL, 120, NULL, NULL, NULL, NULL),
(82, 816, 'INDOOR30003', NULL, NULL, NULL, 120, NULL, NULL, NULL, NULL),
(82, 816, 'INDOOR30004', NULL, NULL, NULL, 120, NULL, NULL, NULL, NULL),
(82, 816, 'INDOOR30005', NULL, NULL, NULL, 120, NULL, NULL, NULL, NULL),
(82, 816, 'INDOOR30006', NULL, NULL, NULL, 120, NULL, NULL, NULL, NULL),
(82, 816, 'INDOOR30007', NULL, NULL, NULL, 120, NULL, NULL, NULL, NULL),
(82, 816, 'INDOOR30008', NULL, NULL, NULL, 120, NULL, NULL, NULL, NULL),
(82, 816, 'INDOOR30009', NULL, NULL, NULL, 120, NULL, NULL, NULL, NULL),
(83, 392, 'INDOOR30001', NULL, NULL, NULL, 0, NULL, NULL, NULL, NULL),
(83, 392, 'INDOOR30002', NULL, NULL, NULL, 0, NULL, NULL, NULL, NULL),
(83, 392, 'INDOOR30003', NULL, NULL, NULL, 0, NULL, NULL, NULL, NULL),
(83, 392, 'INDOOR30004', NULL, NULL, NULL, 0, NULL, NULL, NULL, NULL),
(83, 392, 'INDOOR30005', NULL, NULL, NULL, 0, NULL, NULL, NULL, NULL),
(83, 392, 'INDOOR30006', NULL, NULL, NULL, 0, NULL, NULL, NULL, NULL),
(83, 392, 'INDOOR30007', NULL, NULL, NULL, 0, NULL, NULL, NULL, NULL),
(83, 392, 'INDOOR30008', NULL, NULL, NULL, 0, NULL, NULL, NULL, NULL),
(83, 392, 'INDOOR30009', NULL, NULL, NULL, 0, NULL, NULL, NULL, NULL),
(83, 590, 'INDOOR30001', NULL, NULL, NULL, 0, NULL, NULL, NULL, NULL),
(83, 590, 'INDOOR30002', NULL, NULL, NULL, 0, NULL, NULL, NULL, NULL),
(83, 590, 'INDOOR30003', NULL, NULL, NULL, 0, NULL, NULL, NULL, NULL),
(83, 590, 'INDOOR30004', NULL, NULL, NULL, 0, NULL, NULL, NULL, NULL),
(83, 590, 'INDOOR30005', NULL, NULL, NULL, 0, NULL, NULL, NULL, NULL),
(83, 590, 'INDOOR30006', NULL, NULL, NULL, 0, NULL, NULL, NULL, NULL),
(83, 590, 'INDOOR30007', NULL, NULL, NULL, 0, NULL, NULL, NULL, NULL),
(83, 590, 'INDOOR30008', NULL, NULL, NULL, 0, NULL, NULL, NULL, NULL),
(83, 590, 'INDOOR30009', NULL, NULL, NULL, 0, NULL, NULL, NULL, NULL),
(83, 817, 'INDOOR30001', NULL, NULL, NULL, 0, NULL, NULL, NULL, NULL),
(83, 817, 'INDOOR30002', NULL, NULL, NULL, 0, NULL, NULL, NULL, NULL),
(83, 817, 'INDOOR30003', NULL, NULL, NULL, 0, NULL, NULL, NULL, NULL),
(83, 817, 'INDOOR30004', NULL, NULL, NULL, 0, NULL, NULL, NULL, NULL),
(83, 817, 'INDOOR30005', NULL, NULL, NULL, 0, NULL, NULL, NULL, NULL),
(83, 817, 'INDOOR30006', NULL, NULL, NULL, 0, NULL, NULL, NULL, NULL),
(83, 817, 'INDOOR30007', NULL, NULL, NULL, 0, NULL, NULL, NULL, NULL),
(83, 817, 'INDOOR30008', NULL, NULL, NULL, 0, NULL, NULL, NULL, NULL),
(83, 817, 'INDOOR30009', NULL, NULL, NULL, 0, NULL, NULL, NULL, NULL),
(84, 393, 'INDOOR30001', NULL, NULL, NULL, 15, NULL, NULL, NULL, NULL),
(84, 393, 'INDOOR30002', NULL, NULL, NULL, 15, NULL, NULL, NULL, NULL),
(84, 393, 'INDOOR30003', NULL, NULL, NULL, 15, NULL, NULL, NULL, NULL),
(84, 393, 'INDOOR30004', NULL, NULL, NULL, 15, NULL, NULL, NULL, NULL),
(84, 393, 'INDOOR30005', NULL, NULL, NULL, 15, NULL, NULL, NULL, NULL),
(84, 393, 'INDOOR30006', NULL, NULL, NULL, 15, NULL, NULL, NULL, NULL),
(84, 393, 'INDOOR30007', NULL, NULL, NULL, 15, NULL, NULL, NULL, NULL),
(84, 393, 'INDOOR30008', NULL, NULL, NULL, 15, NULL, NULL, NULL, NULL),
(84, 393, 'INDOOR30009', NULL, NULL, NULL, 15, NULL, NULL, NULL, NULL),
(84, 591, 'INDOOR30001', NULL, NULL, NULL, 15, NULL, NULL, NULL, NULL),
(84, 591, 'INDOOR30002', NULL, NULL, NULL, 15, NULL, NULL, NULL, NULL),
(84, 591, 'INDOOR30003', NULL, NULL, NULL, 15, NULL, NULL, NULL, NULL),
(84, 591, 'INDOOR30004', NULL, NULL, NULL, 15, NULL, NULL, NULL, NULL),
(84, 591, 'INDOOR30005', NULL, NULL, NULL, 15, NULL, NULL, NULL, NULL),
(84, 591, 'INDOOR30006', NULL, NULL, NULL, 15, NULL, NULL, NULL, NULL),
(84, 591, 'INDOOR30007', NULL, NULL, NULL, 15, NULL, NULL, NULL, NULL),
(84, 591, 'INDOOR30008', NULL, NULL, NULL, 15, NULL, NULL, NULL, NULL),
(84, 591, 'INDOOR30009', NULL, NULL, NULL, 15, NULL, NULL, NULL, NULL),
(84, 818, 'INDOOR30001', NULL, NULL, NULL, 15, NULL, NULL, NULL, NULL),
(84, 818, 'INDOOR30002', NULL, NULL, NULL, 15, NULL, NULL, NULL, NULL),
(84, 818, 'INDOOR30003', NULL, NULL, NULL, 15, NULL, NULL, NULL, NULL),
(84, 818, 'INDOOR30004', NULL, NULL, NULL, 15, NULL, NULL, NULL, NULL),
(84, 818, 'INDOOR30005', NULL, NULL, NULL, 15, NULL, NULL, NULL, NULL),
(84, 818, 'INDOOR30006', NULL, NULL, NULL, 15, NULL, NULL, NULL, NULL),
(84, 818, 'INDOOR30007', NULL, NULL, NULL, 15, NULL, NULL, NULL, NULL),
(84, 818, 'INDOOR30008', NULL, NULL, NULL, 15, NULL, NULL, NULL, NULL),
(84, 818, 'INDOOR30009', NULL, NULL, NULL, 15, NULL, NULL, NULL, NULL),
(85, 394, 'INDOOR30001', NULL, NULL, NULL, 0, NULL, NULL, NULL, NULL),
(85, 394, 'INDOOR30002', NULL, NULL, NULL, 0, NULL, NULL, NULL, NULL),
(85, 394, 'INDOOR30003', NULL, NULL, NULL, 0, NULL, NULL, NULL, NULL),
(85, 394, 'INDOOR30004', NULL, NULL, NULL, 0, NULL, NULL, NULL, NULL),
(85, 394, 'INDOOR30005', NULL, NULL, NULL, 0, NULL, NULL, NULL, NULL),
(85, 394, 'INDOOR30006', NULL, NULL, NULL, 0, NULL, NULL, NULL, NULL),
(85, 394, 'INDOOR30007', NULL, NULL, NULL, 0, NULL, NULL, NULL, NULL),
(85, 394, 'INDOOR30008', NULL, NULL, NULL, 0, NULL, NULL, NULL, NULL),
(85, 394, 'INDOOR30009', NULL, NULL, NULL, 0, NULL, NULL, NULL, NULL),
(85, 592, 'INDOOR30001', NULL, NULL, NULL, 0, NULL, NULL, NULL, NULL),
(85, 592, 'INDOOR30002', NULL, NULL, NULL, 0, NULL, NULL, NULL, NULL),
(85, 592, 'INDOOR30003', NULL, NULL, NULL, 0, NULL, NULL, NULL, NULL),
(85, 592, 'INDOOR30004', NULL, NULL, NULL, 0, NULL, NULL, NULL, NULL),
(85, 592, 'INDOOR30005', NULL, NULL, NULL, 0, NULL, NULL, NULL, NULL),
(85, 592, 'INDOOR30006', NULL, NULL, NULL, 0, NULL, NULL, NULL, NULL),
(85, 592, 'INDOOR30007', NULL, NULL, NULL, 0, NULL, NULL, NULL, NULL),
(85, 592, 'INDOOR30008', NULL, NULL, NULL, 0, NULL, NULL, NULL, NULL),
(85, 592, 'INDOOR30009', NULL, NULL, NULL, 0, NULL, NULL, NULL, NULL),
(85, 819, 'INDOOR30001', NULL, NULL, NULL, 0, NULL, NULL, NULL, NULL),
(85, 819, 'INDOOR30002', NULL, NULL, NULL, 0, NULL, NULL, NULL, NULL),
(85, 819, 'INDOOR30003', NULL, NULL, NULL, 0, NULL, NULL, NULL, NULL),
(85, 819, 'INDOOR30004', NULL, NULL, NULL, 0, NULL, NULL, NULL, NULL),
(85, 819, 'INDOOR30005', NULL, NULL, NULL, 0, NULL, NULL, NULL, NULL),
(85, 819, 'INDOOR30006', NULL, NULL, NULL, 0, NULL, NULL, NULL, NULL),
(85, 819, 'INDOOR30007', NULL, NULL, NULL, 0, NULL, NULL, NULL, NULL),
(85, 819, 'INDOOR30008', NULL, NULL, NULL, 0, NULL, NULL, NULL, NULL),
(85, 819, 'INDOOR30009', NULL, NULL, NULL, 0, NULL, NULL, NULL, NULL),
(86, 395, 'INDOOR30001', NULL, NULL, NULL, 12701, NULL, NULL, NULL, NULL),
(86, 395, 'INDOOR30002', NULL, NULL, NULL, 12701, NULL, NULL, NULL, NULL),
(86, 395, 'INDOOR30003', NULL, NULL, NULL, 12701, NULL, NULL, NULL, NULL),
(86, 395, 'INDOOR30004', NULL, NULL, NULL, 12701, NULL, NULL, NULL, NULL),
(86, 395, 'INDOOR30005', NULL, NULL, NULL, 12701, NULL, NULL, NULL, NULL),
(86, 395, 'INDOOR30006', NULL, NULL, NULL, 12701, NULL, NULL, NULL, NULL),
(86, 395, 'INDOOR30007', NULL, NULL, NULL, 12701, NULL, NULL, NULL, NULL),
(86, 395, 'INDOOR30008', NULL, NULL, NULL, 12701, NULL, NULL, NULL, NULL),
(86, 395, 'INDOOR30009', NULL, NULL, NULL, 12701, NULL, NULL, NULL, NULL),
(86, 593, 'INDOOR30001', NULL, NULL, NULL, 12701, NULL, NULL, NULL, NULL),
(86, 593, 'INDOOR30002', NULL, NULL, NULL, 12701, NULL, NULL, NULL, NULL),
(86, 593, 'INDOOR30003', NULL, NULL, NULL, 12701, NULL, NULL, NULL, NULL),
(86, 593, 'INDOOR30004', NULL, NULL, NULL, 12701, NULL, NULL, NULL, NULL),
(86, 593, 'INDOOR30005', NULL, NULL, NULL, 12701, NULL, NULL, NULL, NULL),
(86, 593, 'INDOOR30006', NULL, NULL, NULL, 12701, NULL, NULL, NULL, NULL),
(86, 593, 'INDOOR30007', NULL, NULL, NULL, 12701, NULL, NULL, NULL, NULL),
(86, 593, 'INDOOR30008', NULL, NULL, NULL, 12701, NULL, NULL, NULL, NULL),
(86, 593, 'INDOOR30009', NULL, NULL, NULL, 12701, NULL, NULL, NULL, NULL),
(86, 820, 'INDOOR30001', NULL, NULL, NULL, 12701, NULL, NULL, NULL, NULL),
(86, 820, 'INDOOR30002', NULL, NULL, NULL, 12701, NULL, NULL, NULL, NULL),
(86, 820, 'INDOOR30003', NULL, NULL, NULL, 12701, NULL, NULL, NULL, NULL),
(86, 820, 'INDOOR30004', NULL, NULL, NULL, 12701, NULL, NULL, NULL, NULL),
(86, 820, 'INDOOR30005', NULL, NULL, NULL, 12701, NULL, NULL, NULL, NULL),
(86, 820, 'INDOOR30006', NULL, NULL, NULL, 12701, NULL, NULL, NULL, NULL),
(86, 820, 'INDOOR30007', NULL, NULL, NULL, 12701, NULL, NULL, NULL, NULL),
(86, 820, 'INDOOR30008', NULL, NULL, NULL, 12701, NULL, NULL, NULL, NULL),
(86, 820, 'INDOOR30009', NULL, NULL, NULL, 12701, NULL, NULL, NULL, NULL),
(87, 396, 'INDOOR30001', NULL, NULL, NULL, 0, NULL, NULL, NULL, NULL),
(87, 396, 'INDOOR30002', NULL, NULL, NULL, 0, NULL, NULL, NULL, NULL),
(87, 396, 'INDOOR30003', NULL, NULL, NULL, 0, NULL, NULL, NULL, NULL),
(87, 396, 'INDOOR30004', NULL, NULL, NULL, 0, NULL, NULL, NULL, NULL),
(87, 396, 'INDOOR30005', NULL, NULL, NULL, 0, NULL, NULL, NULL, NULL),
(87, 396, 'INDOOR30006', NULL, NULL, NULL, 0, NULL, NULL, NULL, NULL),
(87, 396, 'INDOOR30007', NULL, NULL, NULL, 0, NULL, NULL, NULL, NULL),
(87, 396, 'INDOOR30008', NULL, NULL, NULL, 0, NULL, NULL, NULL, NULL),
(87, 396, 'INDOOR30009', NULL, NULL, NULL, 0, NULL, NULL, NULL, NULL),
(87, 594, 'INDOOR30001', NULL, NULL, NULL, 0, NULL, NULL, NULL, NULL),
(87, 594, 'INDOOR30002', NULL, NULL, NULL, 0, NULL, NULL, NULL, NULL),
(87, 594, 'INDOOR30003', NULL, NULL, NULL, 0, NULL, NULL, NULL, NULL),
(87, 594, 'INDOOR30004', NULL, NULL, NULL, 0, NULL, NULL, NULL, NULL),
(87, 594, 'INDOOR30005', NULL, NULL, NULL, 0, NULL, NULL, NULL, NULL),
(87, 594, 'INDOOR30006', NULL, NULL, NULL, 0, NULL, NULL, NULL, NULL),
(87, 594, 'INDOOR30007', NULL, NULL, NULL, 0, NULL, NULL, NULL, NULL),
(87, 594, 'INDOOR30008', NULL, NULL, NULL, 0, NULL, NULL, NULL, NULL),
(87, 594, 'INDOOR30009', NULL, NULL, NULL, 0, NULL, NULL, NULL, NULL),
(87, 821, 'INDOOR30001', NULL, NULL, NULL, 0, NULL, NULL, NULL, NULL),
(87, 821, 'INDOOR30002', NULL, NULL, NULL, 0, NULL, NULL, NULL, NULL),
(87, 821, 'INDOOR30003', NULL, NULL, NULL, 0, NULL, NULL, NULL, NULL),
(87, 821, 'INDOOR30004', NULL, NULL, NULL, 0, NULL, NULL, NULL, NULL),
(87, 821, 'INDOOR30005', NULL, NULL, NULL, 0, NULL, NULL, NULL, NULL),
(87, 821, 'INDOOR30006', NULL, NULL, NULL, 0, NULL, NULL, NULL, NULL),
(87, 821, 'INDOOR30007', NULL, NULL, NULL, 0, NULL, NULL, NULL, NULL),
(87, 821, 'INDOOR30008', NULL, NULL, NULL, 0, NULL, NULL, NULL, NULL),
(87, 821, 'INDOOR30009', NULL, NULL, NULL, 0, NULL, NULL, NULL, NULL),
(88, 397, 'INDOOR30001', NULL, NULL, NULL, 120, NULL, NULL, NULL, NULL),
(88, 397, 'INDOOR30002', NULL, NULL, NULL, 120, NULL, NULL, NULL, NULL),
(88, 397, 'INDOOR30003', NULL, NULL, NULL, 120, NULL, NULL, NULL, NULL),
(88, 397, 'INDOOR30004', NULL, NULL, NULL, 120, NULL, NULL, NULL, NULL),
(88, 397, 'INDOOR30005', NULL, NULL, NULL, 120, NULL, NULL, NULL, NULL),
(88, 397, 'INDOOR30006', NULL, NULL, NULL, 120, NULL, NULL, NULL, NULL),
(88, 397, 'INDOOR30007', NULL, NULL, NULL, 120, NULL, NULL, NULL, NULL),
(88, 397, 'INDOOR30008', NULL, NULL, NULL, 120, NULL, NULL, NULL, NULL),
(88, 397, 'INDOOR30009', NULL, NULL, NULL, 120, NULL, NULL, NULL, NULL),
(88, 595, 'INDOOR30001', NULL, NULL, NULL, 120, NULL, NULL, NULL, NULL),
(88, 595, 'INDOOR30002', NULL, NULL, NULL, 120, NULL, NULL, NULL, NULL),
(88, 595, 'INDOOR30003', NULL, NULL, NULL, 120, NULL, NULL, NULL, NULL),
(88, 595, 'INDOOR30004', NULL, NULL, NULL, 120, NULL, NULL, NULL, NULL),
(88, 595, 'INDOOR30005', NULL, NULL, NULL, 120, NULL, NULL, NULL, NULL),
(88, 595, 'INDOOR30006', NULL, NULL, NULL, 120, NULL, NULL, NULL, NULL),
(88, 595, 'INDOOR30007', NULL, NULL, NULL, 120, NULL, NULL, NULL, NULL),
(88, 595, 'INDOOR30008', NULL, NULL, NULL, 120, NULL, NULL, NULL, NULL),
(88, 595, 'INDOOR30009', NULL, NULL, NULL, 120, NULL, NULL, NULL, NULL),
(88, 822, 'INDOOR30001', NULL, NULL, NULL, 120, NULL, NULL, NULL, NULL),
(88, 822, 'INDOOR30002', NULL, NULL, NULL, 120, NULL, NULL, NULL, NULL),
(88, 822, 'INDOOR30003', NULL, NULL, NULL, 120, NULL, NULL, NULL, NULL),
(88, 822, 'INDOOR30004', NULL, NULL, NULL, 120, NULL, NULL, NULL, NULL),
(88, 822, 'INDOOR30005', NULL, NULL, NULL, 120, NULL, NULL, NULL, NULL),
(88, 822, 'INDOOR30006', NULL, NULL, NULL, 120, NULL, NULL, NULL, NULL),
(88, 822, 'INDOOR30007', NULL, NULL, NULL, 120, NULL, NULL, NULL, NULL),
(88, 822, 'INDOOR30008', NULL, NULL, NULL, 120, NULL, NULL, NULL, NULL),
(88, 822, 'INDOOR30009', NULL, NULL, NULL, 120, NULL, NULL, NULL, NULL),
(89, 398, 'INDOOR30001', NULL, NULL, NULL, 0, NULL, NULL, NULL, NULL),
(89, 398, 'INDOOR30002', NULL, NULL, NULL, 0, NULL, NULL, NULL, NULL),
(89, 398, 'INDOOR30003', NULL, NULL, NULL, 0, NULL, NULL, NULL, NULL),
(89, 398, 'INDOOR30004', NULL, NULL, NULL, 0, NULL, NULL, NULL, NULL),
(89, 398, 'INDOOR30005', NULL, NULL, NULL, 0, NULL, NULL, NULL, NULL),
(89, 398, 'INDOOR30006', NULL, NULL, NULL, 0, NULL, NULL, NULL, NULL),
(89, 398, 'INDOOR30007', NULL, NULL, NULL, 0, NULL, NULL, NULL, NULL),
(89, 398, 'INDOOR30008', NULL, NULL, NULL, 0, NULL, NULL, NULL, NULL),
(89, 398, 'INDOOR30009', NULL, NULL, NULL, 0, NULL, NULL, NULL, NULL),
(89, 596, 'INDOOR30001', NULL, NULL, NULL, 0, NULL, NULL, NULL, NULL),
(89, 596, 'INDOOR30002', NULL, NULL, NULL, 0, NULL, NULL, NULL, NULL),
(89, 596, 'INDOOR30003', NULL, NULL, NULL, 0, NULL, NULL, NULL, NULL),
(89, 596, 'INDOOR30004', NULL, NULL, NULL, 0, NULL, NULL, NULL, NULL),
(89, 596, 'INDOOR30005', NULL, NULL, NULL, 0, NULL, NULL, NULL, NULL),
(89, 596, 'INDOOR30006', NULL, NULL, NULL, 0, NULL, NULL, NULL, NULL),
(89, 596, 'INDOOR30007', NULL, NULL, NULL, 0, NULL, NULL, NULL, NULL),
(89, 596, 'INDOOR30008', NULL, NULL, NULL, 0, NULL, NULL, NULL, NULL),
(89, 596, 'INDOOR30009', NULL, NULL, NULL, 0, NULL, NULL, NULL, NULL),
(89, 823, 'INDOOR30001', NULL, NULL, NULL, 0, NULL, NULL, NULL, NULL),
(89, 823, 'INDOOR30002', NULL, NULL, NULL, 0, NULL, NULL, NULL, NULL),
(89, 823, 'INDOOR30003', NULL, NULL, NULL, 0, NULL, NULL, NULL, NULL),
(89, 823, 'INDOOR30004', NULL, NULL, NULL, 0, NULL, NULL, NULL, NULL),
(89, 823, 'INDOOR30005', NULL, NULL, NULL, 0, NULL, NULL, NULL, NULL),
(89, 823, 'INDOOR30006', NULL, NULL, NULL, 0, NULL, NULL, NULL, NULL),
(89, 823, 'INDOOR30007', NULL, NULL, NULL, 0, NULL, NULL, NULL, NULL),
(89, 823, 'INDOOR30008', NULL, NULL, NULL, 0, NULL, NULL, NULL, NULL),
(89, 823, 'INDOOR30009', NULL, NULL, NULL, 0, NULL, NULL, NULL, NULL),
(90, 399, 'INDOOR30001', NULL, NULL, NULL, 0, NULL, NULL, NULL, NULL),
(90, 399, 'INDOOR30002', NULL, NULL, NULL, 0, NULL, NULL, NULL, NULL),
(90, 399, 'INDOOR30003', NULL, NULL, NULL, 0, NULL, NULL, NULL, NULL),
(90, 399, 'INDOOR30004', NULL, NULL, NULL, 0, NULL, NULL, NULL, NULL),
(90, 399, 'INDOOR30005', NULL, NULL, NULL, 0, NULL, NULL, NULL, NULL),
(90, 399, 'INDOOR30006', NULL, NULL, NULL, 0, NULL, NULL, NULL, NULL),
(90, 399, 'INDOOR30007', NULL, NULL, NULL, 0, NULL, NULL, NULL, NULL),
(90, 399, 'INDOOR30008', NULL, NULL, NULL, 0, NULL, NULL, NULL, NULL),
(90, 399, 'INDOOR30009', NULL, NULL, NULL, 0, NULL, NULL, NULL, NULL),
(90, 597, 'INDOOR30001', NULL, NULL, NULL, 0, NULL, NULL, NULL, NULL),
(90, 597, 'INDOOR30002', NULL, NULL, NULL, 0, NULL, NULL, NULL, NULL),
(90, 597, 'INDOOR30003', NULL, NULL, NULL, 0, NULL, NULL, NULL, NULL),
(90, 597, 'INDOOR30004', NULL, NULL, NULL, 0, NULL, NULL, NULL, NULL),
(90, 597, 'INDOOR30005', NULL, NULL, NULL, 0, NULL, NULL, NULL, NULL),
(90, 597, 'INDOOR30006', NULL, NULL, NULL, 0, NULL, NULL, NULL, NULL),
(90, 597, 'INDOOR30007', NULL, NULL, NULL, 0, NULL, NULL, NULL, NULL),
(90, 597, 'INDOOR30008', NULL, NULL, NULL, 0, NULL, NULL, NULL, NULL),
(90, 597, 'INDOOR30009', NULL, NULL, NULL, 0, NULL, NULL, NULL, NULL),
(90, 824, 'INDOOR30001', NULL, NULL, NULL, 0, NULL, NULL, NULL, NULL),
(90, 824, 'INDOOR30002', NULL, NULL, NULL, 0, NULL, NULL, NULL, NULL),
(90, 824, 'INDOOR30003', NULL, NULL, NULL, 0, NULL, NULL, NULL, NULL),
(90, 824, 'INDOOR30004', NULL, NULL, NULL, 0, NULL, NULL, NULL, NULL),
(90, 824, 'INDOOR30005', NULL, NULL, NULL, 0, NULL, NULL, NULL, NULL),
(90, 824, 'INDOOR30006', NULL, NULL, NULL, 0, NULL, NULL, NULL, NULL),
(90, 824, 'INDOOR30007', NULL, NULL, NULL, 0, NULL, NULL, NULL, NULL),
(90, 824, 'INDOOR30008', NULL, NULL, NULL, 0, NULL, NULL, NULL, NULL),
(90, 824, 'INDOOR30009', NULL, NULL, NULL, 0, NULL, NULL, NULL, NULL),
(91, 400, 'INDOOR30001', NULL, NULL, NULL, 0, NULL, NULL, NULL, NULL),
(91, 400, 'INDOOR30002', NULL, NULL, NULL, 0, NULL, NULL, NULL, NULL),
(91, 400, 'INDOOR30003', NULL, NULL, NULL, 0, NULL, NULL, NULL, NULL),
(91, 400, 'INDOOR30004', NULL, NULL, NULL, 0, NULL, NULL, NULL, NULL),
(91, 400, 'INDOOR30005', NULL, NULL, NULL, 0, NULL, NULL, NULL, NULL),
(91, 400, 'INDOOR30006', NULL, NULL, NULL, 0, NULL, NULL, NULL, NULL),
(91, 400, 'INDOOR30007', NULL, NULL, NULL, 0, NULL, NULL, NULL, NULL),
(91, 400, 'INDOOR30008', NULL, NULL, NULL, 0, NULL, NULL, NULL, NULL),
(91, 400, 'INDOOR30009', NULL, NULL, NULL, 0, NULL, NULL, NULL, NULL),
(91, 598, 'INDOOR30001', NULL, NULL, NULL, 0, NULL, NULL, NULL, NULL),
(91, 598, 'INDOOR30002', NULL, NULL, NULL, 0, NULL, NULL, NULL, NULL),
(91, 598, 'INDOOR30003', NULL, NULL, NULL, 0, NULL, NULL, NULL, NULL),
(91, 598, 'INDOOR30004', NULL, NULL, NULL, 0, NULL, NULL, NULL, NULL),
(91, 598, 'INDOOR30005', NULL, NULL, NULL, 0, NULL, NULL, NULL, NULL),
(91, 598, 'INDOOR30006', NULL, NULL, NULL, 0, NULL, NULL, NULL, NULL),
(91, 598, 'INDOOR30007', NULL, NULL, NULL, 0, NULL, NULL, NULL, NULL),
(91, 598, 'INDOOR30008', NULL, NULL, NULL, 0, NULL, NULL, NULL, NULL),
(91, 598, 'INDOOR30009', NULL, NULL, NULL, 0, NULL, NULL, NULL, NULL),
(91, 825, 'INDOOR30001', NULL, NULL, NULL, 0, NULL, NULL, NULL, NULL),
(91, 825, 'INDOOR30002', NULL, NULL, NULL, 0, NULL, NULL, NULL, NULL),
(91, 825, 'INDOOR30003', NULL, NULL, NULL, 0, NULL, NULL, NULL, NULL),
(91, 825, 'INDOOR30004', NULL, NULL, NULL, 0, NULL, NULL, NULL, NULL),
(91, 825, 'INDOOR30005', NULL, NULL, NULL, 0, NULL, NULL, NULL, NULL),
(91, 825, 'INDOOR30006', NULL, NULL, NULL, 0, NULL, NULL, NULL, NULL),
(91, 825, 'INDOOR30007', NULL, NULL, NULL, 0, NULL, NULL, NULL, NULL),
(91, 825, 'INDOOR30008', NULL, NULL, NULL, 0, NULL, NULL, NULL, NULL),
(91, 825, 'INDOOR30009', NULL, NULL, NULL, 0, NULL, NULL, NULL, NULL),
(92, 401, 'INDOOR30001', NULL, NULL, 'hoan_thanh', 75, 'dat', NULL, NULL, NULL),
(92, 401, 'INDOOR30002', NULL, NULL, 'hoan_thanh', 75, 'dat', NULL, NULL, NULL),
(92, 401, 'INDOOR30003', NULL, NULL, 'hoan_thanh', 75, 'dat', NULL, NULL, NULL),
(92, 401, 'INDOOR30004', NULL, NULL, 'hoan_thanh', 75, 'dat', NULL, NULL, NULL),
(92, 401, 'INDOOR30005', NULL, NULL, 'hoan_thanh', 75, 'dat', NULL, NULL, NULL),
(92, 401, 'INDOOR30006', NULL, NULL, 'hoan_thanh', 75, 'dat', NULL, NULL, NULL),
(92, 401, 'INDOOR30007', NULL, NULL, 'hoan_thanh', 75, 'dat', NULL, NULL, NULL),
(92, 401, 'INDOOR30008', NULL, NULL, 'hoan_thanh', 75, 'dat', NULL, NULL, NULL),
(92, 401, 'INDOOR30009', NULL, NULL, 'hoan_thanh', 75, 'dat', NULL, NULL, NULL),
(92, 599, 'INDOOR30001', NULL, NULL, 'hoan_thanh', 75, 'dat', NULL, NULL, NULL),
(92, 599, 'INDOOR30002', NULL, NULL, 'hoan_thanh', 75, 'dat', NULL, NULL, NULL),
(92, 599, 'INDOOR30003', NULL, NULL, 'hoan_thanh', 75, 'dat', NULL, NULL, NULL),
(92, 599, 'INDOOR30004', NULL, NULL, 'hoan_thanh', 75, 'dat', NULL, NULL, NULL),
(92, 599, 'INDOOR30005', NULL, NULL, 'hoan_thanh', 75, 'dat', NULL, NULL, NULL),
(92, 599, 'INDOOR30006', NULL, NULL, 'hoan_thanh', 75, 'dat', NULL, NULL, NULL),
(92, 599, 'INDOOR30007', NULL, NULL, 'hoan_thanh', 75, 'dat', NULL, NULL, NULL),
(92, 599, 'INDOOR30008', NULL, NULL, 'hoan_thanh', 75, 'dat', NULL, NULL, NULL),
(92, 599, 'INDOOR30009', NULL, NULL, 'hoan_thanh', 75, 'dat', NULL, NULL, NULL),
(92, 826, 'INDOOR30001', NULL, NULL, 'hoan_thanh', 75, 'dat', NULL, NULL, NULL),
(92, 826, 'INDOOR30002', NULL, NULL, 'hoan_thanh', 75, 'dat', NULL, NULL, NULL),
(92, 826, 'INDOOR30003', NULL, NULL, 'hoan_thanh', 75, 'dat', NULL, NULL, NULL),
(92, 826, 'INDOOR30004', NULL, NULL, 'hoan_thanh', 75, 'dat', NULL, NULL, NULL),
(92, 826, 'INDOOR30005', NULL, NULL, 'hoan_thanh', 75, 'dat', NULL, NULL, NULL),
(92, 826, 'INDOOR30006', NULL, NULL, 'hoan_thanh', 75, 'dat', NULL, NULL, NULL),
(92, 826, 'INDOOR30007', NULL, NULL, 'hoan_thanh', 75, 'dat', NULL, NULL, NULL),
(92, 826, 'INDOOR30008', NULL, NULL, 'hoan_thanh', 75, 'dat', NULL, NULL, NULL),
(92, 826, 'INDOOR30009', NULL, NULL, 'hoan_thanh', 75, 'dat', NULL, NULL, NULL),
(93, 402, 'INDOOR30001', NULL, NULL, NULL, 0, NULL, NULL, NULL, NULL),
(93, 402, 'INDOOR30002', NULL, NULL, NULL, 0, NULL, NULL, NULL, NULL),
(93, 402, 'INDOOR30003', NULL, NULL, NULL, 0, NULL, NULL, NULL, NULL),
(93, 402, 'INDOOR30004', NULL, NULL, NULL, 0, NULL, NULL, NULL, NULL),
(93, 402, 'INDOOR30005', NULL, NULL, NULL, 0, NULL, NULL, NULL, NULL),
(93, 402, 'INDOOR30006', NULL, NULL, NULL, 0, NULL, NULL, NULL, NULL),
(93, 402, 'INDOOR30007', NULL, NULL, NULL, 0, NULL, NULL, NULL, NULL),
(93, 402, 'INDOOR30008', NULL, NULL, NULL, 0, NULL, NULL, NULL, NULL),
(93, 402, 'INDOOR30009', NULL, NULL, NULL, 0, NULL, NULL, NULL, NULL),
(93, 600, 'INDOOR30001', NULL, NULL, NULL, 0, NULL, NULL, NULL, NULL),
(93, 600, 'INDOOR30002', NULL, NULL, NULL, 0, NULL, NULL, NULL, NULL),
(93, 600, 'INDOOR30003', NULL, NULL, NULL, 0, NULL, NULL, NULL, NULL),
(93, 600, 'INDOOR30004', NULL, NULL, NULL, 0, NULL, NULL, NULL, NULL),
(93, 600, 'INDOOR30005', NULL, NULL, NULL, 0, NULL, NULL, NULL, NULL),
(93, 600, 'INDOOR30006', NULL, NULL, NULL, 0, NULL, NULL, NULL, NULL),
(93, 600, 'INDOOR30007', NULL, NULL, NULL, 0, NULL, NULL, NULL, NULL),
(93, 600, 'INDOOR30008', NULL, NULL, NULL, 0, NULL, NULL, NULL, NULL),
(93, 600, 'INDOOR30009', NULL, NULL, NULL, 0, NULL, NULL, NULL, NULL),
(93, 827, 'INDOOR30001', NULL, NULL, NULL, 0, NULL, NULL, NULL, NULL),
(93, 827, 'INDOOR30002', NULL, NULL, NULL, 0, NULL, NULL, NULL, NULL),
(93, 827, 'INDOOR30003', NULL, NULL, NULL, 0, NULL, NULL, NULL, NULL),
(93, 827, 'INDOOR30004', NULL, NULL, NULL, 0, NULL, NULL, NULL, NULL),
(93, 827, 'INDOOR30005', NULL, NULL, NULL, 0, NULL, NULL, NULL, NULL),
(93, 827, 'INDOOR30006', NULL, NULL, NULL, 0, NULL, NULL, NULL, NULL),
(93, 827, 'INDOOR30007', NULL, NULL, NULL, 0, NULL, NULL, NULL, NULL),
(93, 827, 'INDOOR30008', NULL, NULL, NULL, 0, NULL, NULL, NULL, NULL),
(93, 827, 'INDOOR30009', NULL, NULL, NULL, 0, NULL, NULL, NULL, NULL),
(94, 403, 'INDOOR30001', NULL, NULL, NULL, 120, NULL, NULL, NULL, NULL),
(94, 403, 'INDOOR30002', NULL, NULL, NULL, 120, NULL, NULL, NULL, NULL),
(94, 403, 'INDOOR30003', NULL, NULL, NULL, 120, NULL, NULL, NULL, NULL),
(94, 403, 'INDOOR30004', NULL, NULL, NULL, 120, NULL, NULL, NULL, NULL),
(94, 403, 'INDOOR30005', NULL, NULL, NULL, 120, NULL, NULL, NULL, NULL),
(94, 403, 'INDOOR30006', NULL, NULL, NULL, 120, NULL, NULL, NULL, NULL),
(94, 403, 'INDOOR30007', NULL, NULL, NULL, 120, NULL, NULL, NULL, NULL),
(94, 403, 'INDOOR30008', NULL, NULL, NULL, 120, NULL, NULL, NULL, NULL),
(94, 403, 'INDOOR30009', NULL, NULL, NULL, 120, NULL, NULL, NULL, NULL),
(94, 601, 'INDOOR30001', NULL, NULL, NULL, 120, NULL, NULL, NULL, NULL),
(94, 601, 'INDOOR30002', NULL, NULL, NULL, 120, NULL, NULL, NULL, NULL),
(94, 601, 'INDOOR30003', NULL, NULL, NULL, 120, NULL, NULL, NULL, NULL),
(94, 601, 'INDOOR30004', NULL, NULL, NULL, 120, NULL, NULL, NULL, NULL),
(94, 601, 'INDOOR30005', NULL, NULL, NULL, 120, NULL, NULL, NULL, NULL),
(94, 601, 'INDOOR30006', NULL, NULL, NULL, 120, NULL, NULL, NULL, NULL),
(94, 601, 'INDOOR30007', NULL, NULL, NULL, 120, NULL, NULL, NULL, NULL),
(94, 601, 'INDOOR30008', NULL, NULL, NULL, 120, NULL, NULL, NULL, NULL),
(94, 601, 'INDOOR30009', NULL, NULL, NULL, 120, NULL, NULL, NULL, NULL),
(94, 828, 'INDOOR30001', NULL, NULL, NULL, 120, NULL, NULL, NULL, NULL),
(94, 828, 'INDOOR30002', NULL, NULL, NULL, 120, NULL, NULL, NULL, NULL),
(94, 828, 'INDOOR30003', NULL, NULL, NULL, 120, NULL, NULL, NULL, NULL),
(94, 828, 'INDOOR30004', NULL, NULL, NULL, 120, NULL, NULL, NULL, NULL),
(94, 828, 'INDOOR30005', NULL, NULL, NULL, 120, NULL, NULL, NULL, NULL),
(94, 828, 'INDOOR30006', NULL, NULL, NULL, 120, NULL, NULL, NULL, NULL),
(94, 828, 'INDOOR30007', NULL, NULL, NULL, 120, NULL, NULL, NULL, NULL),
(94, 828, 'INDOOR30008', NULL, NULL, NULL, 120, NULL, NULL, NULL, NULL),
(94, 828, 'INDOOR30009', NULL, NULL, NULL, 120, NULL, NULL, NULL, NULL),
(95, 404, 'INDOOR30001', NULL, NULL, NULL, 0, NULL, NULL, NULL, NULL),
(95, 404, 'INDOOR30002', NULL, NULL, NULL, 0, NULL, NULL, NULL, NULL),
(95, 404, 'INDOOR30003', NULL, NULL, NULL, 0, NULL, NULL, NULL, NULL),
(95, 404, 'INDOOR30004', NULL, NULL, NULL, 0, NULL, NULL, NULL, NULL),
(95, 404, 'INDOOR30005', NULL, NULL, NULL, 0, NULL, NULL, NULL, NULL),
(95, 404, 'INDOOR30006', NULL, NULL, NULL, 0, NULL, NULL, NULL, NULL),
(95, 404, 'INDOOR30007', NULL, NULL, NULL, 0, NULL, NULL, NULL, NULL),
(95, 404, 'INDOOR30008', NULL, NULL, NULL, 0, NULL, NULL, NULL, NULL),
(95, 404, 'INDOOR30009', NULL, NULL, NULL, 0, NULL, NULL, NULL, NULL),
(95, 602, 'INDOOR30001', NULL, NULL, NULL, 0, NULL, NULL, NULL, NULL),
(95, 602, 'INDOOR30002', NULL, NULL, NULL, 0, NULL, NULL, NULL, NULL),
(95, 602, 'INDOOR30003', NULL, NULL, NULL, 0, NULL, NULL, NULL, NULL),
(95, 602, 'INDOOR30004', NULL, NULL, NULL, 0, NULL, NULL, NULL, NULL),
(95, 602, 'INDOOR30005', NULL, NULL, NULL, 0, NULL, NULL, NULL, NULL),
(95, 602, 'INDOOR30006', NULL, NULL, NULL, 0, NULL, NULL, NULL, NULL),
(95, 602, 'INDOOR30007', NULL, NULL, NULL, 0, NULL, NULL, NULL, NULL),
(95, 602, 'INDOOR30008', NULL, NULL, NULL, 0, NULL, NULL, NULL, NULL),
(95, 602, 'INDOOR30009', NULL, NULL, NULL, 0, NULL, NULL, NULL, NULL),
(95, 829, 'INDOOR30001', NULL, NULL, NULL, 0, NULL, NULL, NULL, NULL),
(95, 829, 'INDOOR30002', NULL, NULL, NULL, 0, NULL, NULL, NULL, NULL),
(95, 829, 'INDOOR30003', NULL, NULL, NULL, 0, NULL, NULL, NULL, NULL),
(95, 829, 'INDOOR30004', NULL, NULL, NULL, 0, NULL, NULL, NULL, NULL),
(95, 829, 'INDOOR30005', NULL, NULL, NULL, 0, NULL, NULL, NULL, NULL),
(95, 829, 'INDOOR30006', NULL, NULL, NULL, 0, NULL, NULL, NULL, NULL),
(95, 829, 'INDOOR30007', NULL, NULL, NULL, 0, NULL, NULL, NULL, NULL),
(95, 829, 'INDOOR30008', NULL, NULL, NULL, 0, NULL, NULL, NULL, NULL),
(95, 829, 'INDOOR30009', NULL, NULL, NULL, 0, NULL, NULL, NULL, NULL),
(96, 405, 'INDOOR30001', NULL, NULL, NULL, 15, NULL, NULL, NULL, NULL),
(96, 405, 'INDOOR30002', NULL, NULL, NULL, 15, NULL, NULL, NULL, NULL),
(96, 405, 'INDOOR30003', NULL, NULL, NULL, 15, NULL, NULL, NULL, NULL),
(96, 405, 'INDOOR30004', NULL, NULL, NULL, 15, NULL, NULL, NULL, NULL),
(96, 405, 'INDOOR30005', NULL, NULL, NULL, 15, NULL, NULL, NULL, NULL),
(96, 405, 'INDOOR30006', NULL, NULL, NULL, 15, NULL, NULL, NULL, NULL),
(96, 405, 'INDOOR30007', NULL, NULL, NULL, 15, NULL, NULL, NULL, NULL),
(96, 405, 'INDOOR30008', NULL, NULL, NULL, 15, NULL, NULL, NULL, NULL),
(96, 405, 'INDOOR30009', NULL, NULL, NULL, 15, NULL, NULL, NULL, NULL),
(96, 603, 'INDOOR30001', NULL, NULL, NULL, 15, NULL, NULL, NULL, NULL),
(96, 603, 'INDOOR30002', NULL, NULL, NULL, 15, NULL, NULL, NULL, NULL),
(96, 603, 'INDOOR30003', NULL, NULL, NULL, 15, NULL, NULL, NULL, NULL),
(96, 603, 'INDOOR30004', NULL, NULL, NULL, 15, NULL, NULL, NULL, NULL),
(96, 603, 'INDOOR30005', NULL, NULL, NULL, 15, NULL, NULL, NULL, NULL),
(96, 603, 'INDOOR30006', NULL, NULL, NULL, 15, NULL, NULL, NULL, NULL),
(96, 603, 'INDOOR30007', NULL, NULL, NULL, 15, NULL, NULL, NULL, NULL),
(96, 603, 'INDOOR30008', NULL, NULL, NULL, 15, NULL, NULL, NULL, NULL),
(96, 603, 'INDOOR30009', NULL, NULL, NULL, 15, NULL, NULL, NULL, NULL),
(96, 830, 'INDOOR30001', NULL, NULL, NULL, 15, NULL, NULL, NULL, NULL),
(96, 830, 'INDOOR30002', NULL, NULL, NULL, 15, NULL, NULL, NULL, NULL),
(96, 830, 'INDOOR30003', NULL, NULL, NULL, 15, NULL, NULL, NULL, NULL),
(96, 830, 'INDOOR30004', NULL, NULL, NULL, 15, NULL, NULL, NULL, NULL),
(96, 830, 'INDOOR30005', NULL, NULL, NULL, 15, NULL, NULL, NULL, NULL),
(96, 830, 'INDOOR30006', NULL, NULL, NULL, 15, NULL, NULL, NULL, NULL),
(96, 830, 'INDOOR30007', NULL, NULL, NULL, 15, NULL, NULL, NULL, NULL),
(96, 830, 'INDOOR30008', NULL, NULL, NULL, 15, NULL, NULL, NULL, NULL),
(96, 830, 'INDOOR30009', NULL, NULL, NULL, 15, NULL, NULL, NULL, NULL),
(97, 406, 'INDOOR30001', NULL, NULL, NULL, 0, NULL, NULL, NULL, NULL),
(97, 406, 'INDOOR30002', NULL, NULL, NULL, 0, NULL, NULL, NULL, NULL),
(97, 406, 'INDOOR30003', NULL, NULL, NULL, 0, NULL, NULL, NULL, NULL),
(97, 406, 'INDOOR30004', NULL, NULL, NULL, 0, NULL, NULL, NULL, NULL),
(97, 406, 'INDOOR30005', NULL, NULL, NULL, 0, NULL, NULL, NULL, NULL),
(97, 406, 'INDOOR30006', NULL, NULL, NULL, 0, NULL, NULL, NULL, NULL),
(97, 406, 'INDOOR30007', NULL, NULL, NULL, 0, NULL, NULL, NULL, NULL),
(97, 406, 'INDOOR30008', NULL, NULL, NULL, 0, NULL, NULL, NULL, NULL),
(97, 406, 'INDOOR30009', NULL, NULL, NULL, 0, NULL, NULL, NULL, NULL),
(97, 604, 'INDOOR30001', NULL, NULL, NULL, 0, NULL, NULL, NULL, NULL),
(97, 604, 'INDOOR30002', NULL, NULL, NULL, 0, NULL, NULL, NULL, NULL),
(97, 604, 'INDOOR30003', NULL, NULL, NULL, 0, NULL, NULL, NULL, NULL),
(97, 604, 'INDOOR30004', NULL, NULL, NULL, 0, NULL, NULL, NULL, NULL),
(97, 604, 'INDOOR30005', NULL, NULL, NULL, 0, NULL, NULL, NULL, NULL),
(97, 604, 'INDOOR30006', NULL, NULL, NULL, 0, NULL, NULL, NULL, NULL),
(97, 604, 'INDOOR30007', NULL, NULL, NULL, 0, NULL, NULL, NULL, NULL),
(97, 604, 'INDOOR30008', NULL, NULL, NULL, 0, NULL, NULL, NULL, NULL),
(97, 604, 'INDOOR30009', NULL, NULL, NULL, 0, NULL, NULL, NULL, NULL),
(97, 831, 'INDOOR30001', NULL, NULL, NULL, 0, NULL, NULL, NULL, NULL),
(97, 831, 'INDOOR30002', NULL, NULL, NULL, 0, NULL, NULL, NULL, NULL),
(97, 831, 'INDOOR30003', NULL, NULL, NULL, 0, NULL, NULL, NULL, NULL),
(97, 831, 'INDOOR30004', NULL, NULL, NULL, 0, NULL, NULL, NULL, NULL),
(97, 831, 'INDOOR30005', NULL, NULL, NULL, 0, NULL, NULL, NULL, NULL),
(97, 831, 'INDOOR30006', NULL, NULL, NULL, 0, NULL, NULL, NULL, NULL),
(97, 831, 'INDOOR30007', NULL, NULL, NULL, 0, NULL, NULL, NULL, NULL),
(97, 831, 'INDOOR30008', NULL, NULL, NULL, 0, NULL, NULL, NULL, NULL),
(97, 831, 'INDOOR30009', NULL, NULL, NULL, 0, NULL, NULL, NULL, NULL),
(98, 407, 'INDOOR30001', NULL, NULL, NULL, 12701, NULL, NULL, NULL, NULL),
(98, 407, 'INDOOR30002', NULL, NULL, NULL, 12701, NULL, NULL, NULL, NULL),
(98, 407, 'INDOOR30003', NULL, NULL, NULL, 12701, NULL, NULL, NULL, NULL),
(98, 407, 'INDOOR30004', NULL, NULL, NULL, 12701, NULL, NULL, NULL, NULL),
(98, 407, 'INDOOR30005', NULL, NULL, NULL, 12701, NULL, NULL, NULL, NULL),
(98, 407, 'INDOOR30006', NULL, NULL, NULL, 12701, NULL, NULL, NULL, NULL),
(98, 407, 'INDOOR30007', NULL, NULL, NULL, 12701, NULL, NULL, NULL, NULL),
(98, 407, 'INDOOR30008', NULL, NULL, NULL, 12701, NULL, NULL, NULL, NULL),
(98, 407, 'INDOOR30009', NULL, NULL, NULL, 12701, NULL, NULL, NULL, NULL),
(98, 605, 'INDOOR30001', NULL, NULL, NULL, 12701, NULL, NULL, NULL, NULL),
(98, 605, 'INDOOR30002', NULL, NULL, NULL, 12701, NULL, NULL, NULL, NULL),
(98, 605, 'INDOOR30003', NULL, NULL, NULL, 12701, NULL, NULL, NULL, NULL),
(98, 605, 'INDOOR30004', NULL, NULL, NULL, 12701, NULL, NULL, NULL, NULL),
(98, 605, 'INDOOR30005', NULL, NULL, NULL, 12701, NULL, NULL, NULL, NULL),
(98, 605, 'INDOOR30006', NULL, NULL, NULL, 12701, NULL, NULL, NULL, NULL),
(98, 605, 'INDOOR30007', NULL, NULL, NULL, 12701, NULL, NULL, NULL, NULL),
(98, 605, 'INDOOR30008', NULL, NULL, NULL, 12701, NULL, NULL, NULL, NULL),
(98, 605, 'INDOOR30009', NULL, NULL, NULL, 12701, NULL, NULL, NULL, NULL),
(98, 832, 'INDOOR30001', NULL, NULL, NULL, 12701, NULL, NULL, NULL, NULL),
(98, 832, 'INDOOR30002', NULL, NULL, NULL, 12701, NULL, NULL, NULL, NULL),
(98, 832, 'INDOOR30003', NULL, NULL, NULL, 12701, NULL, NULL, NULL, NULL),
(98, 832, 'INDOOR30004', NULL, NULL, NULL, 12701, NULL, NULL, NULL, NULL),
(98, 832, 'INDOOR30005', NULL, NULL, NULL, 12701, NULL, NULL, NULL, NULL),
(98, 832, 'INDOOR30006', NULL, NULL, NULL, 12701, NULL, NULL, NULL, NULL),
(98, 832, 'INDOOR30007', NULL, NULL, NULL, 12701, NULL, NULL, NULL, NULL),
(98, 832, 'INDOOR30008', NULL, NULL, NULL, 12701, NULL, NULL, NULL, NULL),
(98, 832, 'INDOOR30009', NULL, NULL, NULL, 12701, NULL, NULL, NULL, NULL),
(99, 408, 'INDOOR30001', NULL, NULL, NULL, 0, NULL, NULL, NULL, NULL),
(99, 408, 'INDOOR30002', NULL, NULL, NULL, 0, NULL, NULL, NULL, NULL),
(99, 408, 'INDOOR30003', NULL, NULL, NULL, 0, NULL, NULL, NULL, NULL),
(99, 408, 'INDOOR30004', NULL, NULL, NULL, 0, NULL, NULL, NULL, NULL),
(99, 408, 'INDOOR30005', NULL, NULL, NULL, 0, NULL, NULL, NULL, NULL),
(99, 408, 'INDOOR30006', NULL, NULL, NULL, 0, NULL, NULL, NULL, NULL),
(99, 408, 'INDOOR30007', NULL, NULL, NULL, 0, NULL, NULL, NULL, NULL),
(99, 408, 'INDOOR30008', NULL, NULL, NULL, 0, NULL, NULL, NULL, NULL),
(99, 408, 'INDOOR30009', NULL, NULL, NULL, 0, NULL, NULL, NULL, NULL),
(99, 606, 'INDOOR30001', NULL, NULL, NULL, 0, NULL, NULL, NULL, NULL),
(99, 606, 'INDOOR30002', NULL, NULL, NULL, 0, NULL, NULL, NULL, NULL),
(99, 606, 'INDOOR30003', NULL, NULL, NULL, 0, NULL, NULL, NULL, NULL),
(99, 606, 'INDOOR30004', NULL, NULL, NULL, 0, NULL, NULL, NULL, NULL),
(99, 606, 'INDOOR30005', NULL, NULL, NULL, 0, NULL, NULL, NULL, NULL),
(99, 606, 'INDOOR30006', NULL, NULL, NULL, 0, NULL, NULL, NULL, NULL),
(99, 606, 'INDOOR30007', NULL, NULL, NULL, 0, NULL, NULL, NULL, NULL),
(99, 606, 'INDOOR30008', NULL, NULL, NULL, 0, NULL, NULL, NULL, NULL),
(99, 606, 'INDOOR30009', NULL, NULL, NULL, 0, NULL, NULL, NULL, NULL),
(99, 833, 'INDOOR30001', NULL, NULL, NULL, 0, NULL, NULL, NULL, NULL),
(99, 833, 'INDOOR30002', NULL, NULL, NULL, 0, NULL, NULL, NULL, NULL),
(99, 833, 'INDOOR30003', NULL, NULL, NULL, 0, NULL, NULL, NULL, NULL),
(99, 833, 'INDOOR30004', NULL, NULL, NULL, 0, NULL, NULL, NULL, NULL),
(99, 833, 'INDOOR30005', NULL, NULL, NULL, 0, NULL, NULL, NULL, NULL),
(99, 833, 'INDOOR30006', NULL, NULL, NULL, 0, NULL, NULL, NULL, NULL),
(99, 833, 'INDOOR30007', NULL, NULL, NULL, 0, NULL, NULL, NULL, NULL),
(99, 833, 'INDOOR30008', NULL, NULL, NULL, 0, NULL, NULL, NULL, NULL),
(99, 833, 'INDOOR30009', NULL, NULL, NULL, 0, NULL, NULL, NULL, NULL),
(100, 409, 'INDOOR30001', NULL, NULL, NULL, 120, NULL, NULL, NULL, NULL),
(100, 409, 'INDOOR30002', NULL, NULL, NULL, 120, NULL, NULL, NULL, NULL),
(100, 409, 'INDOOR30003', NULL, NULL, NULL, 120, NULL, NULL, NULL, NULL),
(100, 409, 'INDOOR30004', NULL, NULL, NULL, 120, NULL, NULL, NULL, NULL),
(100, 409, 'INDOOR30005', NULL, NULL, NULL, 120, NULL, NULL, NULL, NULL),
(100, 409, 'INDOOR30006', NULL, NULL, NULL, 120, NULL, NULL, NULL, NULL),
(100, 409, 'INDOOR30007', NULL, NULL, NULL, 120, NULL, NULL, NULL, NULL),
(100, 409, 'INDOOR30008', NULL, NULL, NULL, 120, NULL, NULL, NULL, NULL),
(100, 409, 'INDOOR30009', NULL, NULL, NULL, 120, NULL, NULL, NULL, NULL),
(100, 607, 'INDOOR30001', NULL, NULL, NULL, 120, NULL, NULL, NULL, NULL),
(100, 607, 'INDOOR30002', NULL, NULL, NULL, 120, NULL, NULL, NULL, NULL),
(100, 607, 'INDOOR30003', NULL, NULL, NULL, 120, NULL, NULL, NULL, NULL),
(100, 607, 'INDOOR30004', NULL, NULL, NULL, 120, NULL, NULL, NULL, NULL),
(100, 607, 'INDOOR30005', NULL, NULL, NULL, 120, NULL, NULL, NULL, NULL),
(100, 607, 'INDOOR30006', NULL, NULL, NULL, 120, NULL, NULL, NULL, NULL),
(100, 607, 'INDOOR30007', NULL, NULL, NULL, 120, NULL, NULL, NULL, NULL),
(100, 607, 'INDOOR30008', NULL, NULL, NULL, 120, NULL, NULL, NULL, NULL),
(100, 607, 'INDOOR30009', NULL, NULL, NULL, 120, NULL, NULL, NULL, NULL),
(100, 834, 'INDOOR30001', NULL, NULL, NULL, 120, NULL, NULL, NULL, NULL),
(100, 834, 'INDOOR30002', NULL, NULL, NULL, 120, NULL, NULL, NULL, NULL),
(100, 834, 'INDOOR30003', NULL, NULL, NULL, 120, NULL, NULL, NULL, NULL),
(100, 834, 'INDOOR30004', NULL, NULL, NULL, 120, NULL, NULL, NULL, NULL),
(100, 834, 'INDOOR30005', NULL, NULL, NULL, 120, NULL, NULL, NULL, NULL),
(100, 834, 'INDOOR30006', NULL, NULL, NULL, 120, NULL, NULL, NULL, NULL),
(100, 834, 'INDOOR30007', NULL, NULL, NULL, 120, NULL, NULL, NULL, NULL),
(100, 834, 'INDOOR30008', NULL, NULL, NULL, 120, NULL, NULL, NULL, NULL),
(100, 834, 'INDOOR30009', NULL, NULL, NULL, 120, NULL, NULL, NULL, NULL),
(101, 410, 'INDOOR30001', NULL, NULL, NULL, 0, NULL, NULL, NULL, NULL),
(101, 410, 'INDOOR30002', NULL, NULL, NULL, 0, NULL, NULL, NULL, NULL),
(101, 410, 'INDOOR30003', NULL, NULL, NULL, 0, NULL, NULL, NULL, NULL),
(101, 410, 'INDOOR30004', NULL, NULL, NULL, 0, NULL, NULL, NULL, NULL),
(101, 410, 'INDOOR30005', NULL, NULL, NULL, 0, NULL, NULL, NULL, NULL),
(101, 410, 'INDOOR30006', NULL, NULL, NULL, 0, NULL, NULL, NULL, NULL),
(101, 410, 'INDOOR30007', NULL, NULL, NULL, 0, NULL, NULL, NULL, NULL),
(101, 410, 'INDOOR30008', NULL, NULL, NULL, 0, NULL, NULL, NULL, NULL),
(101, 410, 'INDOOR30009', NULL, NULL, NULL, 0, NULL, NULL, NULL, NULL),
(101, 608, 'INDOOR30001', NULL, NULL, NULL, 0, NULL, NULL, NULL, NULL),
(101, 608, 'INDOOR30002', NULL, NULL, NULL, 0, NULL, NULL, NULL, NULL),
(101, 608, 'INDOOR30003', NULL, NULL, NULL, 0, NULL, NULL, NULL, NULL),
(101, 608, 'INDOOR30004', NULL, NULL, NULL, 0, NULL, NULL, NULL, NULL),
(101, 608, 'INDOOR30005', NULL, NULL, NULL, 0, NULL, NULL, NULL, NULL),
(101, 608, 'INDOOR30006', NULL, NULL, NULL, 0, NULL, NULL, NULL, NULL),
(101, 608, 'INDOOR30007', NULL, NULL, NULL, 0, NULL, NULL, NULL, NULL),
(101, 608, 'INDOOR30008', NULL, NULL, NULL, 0, NULL, NULL, NULL, NULL),
(101, 608, 'INDOOR30009', NULL, NULL, NULL, 0, NULL, NULL, NULL, NULL),
(101, 835, 'INDOOR30001', NULL, NULL, NULL, 0, NULL, NULL, NULL, NULL),
(101, 835, 'INDOOR30002', NULL, NULL, NULL, 0, NULL, NULL, NULL, NULL),
(101, 835, 'INDOOR30003', NULL, NULL, NULL, 0, NULL, NULL, NULL, NULL),
(101, 835, 'INDOOR30004', NULL, NULL, NULL, 0, NULL, NULL, NULL, NULL),
(101, 835, 'INDOOR30005', NULL, NULL, NULL, 0, NULL, NULL, NULL, NULL),
(101, 835, 'INDOOR30006', NULL, NULL, NULL, 0, NULL, NULL, NULL, NULL),
(101, 835, 'INDOOR30007', NULL, NULL, NULL, 0, NULL, NULL, NULL, NULL),
(101, 835, 'INDOOR30008', NULL, NULL, NULL, 0, NULL, NULL, NULL, NULL),
(101, 835, 'INDOOR30009', NULL, NULL, NULL, 0, NULL, NULL, NULL, NULL),
(102, 411, 'INDOOR30001', NULL, NULL, NULL, 0, NULL, NULL, NULL, NULL),
(102, 411, 'INDOOR30002', NULL, NULL, NULL, 0, NULL, NULL, NULL, NULL),
(102, 411, 'INDOOR30003', NULL, NULL, NULL, 0, NULL, NULL, NULL, NULL),
(102, 411, 'INDOOR30004', NULL, NULL, NULL, 0, NULL, NULL, NULL, NULL),
(102, 411, 'INDOOR30005', NULL, NULL, NULL, 0, NULL, NULL, NULL, NULL),
(102, 411, 'INDOOR30006', NULL, NULL, NULL, 0, NULL, NULL, NULL, NULL),
(102, 411, 'INDOOR30007', NULL, NULL, NULL, 0, NULL, NULL, NULL, NULL),
(102, 411, 'INDOOR30008', NULL, NULL, NULL, 0, NULL, NULL, NULL, NULL),
(102, 411, 'INDOOR30009', NULL, NULL, NULL, 0, NULL, NULL, NULL, NULL),
(102, 609, 'INDOOR30001', NULL, NULL, NULL, 0, NULL, NULL, NULL, NULL),
(102, 609, 'INDOOR30002', NULL, NULL, NULL, 0, NULL, NULL, NULL, NULL),
(102, 609, 'INDOOR30003', NULL, NULL, NULL, 0, NULL, NULL, NULL, NULL),
(102, 609, 'INDOOR30004', NULL, NULL, NULL, 0, NULL, NULL, NULL, NULL),
(102, 609, 'INDOOR30005', NULL, NULL, NULL, 0, NULL, NULL, NULL, NULL),
(102, 609, 'INDOOR30006', NULL, NULL, NULL, 0, NULL, NULL, NULL, NULL),
(102, 609, 'INDOOR30007', NULL, NULL, NULL, 0, NULL, NULL, NULL, NULL),
(102, 609, 'INDOOR30008', NULL, NULL, NULL, 0, NULL, NULL, NULL, NULL),
(102, 609, 'INDOOR30009', NULL, NULL, NULL, 0, NULL, NULL, NULL, NULL),
(102, 836, 'INDOOR30001', NULL, NULL, NULL, 0, NULL, NULL, NULL, NULL),
(102, 836, 'INDOOR30002', NULL, NULL, NULL, 0, NULL, NULL, NULL, NULL),
(102, 836, 'INDOOR30003', NULL, NULL, NULL, 0, NULL, NULL, NULL, NULL),
(102, 836, 'INDOOR30004', NULL, NULL, NULL, 0, NULL, NULL, NULL, NULL),
(102, 836, 'INDOOR30005', NULL, NULL, NULL, 0, NULL, NULL, NULL, NULL),
(102, 836, 'INDOOR30006', NULL, NULL, NULL, 0, NULL, NULL, NULL, NULL),
(102, 836, 'INDOOR30007', NULL, NULL, NULL, 0, NULL, NULL, NULL, NULL),
(102, 836, 'INDOOR30008', NULL, NULL, NULL, 0, NULL, NULL, NULL, NULL),
(102, 836, 'INDOOR30009', NULL, NULL, NULL, 0, NULL, NULL, NULL, NULL),
(103, 412, 'INDOOR30001', NULL, NULL, NULL, 75, NULL, NULL, NULL, NULL),
(103, 412, 'INDOOR30002', NULL, NULL, NULL, 75, NULL, NULL, NULL, NULL),
(103, 412, 'INDOOR30003', NULL, NULL, NULL, 75, NULL, NULL, NULL, NULL),
(103, 412, 'INDOOR30004', NULL, NULL, NULL, 75, NULL, NULL, NULL, NULL),
(103, 412, 'INDOOR30005', NULL, NULL, NULL, 75, NULL, NULL, NULL, NULL),
(103, 412, 'INDOOR30006', NULL, NULL, NULL, 75, NULL, NULL, NULL, NULL),
(103, 412, 'INDOOR30007', NULL, NULL, NULL, 75, NULL, NULL, NULL, NULL),
(103, 412, 'INDOOR30008', NULL, NULL, NULL, 75, NULL, NULL, NULL, NULL),
(103, 412, 'INDOOR30009', NULL, NULL, NULL, 75, NULL, NULL, NULL, NULL),
(103, 610, 'INDOOR30001', NULL, NULL, NULL, 75, NULL, NULL, NULL, NULL),
(103, 610, 'INDOOR30002', NULL, NULL, NULL, 75, NULL, NULL, NULL, NULL),
(103, 610, 'INDOOR30003', NULL, NULL, NULL, 75, NULL, NULL, NULL, NULL),
(103, 610, 'INDOOR30004', NULL, NULL, NULL, 75, NULL, NULL, NULL, NULL),
(103, 610, 'INDOOR30005', NULL, NULL, NULL, 75, NULL, NULL, NULL, NULL),
(103, 610, 'INDOOR30006', NULL, NULL, NULL, 75, NULL, NULL, NULL, NULL),
(103, 610, 'INDOOR30007', NULL, NULL, NULL, 75, NULL, NULL, NULL, NULL),
(103, 610, 'INDOOR30008', NULL, NULL, NULL, 75, NULL, NULL, NULL, NULL),
(103, 610, 'INDOOR30009', NULL, NULL, NULL, 75, NULL, NULL, NULL, NULL),
(103, 837, 'INDOOR30001', NULL, NULL, NULL, 75, NULL, NULL, NULL, NULL),
(103, 837, 'INDOOR30002', NULL, NULL, NULL, 75, NULL, NULL, NULL, NULL),
(103, 837, 'INDOOR30003', NULL, NULL, NULL, 75, NULL, NULL, NULL, NULL),
(103, 837, 'INDOOR30004', NULL, NULL, NULL, 75, NULL, NULL, NULL, NULL),
(103, 837, 'INDOOR30005', NULL, NULL, NULL, 75, NULL, NULL, NULL, NULL),
(103, 837, 'INDOOR30006', NULL, NULL, NULL, 75, NULL, NULL, NULL, NULL),
(103, 837, 'INDOOR30007', NULL, NULL, NULL, 75, NULL, NULL, NULL, NULL),
(103, 837, 'INDOOR30008', NULL, NULL, NULL, 75, NULL, NULL, NULL, NULL),
(103, 837, 'INDOOR30009', NULL, NULL, NULL, 75, NULL, NULL, NULL, NULL),
(104, 413, 'INDOOR30001', NULL, NULL, NULL, 0, NULL, NULL, NULL, NULL),
(104, 413, 'INDOOR30002', NULL, NULL, NULL, 0, NULL, NULL, NULL, NULL),
(104, 413, 'INDOOR30003', NULL, NULL, NULL, 0, NULL, NULL, NULL, NULL),
(104, 413, 'INDOOR30004', NULL, NULL, NULL, 0, NULL, NULL, NULL, NULL),
(104, 413, 'INDOOR30005', NULL, NULL, NULL, 0, NULL, NULL, NULL, NULL),
(104, 413, 'INDOOR30006', NULL, NULL, NULL, 0, NULL, NULL, NULL, NULL),
(104, 413, 'INDOOR30007', NULL, NULL, NULL, 0, NULL, NULL, NULL, NULL),
(104, 413, 'INDOOR30008', NULL, NULL, NULL, 0, NULL, NULL, NULL, NULL),
(104, 413, 'INDOOR30009', NULL, NULL, NULL, 0, NULL, NULL, NULL, NULL),
(104, 611, 'INDOOR30001', NULL, NULL, NULL, 0, NULL, NULL, NULL, NULL),
(104, 611, 'INDOOR30002', NULL, NULL, NULL, 0, NULL, NULL, NULL, NULL),
(104, 611, 'INDOOR30003', NULL, NULL, NULL, 0, NULL, NULL, NULL, NULL),
(104, 611, 'INDOOR30004', NULL, NULL, NULL, 0, NULL, NULL, NULL, NULL),
(104, 611, 'INDOOR30005', NULL, NULL, NULL, 0, NULL, NULL, NULL, NULL),
(104, 611, 'INDOOR30006', NULL, NULL, NULL, 0, NULL, NULL, NULL, NULL),
(104, 611, 'INDOOR30007', NULL, NULL, NULL, 0, NULL, NULL, NULL, NULL),
(104, 611, 'INDOOR30008', NULL, NULL, NULL, 0, NULL, NULL, NULL, NULL),
(104, 611, 'INDOOR30009', NULL, NULL, NULL, 0, NULL, NULL, NULL, NULL),
(104, 838, 'INDOOR30001', NULL, NULL, NULL, 0, NULL, NULL, NULL, NULL),
(104, 838, 'INDOOR30002', NULL, NULL, NULL, 0, NULL, NULL, NULL, NULL),
(104, 838, 'INDOOR30003', NULL, NULL, NULL, 0, NULL, NULL, NULL, NULL),
(104, 838, 'INDOOR30004', NULL, NULL, NULL, 0, NULL, NULL, NULL, NULL),
(104, 838, 'INDOOR30005', NULL, NULL, NULL, 0, NULL, NULL, NULL, NULL),
(104, 838, 'INDOOR30006', NULL, NULL, NULL, 0, NULL, NULL, NULL, NULL),
(104, 838, 'INDOOR30007', NULL, NULL, NULL, 0, NULL, NULL, NULL, NULL),
(104, 838, 'INDOOR30008', NULL, NULL, NULL, 0, NULL, NULL, NULL, NULL),
(104, 838, 'INDOOR30009', NULL, NULL, NULL, 0, NULL, NULL, NULL, NULL),
(105, 414, 'INDOOR30001', NULL, NULL, NULL, 120, NULL, NULL, NULL, NULL),
(105, 414, 'INDOOR30002', NULL, NULL, NULL, 120, NULL, NULL, NULL, NULL),
(105, 414, 'INDOOR30003', NULL, NULL, NULL, 120, NULL, NULL, NULL, NULL),
(105, 414, 'INDOOR30004', NULL, NULL, NULL, 120, NULL, NULL, NULL, NULL),
(105, 414, 'INDOOR30005', NULL, NULL, NULL, 120, NULL, NULL, NULL, NULL),
(105, 414, 'INDOOR30006', NULL, NULL, NULL, 120, NULL, NULL, NULL, NULL),
(105, 414, 'INDOOR30007', NULL, NULL, NULL, 120, NULL, NULL, NULL, NULL),
(105, 414, 'INDOOR30008', NULL, NULL, NULL, 120, NULL, NULL, NULL, NULL),
(105, 414, 'INDOOR30009', NULL, NULL, NULL, 120, NULL, NULL, NULL, NULL),
(105, 612, 'INDOOR30001', NULL, NULL, NULL, 120, NULL, NULL, NULL, NULL),
(105, 612, 'INDOOR30002', NULL, NULL, NULL, 120, NULL, NULL, NULL, NULL),
(105, 612, 'INDOOR30003', NULL, NULL, NULL, 120, NULL, NULL, NULL, NULL),
(105, 612, 'INDOOR30004', NULL, NULL, NULL, 120, NULL, NULL, NULL, NULL),
(105, 612, 'INDOOR30005', NULL, NULL, NULL, 120, NULL, NULL, NULL, NULL),
(105, 612, 'INDOOR30006', NULL, NULL, NULL, 120, NULL, NULL, NULL, NULL),
(105, 612, 'INDOOR30007', NULL, NULL, NULL, 120, NULL, NULL, NULL, NULL),
(105, 612, 'INDOOR30008', NULL, NULL, NULL, 120, NULL, NULL, NULL, NULL),
(105, 612, 'INDOOR30009', NULL, NULL, NULL, 120, NULL, NULL, NULL, NULL),
(105, 839, 'INDOOR30001', NULL, NULL, NULL, 120, NULL, NULL, NULL, NULL),
(105, 839, 'INDOOR30002', NULL, NULL, NULL, 120, NULL, NULL, NULL, NULL),
(105, 839, 'INDOOR30003', NULL, NULL, NULL, 120, NULL, NULL, NULL, NULL),
(105, 839, 'INDOOR30004', NULL, NULL, NULL, 120, NULL, NULL, NULL, NULL),
(105, 839, 'INDOOR30005', NULL, NULL, NULL, 120, NULL, NULL, NULL, NULL),
(105, 839, 'INDOOR30006', NULL, NULL, NULL, 120, NULL, NULL, NULL, NULL),
(105, 839, 'INDOOR30007', NULL, NULL, NULL, 120, NULL, NULL, NULL, NULL),
(105, 839, 'INDOOR30008', NULL, NULL, NULL, 120, NULL, NULL, NULL, NULL),
(105, 839, 'INDOOR30009', NULL, NULL, NULL, 120, NULL, NULL, NULL, NULL),
(106, 415, 'INDOOR30001', NULL, NULL, NULL, 0, NULL, NULL, NULL, NULL),
(106, 415, 'INDOOR30002', NULL, NULL, NULL, 0, NULL, NULL, NULL, NULL),
(106, 415, 'INDOOR30003', NULL, NULL, NULL, 0, NULL, NULL, NULL, NULL),
(106, 415, 'INDOOR30004', NULL, NULL, NULL, 0, NULL, NULL, NULL, NULL),
(106, 415, 'INDOOR30005', NULL, NULL, NULL, 0, NULL, NULL, NULL, NULL),
(106, 415, 'INDOOR30006', NULL, NULL, NULL, 0, NULL, NULL, NULL, NULL),
(106, 415, 'INDOOR30007', NULL, NULL, NULL, 0, NULL, NULL, NULL, NULL),
(106, 415, 'INDOOR30008', NULL, NULL, NULL, 0, NULL, NULL, NULL, NULL),
(106, 415, 'INDOOR30009', NULL, NULL, NULL, 0, NULL, NULL, NULL, NULL),
(106, 613, 'INDOOR30001', NULL, NULL, NULL, 0, NULL, NULL, NULL, NULL),
(106, 613, 'INDOOR30002', NULL, NULL, NULL, 0, NULL, NULL, NULL, NULL),
(106, 613, 'INDOOR30003', NULL, NULL, NULL, 0, NULL, NULL, NULL, NULL),
(106, 613, 'INDOOR30004', NULL, NULL, NULL, 0, NULL, NULL, NULL, NULL),
(106, 613, 'INDOOR30005', NULL, NULL, NULL, 0, NULL, NULL, NULL, NULL),
(106, 613, 'INDOOR30006', NULL, NULL, NULL, 0, NULL, NULL, NULL, NULL),
(106, 613, 'INDOOR30007', NULL, NULL, NULL, 0, NULL, NULL, NULL, NULL),
(106, 613, 'INDOOR30008', NULL, NULL, NULL, 0, NULL, NULL, NULL, NULL),
(106, 613, 'INDOOR30009', NULL, NULL, NULL, 0, NULL, NULL, NULL, NULL),
(106, 840, 'INDOOR30001', NULL, NULL, NULL, 0, NULL, NULL, NULL, NULL),
(106, 840, 'INDOOR30002', NULL, NULL, NULL, 0, NULL, NULL, NULL, NULL),
(106, 840, 'INDOOR30003', NULL, NULL, NULL, 0, NULL, NULL, NULL, NULL),
(106, 840, 'INDOOR30004', NULL, NULL, NULL, 0, NULL, NULL, NULL, NULL),
(106, 840, 'INDOOR30005', NULL, NULL, NULL, 0, NULL, NULL, NULL, NULL),
(106, 840, 'INDOOR30006', NULL, NULL, NULL, 0, NULL, NULL, NULL, NULL),
(106, 840, 'INDOOR30007', NULL, NULL, NULL, 0, NULL, NULL, NULL, NULL),
(106, 840, 'INDOOR30008', NULL, NULL, NULL, 0, NULL, NULL, NULL, NULL),
(106, 840, 'INDOOR30009', NULL, NULL, NULL, 0, NULL, NULL, NULL, NULL),
(107, 416, 'INDOOR30001', NULL, NULL, NULL, 15, NULL, NULL, NULL, NULL),
(107, 416, 'INDOOR30002', NULL, NULL, NULL, 15, NULL, NULL, NULL, NULL),
(107, 416, 'INDOOR30003', NULL, NULL, NULL, 15, NULL, NULL, NULL, NULL),
(107, 416, 'INDOOR30004', NULL, NULL, NULL, 15, NULL, NULL, NULL, NULL),
(107, 416, 'INDOOR30005', NULL, NULL, NULL, 15, NULL, NULL, NULL, NULL),
(107, 416, 'INDOOR30006', NULL, NULL, NULL, 15, NULL, NULL, NULL, NULL),
(107, 416, 'INDOOR30007', NULL, NULL, NULL, 15, NULL, NULL, NULL, NULL),
(107, 416, 'INDOOR30008', NULL, NULL, NULL, 15, NULL, NULL, NULL, NULL),
(107, 416, 'INDOOR30009', NULL, NULL, NULL, 15, NULL, NULL, NULL, NULL),
(107, 614, 'INDOOR30001', NULL, NULL, NULL, 15, NULL, NULL, NULL, NULL),
(107, 614, 'INDOOR30002', NULL, NULL, NULL, 15, NULL, NULL, NULL, NULL),
(107, 614, 'INDOOR30003', NULL, NULL, NULL, 15, NULL, NULL, NULL, NULL),
(107, 614, 'INDOOR30004', NULL, NULL, NULL, 15, NULL, NULL, NULL, NULL),
(107, 614, 'INDOOR30005', NULL, NULL, NULL, 15, NULL, NULL, NULL, NULL),
(107, 614, 'INDOOR30006', NULL, NULL, NULL, 15, NULL, NULL, NULL, NULL),
(107, 614, 'INDOOR30007', NULL, NULL, NULL, 15, NULL, NULL, NULL, NULL),
(107, 614, 'INDOOR30008', NULL, NULL, NULL, 15, NULL, NULL, NULL, NULL),
(107, 614, 'INDOOR30009', NULL, NULL, NULL, 15, NULL, NULL, NULL, NULL),
(107, 841, 'INDOOR30001', NULL, NULL, NULL, 15, NULL, NULL, NULL, NULL),
(107, 841, 'INDOOR30002', NULL, NULL, NULL, 15, NULL, NULL, NULL, NULL),
(107, 841, 'INDOOR30003', NULL, NULL, NULL, 15, NULL, NULL, NULL, NULL),
(107, 841, 'INDOOR30004', NULL, NULL, NULL, 15, NULL, NULL, NULL, NULL),
(107, 841, 'INDOOR30005', NULL, NULL, NULL, 15, NULL, NULL, NULL, NULL),
(107, 841, 'INDOOR30006', NULL, NULL, NULL, 15, NULL, NULL, NULL, NULL),
(107, 841, 'INDOOR30007', NULL, NULL, NULL, 15, NULL, NULL, NULL, NULL),
(107, 841, 'INDOOR30008', NULL, NULL, NULL, 15, NULL, NULL, NULL, NULL),
(107, 841, 'INDOOR30009', NULL, NULL, NULL, 15, NULL, NULL, NULL, NULL),
(108, 417, 'INDOOR30001', NULL, NULL, NULL, 0, NULL, NULL, NULL, NULL);
INSERT INTO `noidungcongviec` (`ID_DOTBD`, `ID_THIETBI`, `MA_NOIDUNG`, `GHICHU`, `KIENNGHI`, `TRANGTHAI`, `ID_NHANVIEN`, `KETQUA`, `SOLIEUTHUCTE`, `KETQUAXULY`, `ANH`) VALUES
(108, 417, 'INDOOR30002', NULL, NULL, NULL, 0, NULL, NULL, NULL, NULL),
(108, 417, 'INDOOR30003', NULL, NULL, NULL, 0, NULL, NULL, NULL, NULL),
(108, 417, 'INDOOR30004', NULL, NULL, NULL, 0, NULL, NULL, NULL, NULL),
(108, 417, 'INDOOR30005', NULL, NULL, NULL, 0, NULL, NULL, NULL, NULL),
(108, 417, 'INDOOR30006', NULL, NULL, NULL, 0, NULL, NULL, NULL, NULL),
(108, 417, 'INDOOR30007', NULL, NULL, NULL, 0, NULL, NULL, NULL, NULL),
(108, 417, 'INDOOR30008', NULL, NULL, NULL, 0, NULL, NULL, NULL, NULL),
(108, 417, 'INDOOR30009', NULL, NULL, NULL, 0, NULL, NULL, NULL, NULL),
(108, 615, 'INDOOR30001', NULL, NULL, NULL, 0, NULL, NULL, NULL, NULL),
(108, 615, 'INDOOR30002', NULL, NULL, NULL, 0, NULL, NULL, NULL, NULL),
(108, 615, 'INDOOR30003', NULL, NULL, NULL, 0, NULL, NULL, NULL, NULL),
(108, 615, 'INDOOR30004', NULL, NULL, NULL, 0, NULL, NULL, NULL, NULL),
(108, 615, 'INDOOR30005', NULL, NULL, NULL, 0, NULL, NULL, NULL, NULL),
(108, 615, 'INDOOR30006', NULL, NULL, NULL, 0, NULL, NULL, NULL, NULL),
(108, 615, 'INDOOR30007', NULL, NULL, NULL, 0, NULL, NULL, NULL, NULL),
(108, 615, 'INDOOR30008', NULL, NULL, NULL, 0, NULL, NULL, NULL, NULL),
(108, 615, 'INDOOR30009', NULL, NULL, NULL, 0, NULL, NULL, NULL, NULL),
(108, 842, 'INDOOR30001', NULL, NULL, NULL, 0, NULL, NULL, NULL, NULL),
(108, 842, 'INDOOR30002', NULL, NULL, NULL, 0, NULL, NULL, NULL, NULL),
(108, 842, 'INDOOR30003', NULL, NULL, NULL, 0, NULL, NULL, NULL, NULL),
(108, 842, 'INDOOR30004', NULL, NULL, NULL, 0, NULL, NULL, NULL, NULL),
(108, 842, 'INDOOR30005', NULL, NULL, NULL, 0, NULL, NULL, NULL, NULL),
(108, 842, 'INDOOR30006', NULL, NULL, NULL, 0, NULL, NULL, NULL, NULL),
(108, 842, 'INDOOR30007', NULL, NULL, NULL, 0, NULL, NULL, NULL, NULL),
(108, 842, 'INDOOR30008', NULL, NULL, NULL, 0, NULL, NULL, NULL, NULL),
(108, 842, 'INDOOR30009', NULL, NULL, NULL, 0, NULL, NULL, NULL, NULL),
(109, 418, 'INDOOR30001', NULL, NULL, NULL, 12701, NULL, NULL, NULL, NULL),
(109, 418, 'INDOOR30002', NULL, NULL, NULL, 12701, NULL, NULL, NULL, NULL),
(109, 418, 'INDOOR30003', NULL, NULL, NULL, 12701, NULL, NULL, NULL, NULL),
(109, 418, 'INDOOR30004', NULL, NULL, NULL, 12701, NULL, NULL, NULL, NULL),
(109, 418, 'INDOOR30005', NULL, NULL, NULL, 12701, NULL, NULL, NULL, NULL),
(109, 418, 'INDOOR30006', NULL, NULL, NULL, 12701, NULL, NULL, NULL, NULL),
(109, 418, 'INDOOR30007', NULL, NULL, NULL, 12701, NULL, NULL, NULL, NULL),
(109, 418, 'INDOOR30008', NULL, NULL, NULL, 12701, NULL, NULL, NULL, NULL),
(109, 418, 'INDOOR30009', NULL, NULL, NULL, 12701, NULL, NULL, NULL, NULL),
(109, 616, 'INDOOR30001', NULL, NULL, NULL, 12701, NULL, NULL, NULL, NULL),
(109, 616, 'INDOOR30002', NULL, NULL, NULL, 12701, NULL, NULL, NULL, NULL),
(109, 616, 'INDOOR30003', NULL, NULL, NULL, 12701, NULL, NULL, NULL, NULL),
(109, 616, 'INDOOR30004', NULL, NULL, NULL, 12701, NULL, NULL, NULL, NULL),
(109, 616, 'INDOOR30005', NULL, NULL, NULL, 12701, NULL, NULL, NULL, NULL),
(109, 616, 'INDOOR30006', NULL, NULL, NULL, 12701, NULL, NULL, NULL, NULL),
(109, 616, 'INDOOR30007', NULL, NULL, NULL, 12701, NULL, NULL, NULL, NULL),
(109, 616, 'INDOOR30008', NULL, NULL, NULL, 12701, NULL, NULL, NULL, NULL),
(109, 616, 'INDOOR30009', NULL, NULL, NULL, 12701, NULL, NULL, NULL, NULL),
(109, 843, 'INDOOR30001', NULL, NULL, NULL, 12701, NULL, NULL, NULL, NULL),
(109, 843, 'INDOOR30002', NULL, NULL, NULL, 12701, NULL, NULL, NULL, NULL),
(109, 843, 'INDOOR30003', NULL, NULL, NULL, 12701, NULL, NULL, NULL, NULL),
(109, 843, 'INDOOR30004', NULL, NULL, NULL, 12701, NULL, NULL, NULL, NULL),
(109, 843, 'INDOOR30005', NULL, NULL, NULL, 12701, NULL, NULL, NULL, NULL),
(109, 843, 'INDOOR30006', NULL, NULL, NULL, 12701, NULL, NULL, NULL, NULL),
(109, 843, 'INDOOR30007', NULL, NULL, NULL, 12701, NULL, NULL, NULL, NULL),
(109, 843, 'INDOOR30008', NULL, NULL, NULL, 12701, NULL, NULL, NULL, NULL),
(109, 843, 'INDOOR30009', NULL, NULL, NULL, 12701, NULL, NULL, NULL, NULL),
(110, 419, 'INDOOR30001', NULL, NULL, NULL, 0, NULL, NULL, NULL, NULL),
(110, 419, 'INDOOR30002', NULL, NULL, NULL, 0, NULL, NULL, NULL, NULL),
(110, 419, 'INDOOR30003', NULL, NULL, NULL, 0, NULL, NULL, NULL, NULL),
(110, 419, 'INDOOR30004', NULL, NULL, NULL, 0, NULL, NULL, NULL, NULL),
(110, 419, 'INDOOR30005', NULL, NULL, NULL, 0, NULL, NULL, NULL, NULL),
(110, 419, 'INDOOR30006', NULL, NULL, NULL, 0, NULL, NULL, NULL, NULL),
(110, 419, 'INDOOR30007', NULL, NULL, NULL, 0, NULL, NULL, NULL, NULL),
(110, 419, 'INDOOR30008', NULL, NULL, NULL, 0, NULL, NULL, NULL, NULL),
(110, 419, 'INDOOR30009', NULL, NULL, NULL, 0, NULL, NULL, NULL, NULL),
(110, 617, 'INDOOR30001', NULL, NULL, NULL, 0, NULL, NULL, NULL, NULL),
(110, 617, 'INDOOR30002', NULL, NULL, NULL, 0, NULL, NULL, NULL, NULL),
(110, 617, 'INDOOR30003', NULL, NULL, NULL, 0, NULL, NULL, NULL, NULL),
(110, 617, 'INDOOR30004', NULL, NULL, NULL, 0, NULL, NULL, NULL, NULL),
(110, 617, 'INDOOR30005', NULL, NULL, NULL, 0, NULL, NULL, NULL, NULL),
(110, 617, 'INDOOR30006', NULL, NULL, NULL, 0, NULL, NULL, NULL, NULL),
(110, 617, 'INDOOR30007', NULL, NULL, NULL, 0, NULL, NULL, NULL, NULL),
(110, 617, 'INDOOR30008', NULL, NULL, NULL, 0, NULL, NULL, NULL, NULL),
(110, 617, 'INDOOR30009', NULL, NULL, NULL, 0, NULL, NULL, NULL, NULL),
(110, 844, 'INDOOR30001', NULL, NULL, NULL, 0, NULL, NULL, NULL, NULL),
(110, 844, 'INDOOR30002', NULL, NULL, NULL, 0, NULL, NULL, NULL, NULL),
(110, 844, 'INDOOR30003', NULL, NULL, NULL, 0, NULL, NULL, NULL, NULL),
(110, 844, 'INDOOR30004', NULL, NULL, NULL, 0, NULL, NULL, NULL, NULL),
(110, 844, 'INDOOR30005', NULL, NULL, NULL, 0, NULL, NULL, NULL, NULL),
(110, 844, 'INDOOR30006', NULL, NULL, NULL, 0, NULL, NULL, NULL, NULL),
(110, 844, 'INDOOR30007', NULL, NULL, NULL, 0, NULL, NULL, NULL, NULL),
(110, 844, 'INDOOR30008', NULL, NULL, NULL, 0, NULL, NULL, NULL, NULL),
(110, 844, 'INDOOR30009', NULL, NULL, NULL, 0, NULL, NULL, NULL, NULL),
(111, 420, 'INDOOR30001', NULL, NULL, NULL, 0, NULL, NULL, NULL, NULL),
(111, 420, 'INDOOR30002', NULL, NULL, NULL, 0, NULL, NULL, NULL, NULL),
(111, 420, 'INDOOR30003', NULL, NULL, NULL, 0, NULL, NULL, NULL, NULL),
(111, 420, 'INDOOR30004', NULL, NULL, NULL, 0, NULL, NULL, NULL, NULL),
(111, 420, 'INDOOR30005', NULL, NULL, NULL, 0, NULL, NULL, NULL, NULL),
(111, 420, 'INDOOR30006', NULL, NULL, NULL, 0, NULL, NULL, NULL, NULL),
(111, 420, 'INDOOR30007', NULL, NULL, NULL, 0, NULL, NULL, NULL, NULL),
(111, 420, 'INDOOR30008', NULL, NULL, NULL, 0, NULL, NULL, NULL, NULL),
(111, 420, 'INDOOR30009', NULL, NULL, NULL, 0, NULL, NULL, NULL, NULL),
(111, 618, 'INDOOR30001', NULL, NULL, NULL, 0, NULL, NULL, NULL, NULL),
(111, 618, 'INDOOR30002', NULL, NULL, NULL, 0, NULL, NULL, NULL, NULL),
(111, 618, 'INDOOR30003', NULL, NULL, NULL, 0, NULL, NULL, NULL, NULL),
(111, 618, 'INDOOR30004', NULL, NULL, NULL, 0, NULL, NULL, NULL, NULL),
(111, 618, 'INDOOR30005', NULL, NULL, NULL, 0, NULL, NULL, NULL, NULL),
(111, 618, 'INDOOR30006', NULL, NULL, NULL, 0, NULL, NULL, NULL, NULL),
(111, 618, 'INDOOR30007', NULL, NULL, NULL, 0, NULL, NULL, NULL, NULL),
(111, 618, 'INDOOR30008', NULL, NULL, NULL, 0, NULL, NULL, NULL, NULL),
(111, 618, 'INDOOR30009', NULL, NULL, NULL, 0, NULL, NULL, NULL, NULL),
(111, 845, 'INDOOR30001', NULL, NULL, NULL, 0, NULL, NULL, NULL, NULL),
(111, 845, 'INDOOR30002', NULL, NULL, NULL, 0, NULL, NULL, NULL, NULL),
(111, 845, 'INDOOR30003', NULL, NULL, NULL, 0, NULL, NULL, NULL, NULL),
(111, 845, 'INDOOR30004', NULL, NULL, NULL, 0, NULL, NULL, NULL, NULL),
(111, 845, 'INDOOR30005', NULL, NULL, NULL, 0, NULL, NULL, NULL, NULL),
(111, 845, 'INDOOR30006', NULL, NULL, NULL, 0, NULL, NULL, NULL, NULL),
(111, 845, 'INDOOR30007', NULL, NULL, NULL, 0, NULL, NULL, NULL, NULL),
(111, 845, 'INDOOR30008', NULL, NULL, NULL, 0, NULL, NULL, NULL, NULL),
(111, 845, 'INDOOR30009', NULL, NULL, NULL, 0, NULL, NULL, NULL, NULL),
(112, 421, 'INDOOR30001', NULL, NULL, NULL, 0, NULL, NULL, NULL, NULL),
(112, 421, 'INDOOR30002', NULL, NULL, NULL, 0, NULL, NULL, NULL, NULL),
(112, 421, 'INDOOR30003', NULL, NULL, NULL, 0, NULL, NULL, NULL, NULL),
(112, 421, 'INDOOR30004', NULL, NULL, NULL, 0, NULL, NULL, NULL, NULL),
(112, 421, 'INDOOR30005', NULL, NULL, NULL, 0, NULL, NULL, NULL, NULL),
(112, 421, 'INDOOR30006', NULL, NULL, NULL, 0, NULL, NULL, NULL, NULL),
(112, 421, 'INDOOR30007', NULL, NULL, NULL, 0, NULL, NULL, NULL, NULL),
(112, 421, 'INDOOR30008', NULL, NULL, NULL, 0, NULL, NULL, NULL, NULL),
(112, 421, 'INDOOR30009', NULL, NULL, NULL, 0, NULL, NULL, NULL, NULL),
(112, 619, 'INDOOR30001', NULL, NULL, NULL, 0, NULL, NULL, NULL, NULL),
(112, 619, 'INDOOR30002', NULL, NULL, NULL, 0, NULL, NULL, NULL, NULL),
(112, 619, 'INDOOR30003', NULL, NULL, NULL, 0, NULL, NULL, NULL, NULL),
(112, 619, 'INDOOR30004', NULL, NULL, NULL, 0, NULL, NULL, NULL, NULL),
(112, 619, 'INDOOR30005', NULL, NULL, NULL, 0, NULL, NULL, NULL, NULL),
(112, 619, 'INDOOR30006', NULL, NULL, NULL, 0, NULL, NULL, NULL, NULL),
(112, 619, 'INDOOR30007', NULL, NULL, NULL, 0, NULL, NULL, NULL, NULL),
(112, 619, 'INDOOR30008', NULL, NULL, NULL, 0, NULL, NULL, NULL, NULL),
(112, 619, 'INDOOR30009', NULL, NULL, NULL, 0, NULL, NULL, NULL, NULL),
(112, 846, 'INDOOR30001', NULL, NULL, NULL, 0, NULL, NULL, NULL, NULL),
(112, 846, 'INDOOR30002', NULL, NULL, NULL, 0, NULL, NULL, NULL, NULL),
(112, 846, 'INDOOR30003', NULL, NULL, NULL, 0, NULL, NULL, NULL, NULL),
(112, 846, 'INDOOR30004', NULL, NULL, NULL, 0, NULL, NULL, NULL, NULL),
(112, 846, 'INDOOR30005', NULL, NULL, NULL, 0, NULL, NULL, NULL, NULL),
(112, 846, 'INDOOR30006', NULL, NULL, NULL, 0, NULL, NULL, NULL, NULL),
(112, 846, 'INDOOR30007', NULL, NULL, NULL, 0, NULL, NULL, NULL, NULL),
(112, 846, 'INDOOR30008', NULL, NULL, NULL, 0, NULL, NULL, NULL, NULL),
(112, 846, 'INDOOR30009', NULL, NULL, NULL, 0, NULL, NULL, NULL, NULL),
(113, 422, 'INDOOR30001', NULL, NULL, NULL, 75, NULL, NULL, NULL, NULL),
(113, 422, 'INDOOR30002', NULL, NULL, NULL, 75, NULL, NULL, NULL, NULL),
(113, 422, 'INDOOR30003', NULL, NULL, NULL, 75, NULL, NULL, NULL, NULL),
(113, 422, 'INDOOR30004', NULL, NULL, NULL, 75, NULL, NULL, NULL, NULL),
(113, 422, 'INDOOR30005', NULL, NULL, NULL, 75, NULL, NULL, NULL, NULL),
(113, 422, 'INDOOR30006', NULL, NULL, NULL, 75, NULL, NULL, NULL, NULL),
(113, 422, 'INDOOR30007', NULL, NULL, NULL, 75, NULL, NULL, NULL, NULL),
(113, 422, 'INDOOR30008', NULL, NULL, NULL, 75, NULL, NULL, NULL, NULL),
(113, 422, 'INDOOR30009', NULL, NULL, NULL, 75, NULL, NULL, NULL, NULL),
(113, 620, 'INDOOR30001', NULL, NULL, NULL, 75, NULL, NULL, NULL, NULL),
(113, 620, 'INDOOR30002', NULL, NULL, NULL, 75, NULL, NULL, NULL, NULL),
(113, 620, 'INDOOR30003', NULL, NULL, NULL, 75, NULL, NULL, NULL, NULL),
(113, 620, 'INDOOR30004', NULL, NULL, NULL, 75, NULL, NULL, NULL, NULL),
(113, 620, 'INDOOR30005', NULL, NULL, NULL, 75, NULL, NULL, NULL, NULL),
(113, 620, 'INDOOR30006', NULL, NULL, NULL, 75, NULL, NULL, NULL, NULL),
(113, 620, 'INDOOR30007', NULL, NULL, NULL, 75, NULL, NULL, NULL, NULL),
(113, 620, 'INDOOR30008', NULL, NULL, NULL, 75, NULL, NULL, NULL, NULL),
(113, 620, 'INDOOR30009', NULL, NULL, NULL, 75, NULL, NULL, NULL, NULL),
(114, 423, 'INDOOR30001', NULL, NULL, NULL, 0, NULL, NULL, NULL, NULL),
(114, 423, 'INDOOR30002', NULL, NULL, NULL, 0, NULL, NULL, NULL, NULL),
(114, 423, 'INDOOR30003', NULL, NULL, NULL, 0, NULL, NULL, NULL, NULL),
(114, 423, 'INDOOR30004', NULL, NULL, NULL, 0, NULL, NULL, NULL, NULL),
(114, 423, 'INDOOR30005', NULL, NULL, NULL, 0, NULL, NULL, NULL, NULL),
(114, 423, 'INDOOR30006', NULL, NULL, NULL, 0, NULL, NULL, NULL, NULL),
(114, 423, 'INDOOR30007', NULL, NULL, NULL, 0, NULL, NULL, NULL, NULL),
(114, 423, 'INDOOR30008', NULL, NULL, NULL, 0, NULL, NULL, NULL, NULL),
(114, 423, 'INDOOR30009', NULL, NULL, NULL, 0, NULL, NULL, NULL, NULL),
(114, 621, 'INDOOR30001', NULL, NULL, NULL, 0, NULL, NULL, NULL, NULL),
(114, 621, 'INDOOR30002', NULL, NULL, NULL, 0, NULL, NULL, NULL, NULL),
(114, 621, 'INDOOR30003', NULL, NULL, NULL, 0, NULL, NULL, NULL, NULL),
(114, 621, 'INDOOR30004', NULL, NULL, NULL, 0, NULL, NULL, NULL, NULL),
(114, 621, 'INDOOR30005', NULL, NULL, NULL, 0, NULL, NULL, NULL, NULL),
(114, 621, 'INDOOR30006', NULL, NULL, NULL, 0, NULL, NULL, NULL, NULL),
(114, 621, 'INDOOR30007', NULL, NULL, NULL, 0, NULL, NULL, NULL, NULL),
(114, 621, 'INDOOR30008', NULL, NULL, NULL, 0, NULL, NULL, NULL, NULL),
(114, 621, 'INDOOR30009', NULL, NULL, NULL, 0, NULL, NULL, NULL, NULL),
(114, 847, 'INDOOR30001', NULL, NULL, NULL, 0, NULL, NULL, NULL, NULL),
(114, 847, 'INDOOR30002', NULL, NULL, NULL, 0, NULL, NULL, NULL, NULL),
(114, 847, 'INDOOR30003', NULL, NULL, NULL, 0, NULL, NULL, NULL, NULL),
(114, 847, 'INDOOR30004', NULL, NULL, NULL, 0, NULL, NULL, NULL, NULL),
(114, 847, 'INDOOR30005', NULL, NULL, NULL, 0, NULL, NULL, NULL, NULL),
(114, 847, 'INDOOR30006', NULL, NULL, NULL, 0, NULL, NULL, NULL, NULL),
(114, 847, 'INDOOR30007', NULL, NULL, NULL, 0, NULL, NULL, NULL, NULL),
(114, 847, 'INDOOR30008', NULL, NULL, NULL, 0, NULL, NULL, NULL, NULL),
(114, 847, 'INDOOR30009', NULL, NULL, NULL, 0, NULL, NULL, NULL, NULL),
(115, 424, 'INDOOR30001', NULL, NULL, NULL, 120, NULL, NULL, NULL, NULL),
(115, 424, 'INDOOR30002', NULL, NULL, NULL, 120, NULL, NULL, NULL, NULL),
(115, 424, 'INDOOR30003', NULL, NULL, NULL, 120, NULL, NULL, NULL, NULL),
(115, 424, 'INDOOR30004', NULL, NULL, NULL, 120, NULL, NULL, NULL, NULL),
(115, 424, 'INDOOR30005', NULL, NULL, NULL, 120, NULL, NULL, NULL, NULL),
(115, 424, 'INDOOR30006', NULL, NULL, NULL, 120, NULL, NULL, NULL, NULL),
(115, 424, 'INDOOR30007', NULL, NULL, NULL, 120, NULL, NULL, NULL, NULL),
(115, 424, 'INDOOR30008', NULL, NULL, NULL, 120, NULL, NULL, NULL, NULL),
(115, 424, 'INDOOR30009', NULL, NULL, NULL, 120, NULL, NULL, NULL, NULL),
(115, 622, 'INDOOR30001', NULL, NULL, NULL, 120, NULL, NULL, NULL, NULL),
(115, 622, 'INDOOR30002', NULL, NULL, NULL, 120, NULL, NULL, NULL, NULL),
(115, 622, 'INDOOR30003', NULL, NULL, NULL, 120, NULL, NULL, NULL, NULL),
(115, 622, 'INDOOR30004', NULL, NULL, NULL, 120, NULL, NULL, NULL, NULL),
(115, 622, 'INDOOR30005', NULL, NULL, NULL, 120, NULL, NULL, NULL, NULL),
(115, 622, 'INDOOR30006', NULL, NULL, NULL, 120, NULL, NULL, NULL, NULL),
(115, 622, 'INDOOR30007', NULL, NULL, NULL, 120, NULL, NULL, NULL, NULL),
(115, 622, 'INDOOR30008', NULL, NULL, NULL, 120, NULL, NULL, NULL, NULL),
(115, 622, 'INDOOR30009', NULL, NULL, NULL, 120, NULL, NULL, NULL, NULL),
(115, 848, 'INDOOR30001', NULL, NULL, NULL, 120, NULL, NULL, NULL, NULL),
(115, 848, 'INDOOR30002', NULL, NULL, NULL, 120, NULL, NULL, NULL, NULL),
(115, 848, 'INDOOR30003', NULL, NULL, NULL, 120, NULL, NULL, NULL, NULL),
(115, 848, 'INDOOR30004', NULL, NULL, NULL, 120, NULL, NULL, NULL, NULL),
(115, 848, 'INDOOR30005', NULL, NULL, NULL, 120, NULL, NULL, NULL, NULL),
(115, 848, 'INDOOR30006', NULL, NULL, NULL, 120, NULL, NULL, NULL, NULL),
(115, 848, 'INDOOR30007', NULL, NULL, NULL, 120, NULL, NULL, NULL, NULL),
(115, 848, 'INDOOR30008', NULL, NULL, NULL, 120, NULL, NULL, NULL, NULL),
(115, 848, 'INDOOR30009', NULL, NULL, NULL, 120, NULL, NULL, NULL, NULL),
(116, 425, 'INDOOR30001', NULL, NULL, NULL, 0, NULL, NULL, NULL, NULL),
(116, 425, 'INDOOR30002', NULL, NULL, NULL, 0, NULL, NULL, NULL, NULL),
(116, 425, 'INDOOR30003', NULL, NULL, NULL, 0, NULL, NULL, NULL, NULL),
(116, 425, 'INDOOR30004', NULL, NULL, NULL, 0, NULL, NULL, NULL, NULL),
(116, 425, 'INDOOR30005', NULL, NULL, NULL, 0, NULL, NULL, NULL, NULL),
(116, 425, 'INDOOR30006', NULL, NULL, NULL, 0, NULL, NULL, NULL, NULL),
(116, 425, 'INDOOR30007', NULL, NULL, NULL, 0, NULL, NULL, NULL, NULL),
(116, 425, 'INDOOR30008', NULL, NULL, NULL, 0, NULL, NULL, NULL, NULL),
(116, 425, 'INDOOR30009', NULL, NULL, NULL, 0, NULL, NULL, NULL, NULL),
(116, 623, 'INDOOR30001', NULL, NULL, NULL, 0, NULL, NULL, NULL, NULL),
(116, 623, 'INDOOR30002', NULL, NULL, NULL, 0, NULL, NULL, NULL, NULL),
(116, 623, 'INDOOR30003', NULL, NULL, NULL, 0, NULL, NULL, NULL, NULL),
(116, 623, 'INDOOR30004', NULL, NULL, NULL, 0, NULL, NULL, NULL, NULL),
(116, 623, 'INDOOR30005', NULL, NULL, NULL, 0, NULL, NULL, NULL, NULL),
(116, 623, 'INDOOR30006', NULL, NULL, NULL, 0, NULL, NULL, NULL, NULL),
(116, 623, 'INDOOR30007', NULL, NULL, NULL, 0, NULL, NULL, NULL, NULL),
(116, 623, 'INDOOR30008', NULL, NULL, NULL, 0, NULL, NULL, NULL, NULL),
(116, 623, 'INDOOR30009', NULL, NULL, NULL, 0, NULL, NULL, NULL, NULL),
(116, 849, 'INDOOR30001', NULL, NULL, NULL, 0, NULL, NULL, NULL, NULL),
(116, 849, 'INDOOR30002', NULL, NULL, NULL, 0, NULL, NULL, NULL, NULL),
(116, 849, 'INDOOR30003', NULL, NULL, NULL, 0, NULL, NULL, NULL, NULL),
(116, 849, 'INDOOR30004', NULL, NULL, NULL, 0, NULL, NULL, NULL, NULL),
(116, 849, 'INDOOR30005', NULL, NULL, NULL, 0, NULL, NULL, NULL, NULL),
(116, 849, 'INDOOR30006', NULL, NULL, NULL, 0, NULL, NULL, NULL, NULL),
(116, 849, 'INDOOR30007', NULL, NULL, NULL, 0, NULL, NULL, NULL, NULL),
(116, 849, 'INDOOR30008', NULL, NULL, NULL, 0, NULL, NULL, NULL, NULL),
(116, 849, 'INDOOR30009', NULL, NULL, NULL, 0, NULL, NULL, NULL, NULL),
(117, 426, 'INDOOR30001', NULL, NULL, NULL, 15, NULL, NULL, NULL, NULL),
(117, 426, 'INDOOR30002', NULL, NULL, NULL, 15, NULL, NULL, NULL, NULL),
(117, 426, 'INDOOR30003', NULL, NULL, NULL, 15, NULL, NULL, NULL, NULL),
(117, 426, 'INDOOR30004', NULL, NULL, NULL, 15, NULL, NULL, NULL, NULL),
(117, 426, 'INDOOR30005', NULL, NULL, NULL, 15, NULL, NULL, NULL, NULL),
(117, 426, 'INDOOR30006', NULL, NULL, NULL, 15, NULL, NULL, NULL, NULL),
(117, 426, 'INDOOR30007', NULL, NULL, NULL, 15, NULL, NULL, NULL, NULL),
(117, 426, 'INDOOR30008', NULL, NULL, NULL, 15, NULL, NULL, NULL, NULL),
(117, 426, 'INDOOR30009', NULL, NULL, NULL, 15, NULL, NULL, NULL, NULL),
(117, 624, 'INDOOR30001', NULL, NULL, NULL, 15, NULL, NULL, NULL, NULL),
(117, 624, 'INDOOR30002', NULL, NULL, NULL, 15, NULL, NULL, NULL, NULL),
(117, 624, 'INDOOR30003', NULL, NULL, NULL, 15, NULL, NULL, NULL, NULL),
(117, 624, 'INDOOR30004', NULL, NULL, NULL, 15, NULL, NULL, NULL, NULL),
(117, 624, 'INDOOR30005', NULL, NULL, NULL, 15, NULL, NULL, NULL, NULL),
(117, 624, 'INDOOR30006', NULL, NULL, NULL, 15, NULL, NULL, NULL, NULL),
(117, 624, 'INDOOR30007', NULL, NULL, NULL, 15, NULL, NULL, NULL, NULL),
(117, 624, 'INDOOR30008', NULL, NULL, NULL, 15, NULL, NULL, NULL, NULL),
(117, 624, 'INDOOR30009', NULL, NULL, NULL, 15, NULL, NULL, NULL, NULL),
(117, 850, 'INDOOR30001', NULL, NULL, NULL, 15, NULL, NULL, NULL, NULL),
(117, 850, 'INDOOR30002', NULL, NULL, NULL, 15, NULL, NULL, NULL, NULL),
(117, 850, 'INDOOR30003', NULL, NULL, NULL, 15, NULL, NULL, NULL, NULL),
(117, 850, 'INDOOR30004', NULL, NULL, NULL, 15, NULL, NULL, NULL, NULL),
(117, 850, 'INDOOR30005', NULL, NULL, NULL, 15, NULL, NULL, NULL, NULL),
(117, 850, 'INDOOR30006', NULL, NULL, NULL, 15, NULL, NULL, NULL, NULL),
(117, 850, 'INDOOR30007', NULL, NULL, NULL, 15, NULL, NULL, NULL, NULL),
(117, 850, 'INDOOR30008', NULL, NULL, NULL, 15, NULL, NULL, NULL, NULL),
(117, 850, 'INDOOR30009', NULL, NULL, NULL, 15, NULL, NULL, NULL, NULL),
(118, 427, 'INDOOR30001', NULL, NULL, NULL, 0, NULL, NULL, NULL, NULL),
(118, 427, 'INDOOR30002', NULL, NULL, NULL, 0, NULL, NULL, NULL, NULL),
(118, 427, 'INDOOR30003', NULL, NULL, NULL, 0, NULL, NULL, NULL, NULL),
(118, 427, 'INDOOR30004', NULL, NULL, NULL, 0, NULL, NULL, NULL, NULL),
(118, 427, 'INDOOR30005', NULL, NULL, NULL, 0, NULL, NULL, NULL, NULL),
(118, 427, 'INDOOR30006', NULL, NULL, NULL, 0, NULL, NULL, NULL, NULL),
(118, 427, 'INDOOR30007', NULL, NULL, NULL, 0, NULL, NULL, NULL, NULL),
(118, 427, 'INDOOR30008', NULL, NULL, NULL, 0, NULL, NULL, NULL, NULL),
(118, 427, 'INDOOR30009', NULL, NULL, NULL, 0, NULL, NULL, NULL, NULL),
(118, 625, 'INDOOR30001', NULL, NULL, NULL, 0, NULL, NULL, NULL, NULL),
(118, 625, 'INDOOR30002', NULL, NULL, NULL, 0, NULL, NULL, NULL, NULL),
(118, 625, 'INDOOR30003', NULL, NULL, NULL, 0, NULL, NULL, NULL, NULL),
(118, 625, 'INDOOR30004', NULL, NULL, NULL, 0, NULL, NULL, NULL, NULL),
(118, 625, 'INDOOR30005', NULL, NULL, NULL, 0, NULL, NULL, NULL, NULL),
(118, 625, 'INDOOR30006', NULL, NULL, NULL, 0, NULL, NULL, NULL, NULL),
(118, 625, 'INDOOR30007', NULL, NULL, NULL, 0, NULL, NULL, NULL, NULL),
(118, 625, 'INDOOR30008', NULL, NULL, NULL, 0, NULL, NULL, NULL, NULL),
(118, 625, 'INDOOR30009', NULL, NULL, NULL, 0, NULL, NULL, NULL, NULL),
(118, 851, 'INDOOR30001', NULL, NULL, NULL, 0, NULL, NULL, NULL, NULL),
(118, 851, 'INDOOR30002', NULL, NULL, NULL, 0, NULL, NULL, NULL, NULL),
(118, 851, 'INDOOR30003', NULL, NULL, NULL, 0, NULL, NULL, NULL, NULL),
(118, 851, 'INDOOR30004', NULL, NULL, NULL, 0, NULL, NULL, NULL, NULL),
(118, 851, 'INDOOR30005', NULL, NULL, NULL, 0, NULL, NULL, NULL, NULL),
(118, 851, 'INDOOR30006', NULL, NULL, NULL, 0, NULL, NULL, NULL, NULL),
(118, 851, 'INDOOR30007', NULL, NULL, NULL, 0, NULL, NULL, NULL, NULL),
(118, 851, 'INDOOR30008', NULL, NULL, NULL, 0, NULL, NULL, NULL, NULL),
(118, 851, 'INDOOR30009', NULL, NULL, NULL, 0, NULL, NULL, NULL, NULL),
(119, 428, 'INDOOR30001', NULL, NULL, NULL, 12701, NULL, NULL, NULL, NULL),
(119, 428, 'INDOOR30002', NULL, NULL, NULL, 12701, NULL, NULL, NULL, NULL),
(119, 428, 'INDOOR30003', NULL, NULL, NULL, 12701, NULL, NULL, NULL, NULL),
(119, 428, 'INDOOR30004', NULL, NULL, NULL, 12701, NULL, NULL, NULL, NULL),
(119, 428, 'INDOOR30005', NULL, NULL, NULL, 12701, NULL, NULL, NULL, NULL),
(119, 428, 'INDOOR30006', NULL, NULL, NULL, 12701, NULL, NULL, NULL, NULL),
(119, 428, 'INDOOR30007', NULL, NULL, NULL, 12701, NULL, NULL, NULL, NULL),
(119, 428, 'INDOOR30008', NULL, NULL, NULL, 12701, NULL, NULL, NULL, NULL),
(119, 428, 'INDOOR30009', NULL, NULL, NULL, 12701, NULL, NULL, NULL, NULL),
(119, 626, 'INDOOR30001', NULL, NULL, NULL, 12701, NULL, NULL, NULL, NULL),
(119, 626, 'INDOOR30002', NULL, NULL, NULL, 12701, NULL, NULL, NULL, NULL),
(119, 626, 'INDOOR30003', NULL, NULL, NULL, 12701, NULL, NULL, NULL, NULL),
(119, 626, 'INDOOR30004', NULL, NULL, NULL, 12701, NULL, NULL, NULL, NULL),
(119, 626, 'INDOOR30005', NULL, NULL, NULL, 12701, NULL, NULL, NULL, NULL),
(119, 626, 'INDOOR30006', NULL, NULL, NULL, 12701, NULL, NULL, NULL, NULL),
(119, 626, 'INDOOR30007', NULL, NULL, NULL, 12701, NULL, NULL, NULL, NULL),
(119, 626, 'INDOOR30008', NULL, NULL, NULL, 12701, NULL, NULL, NULL, NULL),
(119, 626, 'INDOOR30009', NULL, NULL, NULL, 12701, NULL, NULL, NULL, NULL),
(119, 852, 'INDOOR30001', NULL, NULL, NULL, 12701, NULL, NULL, NULL, NULL),
(119, 852, 'INDOOR30002', NULL, NULL, NULL, 12701, NULL, NULL, NULL, NULL),
(119, 852, 'INDOOR30003', NULL, NULL, NULL, 12701, NULL, NULL, NULL, NULL),
(119, 852, 'INDOOR30004', NULL, NULL, NULL, 12701, NULL, NULL, NULL, NULL),
(119, 852, 'INDOOR30005', NULL, NULL, NULL, 12701, NULL, NULL, NULL, NULL),
(119, 852, 'INDOOR30006', NULL, NULL, NULL, 12701, NULL, NULL, NULL, NULL),
(119, 852, 'INDOOR30007', NULL, NULL, NULL, 12701, NULL, NULL, NULL, NULL),
(119, 852, 'INDOOR30008', NULL, NULL, NULL, 12701, NULL, NULL, NULL, NULL),
(119, 852, 'INDOOR30009', NULL, NULL, NULL, 12701, NULL, NULL, NULL, NULL),
(120, 429, 'INDOOR30001', NULL, NULL, NULL, 0, NULL, NULL, NULL, NULL),
(120, 429, 'INDOOR30002', NULL, NULL, NULL, 0, NULL, NULL, NULL, NULL),
(120, 429, 'INDOOR30003', NULL, NULL, NULL, 0, NULL, NULL, NULL, NULL),
(120, 429, 'INDOOR30004', NULL, NULL, NULL, 0, NULL, NULL, NULL, NULL),
(120, 429, 'INDOOR30005', NULL, NULL, NULL, 0, NULL, NULL, NULL, NULL),
(120, 429, 'INDOOR30006', NULL, NULL, NULL, 0, NULL, NULL, NULL, NULL),
(120, 429, 'INDOOR30007', NULL, NULL, NULL, 0, NULL, NULL, NULL, NULL),
(120, 429, 'INDOOR30008', NULL, NULL, NULL, 0, NULL, NULL, NULL, NULL),
(120, 429, 'INDOOR30009', NULL, NULL, NULL, 0, NULL, NULL, NULL, NULL),
(120, 627, 'INDOOR30001', NULL, NULL, NULL, 0, NULL, NULL, NULL, NULL),
(120, 627, 'INDOOR30002', NULL, NULL, NULL, 0, NULL, NULL, NULL, NULL),
(120, 627, 'INDOOR30003', NULL, NULL, NULL, 0, NULL, NULL, NULL, NULL),
(120, 627, 'INDOOR30004', NULL, NULL, NULL, 0, NULL, NULL, NULL, NULL),
(120, 627, 'INDOOR30005', NULL, NULL, NULL, 0, NULL, NULL, NULL, NULL),
(120, 627, 'INDOOR30006', NULL, NULL, NULL, 0, NULL, NULL, NULL, NULL),
(120, 627, 'INDOOR30007', NULL, NULL, NULL, 0, NULL, NULL, NULL, NULL),
(120, 627, 'INDOOR30008', NULL, NULL, NULL, 0, NULL, NULL, NULL, NULL),
(120, 627, 'INDOOR30009', NULL, NULL, NULL, 0, NULL, NULL, NULL, NULL),
(120, 853, 'INDOOR30001', NULL, NULL, NULL, 0, NULL, NULL, NULL, NULL),
(120, 853, 'INDOOR30002', NULL, NULL, NULL, 0, NULL, NULL, NULL, NULL),
(120, 853, 'INDOOR30003', NULL, NULL, NULL, 0, NULL, NULL, NULL, NULL),
(120, 853, 'INDOOR30004', NULL, NULL, NULL, 0, NULL, NULL, NULL, NULL),
(120, 853, 'INDOOR30005', NULL, NULL, NULL, 0, NULL, NULL, NULL, NULL),
(120, 853, 'INDOOR30006', NULL, NULL, NULL, 0, NULL, NULL, NULL, NULL),
(120, 853, 'INDOOR30007', NULL, NULL, NULL, 0, NULL, NULL, NULL, NULL),
(120, 853, 'INDOOR30008', NULL, NULL, NULL, 0, NULL, NULL, NULL, NULL),
(120, 853, 'INDOOR30009', NULL, NULL, NULL, 0, NULL, NULL, NULL, NULL),
(121, 430, 'INDOOR30001', NULL, NULL, NULL, 120, NULL, NULL, NULL, NULL),
(121, 430, 'INDOOR30002', NULL, NULL, NULL, 120, NULL, NULL, NULL, NULL),
(121, 430, 'INDOOR30003', NULL, NULL, NULL, 120, NULL, NULL, NULL, NULL),
(121, 430, 'INDOOR30004', NULL, NULL, NULL, 120, NULL, NULL, NULL, NULL),
(121, 430, 'INDOOR30005', NULL, NULL, NULL, 120, NULL, NULL, NULL, NULL),
(121, 430, 'INDOOR30006', NULL, NULL, NULL, 120, NULL, NULL, NULL, NULL),
(121, 430, 'INDOOR30007', NULL, NULL, NULL, 120, NULL, NULL, NULL, NULL),
(121, 430, 'INDOOR30008', NULL, NULL, NULL, 120, NULL, NULL, NULL, NULL),
(121, 430, 'INDOOR30009', NULL, NULL, NULL, 120, NULL, NULL, NULL, NULL),
(121, 628, 'INDOOR30001', NULL, NULL, NULL, 120, NULL, NULL, NULL, NULL),
(121, 628, 'INDOOR30002', NULL, NULL, NULL, 120, NULL, NULL, NULL, NULL),
(121, 628, 'INDOOR30003', NULL, NULL, NULL, 120, NULL, NULL, NULL, NULL),
(121, 628, 'INDOOR30004', NULL, NULL, NULL, 120, NULL, NULL, NULL, NULL),
(121, 628, 'INDOOR30005', NULL, NULL, NULL, 120, NULL, NULL, NULL, NULL),
(121, 628, 'INDOOR30006', NULL, NULL, NULL, 120, NULL, NULL, NULL, NULL),
(121, 628, 'INDOOR30007', NULL, NULL, NULL, 120, NULL, NULL, NULL, NULL),
(121, 628, 'INDOOR30008', NULL, NULL, NULL, 120, NULL, NULL, NULL, NULL),
(121, 628, 'INDOOR30009', NULL, NULL, NULL, 120, NULL, NULL, NULL, NULL),
(121, 854, 'INDOOR30001', NULL, NULL, NULL, 120, NULL, NULL, NULL, NULL),
(121, 854, 'INDOOR30002', NULL, NULL, NULL, 120, NULL, NULL, NULL, NULL),
(121, 854, 'INDOOR30003', NULL, NULL, NULL, 120, NULL, NULL, NULL, NULL),
(121, 854, 'INDOOR30004', NULL, NULL, NULL, 120, NULL, NULL, NULL, NULL),
(121, 854, 'INDOOR30005', NULL, NULL, NULL, 120, NULL, NULL, NULL, NULL),
(121, 854, 'INDOOR30006', NULL, NULL, NULL, 120, NULL, NULL, NULL, NULL),
(121, 854, 'INDOOR30007', NULL, NULL, NULL, 120, NULL, NULL, NULL, NULL),
(121, 854, 'INDOOR30008', NULL, NULL, NULL, 120, NULL, NULL, NULL, NULL),
(121, 854, 'INDOOR30009', NULL, NULL, NULL, 120, NULL, NULL, NULL, NULL),
(122, 431, 'INDOOR30001', NULL, NULL, NULL, 0, NULL, NULL, NULL, NULL),
(122, 431, 'INDOOR30002', NULL, NULL, NULL, 0, NULL, NULL, NULL, NULL),
(122, 431, 'INDOOR30003', NULL, NULL, NULL, 0, NULL, NULL, NULL, NULL),
(122, 431, 'INDOOR30004', NULL, NULL, NULL, 0, NULL, NULL, NULL, NULL),
(122, 431, 'INDOOR30005', NULL, NULL, NULL, 0, NULL, NULL, NULL, NULL),
(122, 431, 'INDOOR30006', NULL, NULL, NULL, 0, NULL, NULL, NULL, NULL),
(122, 431, 'INDOOR30007', NULL, NULL, NULL, 0, NULL, NULL, NULL, NULL),
(122, 431, 'INDOOR30008', NULL, NULL, NULL, 0, NULL, NULL, NULL, NULL),
(122, 431, 'INDOOR30009', NULL, NULL, NULL, 0, NULL, NULL, NULL, NULL),
(122, 629, 'INDOOR30001', NULL, NULL, NULL, 0, NULL, NULL, NULL, NULL),
(122, 629, 'INDOOR30002', NULL, NULL, NULL, 0, NULL, NULL, NULL, NULL),
(122, 629, 'INDOOR30003', NULL, NULL, NULL, 0, NULL, NULL, NULL, NULL),
(122, 629, 'INDOOR30004', NULL, NULL, NULL, 0, NULL, NULL, NULL, NULL),
(122, 629, 'INDOOR30005', NULL, NULL, NULL, 0, NULL, NULL, NULL, NULL),
(122, 629, 'INDOOR30006', NULL, NULL, NULL, 0, NULL, NULL, NULL, NULL),
(122, 629, 'INDOOR30007', NULL, NULL, NULL, 0, NULL, NULL, NULL, NULL),
(122, 629, 'INDOOR30008', NULL, NULL, NULL, 0, NULL, NULL, NULL, NULL),
(122, 629, 'INDOOR30009', NULL, NULL, NULL, 0, NULL, NULL, NULL, NULL),
(122, 855, 'INDOOR30001', NULL, NULL, NULL, 0, NULL, NULL, NULL, NULL),
(122, 855, 'INDOOR30002', NULL, NULL, NULL, 0, NULL, NULL, NULL, NULL),
(122, 855, 'INDOOR30003', NULL, NULL, NULL, 0, NULL, NULL, NULL, NULL),
(122, 855, 'INDOOR30004', NULL, NULL, NULL, 0, NULL, NULL, NULL, NULL),
(122, 855, 'INDOOR30005', NULL, NULL, NULL, 0, NULL, NULL, NULL, NULL),
(122, 855, 'INDOOR30006', NULL, NULL, NULL, 0, NULL, NULL, NULL, NULL),
(122, 855, 'INDOOR30007', NULL, NULL, NULL, 0, NULL, NULL, NULL, NULL),
(122, 855, 'INDOOR30008', NULL, NULL, NULL, 0, NULL, NULL, NULL, NULL),
(122, 855, 'INDOOR30009', NULL, NULL, NULL, 0, NULL, NULL, NULL, NULL),
(123, 432, 'INDOOR30001', NULL, NULL, NULL, 0, NULL, NULL, NULL, NULL),
(123, 432, 'INDOOR30002', NULL, NULL, NULL, 0, NULL, NULL, NULL, NULL),
(123, 432, 'INDOOR30003', NULL, NULL, NULL, 0, NULL, NULL, NULL, NULL),
(123, 432, 'INDOOR30004', NULL, NULL, NULL, 0, NULL, NULL, NULL, NULL),
(123, 432, 'INDOOR30005', NULL, NULL, NULL, 0, NULL, NULL, NULL, NULL),
(123, 432, 'INDOOR30006', NULL, NULL, NULL, 0, NULL, NULL, NULL, NULL),
(123, 432, 'INDOOR30007', NULL, NULL, NULL, 0, NULL, NULL, NULL, NULL),
(123, 432, 'INDOOR30008', NULL, NULL, NULL, 0, NULL, NULL, NULL, NULL),
(123, 432, 'INDOOR30009', NULL, NULL, NULL, 0, NULL, NULL, NULL, NULL),
(123, 630, 'INDOOR30001', NULL, NULL, NULL, 0, NULL, NULL, NULL, NULL),
(123, 630, 'INDOOR30002', NULL, NULL, NULL, 0, NULL, NULL, NULL, NULL),
(123, 630, 'INDOOR30003', NULL, NULL, NULL, 0, NULL, NULL, NULL, NULL),
(123, 630, 'INDOOR30004', NULL, NULL, NULL, 0, NULL, NULL, NULL, NULL),
(123, 630, 'INDOOR30005', NULL, NULL, NULL, 0, NULL, NULL, NULL, NULL),
(123, 630, 'INDOOR30006', NULL, NULL, NULL, 0, NULL, NULL, NULL, NULL),
(123, 630, 'INDOOR30007', NULL, NULL, NULL, 0, NULL, NULL, NULL, NULL),
(123, 630, 'INDOOR30008', NULL, NULL, NULL, 0, NULL, NULL, NULL, NULL),
(123, 630, 'INDOOR30009', NULL, NULL, NULL, 0, NULL, NULL, NULL, NULL),
(124, 433, 'INDOOR30001', NULL, NULL, NULL, 75, NULL, NULL, NULL, NULL),
(124, 433, 'INDOOR30002', NULL, NULL, NULL, 75, NULL, NULL, NULL, NULL),
(124, 433, 'INDOOR30003', NULL, NULL, NULL, 75, NULL, NULL, NULL, NULL),
(124, 433, 'INDOOR30004', NULL, NULL, NULL, 75, NULL, NULL, NULL, NULL),
(124, 433, 'INDOOR30005', NULL, NULL, NULL, 75, NULL, NULL, NULL, NULL),
(124, 433, 'INDOOR30006', NULL, NULL, NULL, 75, NULL, NULL, NULL, NULL),
(124, 433, 'INDOOR30007', NULL, NULL, NULL, 75, NULL, NULL, NULL, NULL),
(124, 433, 'INDOOR30008', NULL, NULL, NULL, 75, NULL, NULL, NULL, NULL),
(124, 433, 'INDOOR30009', NULL, NULL, NULL, 75, NULL, NULL, NULL, NULL),
(124, 631, 'INDOOR30001', NULL, NULL, NULL, 75, NULL, NULL, NULL, NULL),
(124, 631, 'INDOOR30002', NULL, NULL, NULL, 75, NULL, NULL, NULL, NULL),
(124, 631, 'INDOOR30003', NULL, NULL, NULL, 75, NULL, NULL, NULL, NULL),
(124, 631, 'INDOOR30004', NULL, NULL, NULL, 75, NULL, NULL, NULL, NULL),
(124, 631, 'INDOOR30005', NULL, NULL, NULL, 75, NULL, NULL, NULL, NULL),
(124, 631, 'INDOOR30006', NULL, NULL, NULL, 75, NULL, NULL, NULL, NULL),
(124, 631, 'INDOOR30007', NULL, NULL, NULL, 75, NULL, NULL, NULL, NULL),
(124, 631, 'INDOOR30008', NULL, NULL, NULL, 75, NULL, NULL, NULL, NULL),
(124, 631, 'INDOOR30009', NULL, NULL, NULL, 75, NULL, NULL, NULL, NULL),
(124, 856, 'INDOOR30001', NULL, NULL, NULL, 75, NULL, NULL, NULL, NULL),
(124, 856, 'INDOOR30002', NULL, NULL, NULL, 75, NULL, NULL, NULL, NULL),
(124, 856, 'INDOOR30003', NULL, NULL, NULL, 75, NULL, NULL, NULL, NULL),
(124, 856, 'INDOOR30004', NULL, NULL, NULL, 75, NULL, NULL, NULL, NULL),
(124, 856, 'INDOOR30005', NULL, NULL, NULL, 75, NULL, NULL, NULL, NULL),
(124, 856, 'INDOOR30006', NULL, NULL, NULL, 75, NULL, NULL, NULL, NULL),
(124, 856, 'INDOOR30007', NULL, NULL, NULL, 75, NULL, NULL, NULL, NULL),
(124, 856, 'INDOOR30008', NULL, NULL, NULL, 75, NULL, NULL, NULL, NULL),
(124, 856, 'INDOOR30009', NULL, NULL, NULL, 75, NULL, NULL, NULL, NULL),
(125, 434, 'INDOOR30001', NULL, NULL, NULL, 0, NULL, NULL, NULL, NULL),
(125, 434, 'INDOOR30002', NULL, NULL, NULL, 0, NULL, NULL, NULL, NULL),
(125, 434, 'INDOOR30003', NULL, NULL, NULL, 0, NULL, NULL, NULL, NULL),
(125, 434, 'INDOOR30004', NULL, NULL, NULL, 0, NULL, NULL, NULL, NULL),
(125, 434, 'INDOOR30005', NULL, NULL, NULL, 0, NULL, NULL, NULL, NULL),
(125, 434, 'INDOOR30006', NULL, NULL, NULL, 0, NULL, NULL, NULL, NULL),
(125, 434, 'INDOOR30007', NULL, NULL, NULL, 0, NULL, NULL, NULL, NULL),
(125, 434, 'INDOOR30008', NULL, NULL, NULL, 0, NULL, NULL, NULL, NULL),
(125, 434, 'INDOOR30009', NULL, NULL, NULL, 0, NULL, NULL, NULL, NULL),
(125, 632, 'INDOOR30001', NULL, NULL, NULL, 0, NULL, NULL, NULL, NULL),
(125, 632, 'INDOOR30002', NULL, NULL, NULL, 0, NULL, NULL, NULL, NULL),
(125, 632, 'INDOOR30003', NULL, NULL, NULL, 0, NULL, NULL, NULL, NULL),
(125, 632, 'INDOOR30004', NULL, NULL, NULL, 0, NULL, NULL, NULL, NULL),
(125, 632, 'INDOOR30005', NULL, NULL, NULL, 0, NULL, NULL, NULL, NULL),
(125, 632, 'INDOOR30006', NULL, NULL, NULL, 0, NULL, NULL, NULL, NULL),
(125, 632, 'INDOOR30007', NULL, NULL, NULL, 0, NULL, NULL, NULL, NULL),
(125, 632, 'INDOOR30008', NULL, NULL, NULL, 0, NULL, NULL, NULL, NULL),
(125, 632, 'INDOOR30009', NULL, NULL, NULL, 0, NULL, NULL, NULL, NULL),
(125, 857, 'INDOOR30001', NULL, NULL, NULL, 0, NULL, NULL, NULL, NULL),
(125, 857, 'INDOOR30002', NULL, NULL, NULL, 0, NULL, NULL, NULL, NULL),
(125, 857, 'INDOOR30003', NULL, NULL, NULL, 0, NULL, NULL, NULL, NULL),
(125, 857, 'INDOOR30004', NULL, NULL, NULL, 0, NULL, NULL, NULL, NULL),
(125, 857, 'INDOOR30005', NULL, NULL, NULL, 0, NULL, NULL, NULL, NULL),
(125, 857, 'INDOOR30006', NULL, NULL, NULL, 0, NULL, NULL, NULL, NULL),
(125, 857, 'INDOOR30007', NULL, NULL, NULL, 0, NULL, NULL, NULL, NULL),
(125, 857, 'INDOOR30008', NULL, NULL, NULL, 0, NULL, NULL, NULL, NULL),
(125, 857, 'INDOOR30009', NULL, NULL, NULL, 0, NULL, NULL, NULL, NULL),
(126, 435, 'INDOOR30001', NULL, NULL, NULL, 120, NULL, NULL, NULL, NULL),
(126, 435, 'INDOOR30002', NULL, NULL, NULL, 120, NULL, NULL, NULL, NULL),
(126, 435, 'INDOOR30003', NULL, NULL, NULL, 120, NULL, NULL, NULL, NULL),
(126, 435, 'INDOOR30004', NULL, NULL, NULL, 120, NULL, NULL, NULL, NULL),
(126, 435, 'INDOOR30005', NULL, NULL, NULL, 120, NULL, NULL, NULL, NULL),
(126, 435, 'INDOOR30006', NULL, NULL, NULL, 120, NULL, NULL, NULL, NULL),
(126, 435, 'INDOOR30007', NULL, NULL, NULL, 120, NULL, NULL, NULL, NULL),
(126, 435, 'INDOOR30008', NULL, NULL, NULL, 120, NULL, NULL, NULL, NULL),
(126, 435, 'INDOOR30009', NULL, NULL, NULL, 120, NULL, NULL, NULL, NULL),
(126, 633, 'INDOOR30001', NULL, NULL, NULL, 120, NULL, NULL, NULL, NULL),
(126, 633, 'INDOOR30002', NULL, NULL, NULL, 120, NULL, NULL, NULL, NULL),
(126, 633, 'INDOOR30003', NULL, NULL, NULL, 120, NULL, NULL, NULL, NULL),
(126, 633, 'INDOOR30004', NULL, NULL, NULL, 120, NULL, NULL, NULL, NULL),
(126, 633, 'INDOOR30005', NULL, NULL, NULL, 120, NULL, NULL, NULL, NULL),
(126, 633, 'INDOOR30006', NULL, NULL, NULL, 120, NULL, NULL, NULL, NULL),
(126, 633, 'INDOOR30007', NULL, NULL, NULL, 120, NULL, NULL, NULL, NULL),
(126, 633, 'INDOOR30008', NULL, NULL, NULL, 120, NULL, NULL, NULL, NULL),
(126, 633, 'INDOOR30009', NULL, NULL, NULL, 120, NULL, NULL, NULL, NULL),
(126, 858, 'INDOOR30001', NULL, NULL, NULL, 120, NULL, NULL, NULL, NULL),
(126, 858, 'INDOOR30002', NULL, NULL, NULL, 120, NULL, NULL, NULL, NULL),
(126, 858, 'INDOOR30003', NULL, NULL, NULL, 120, NULL, NULL, NULL, NULL),
(126, 858, 'INDOOR30004', NULL, NULL, NULL, 120, NULL, NULL, NULL, NULL),
(126, 858, 'INDOOR30005', NULL, NULL, NULL, 120, NULL, NULL, NULL, NULL),
(126, 858, 'INDOOR30006', NULL, NULL, NULL, 120, NULL, NULL, NULL, NULL),
(126, 858, 'INDOOR30007', NULL, NULL, NULL, 120, NULL, NULL, NULL, NULL),
(126, 858, 'INDOOR30008', NULL, NULL, NULL, 120, NULL, NULL, NULL, NULL),
(126, 858, 'INDOOR30009', NULL, NULL, NULL, 120, NULL, NULL, NULL, NULL),
(127, 436, 'INDOOR30001', NULL, NULL, NULL, 0, NULL, NULL, NULL, NULL),
(127, 436, 'INDOOR30002', NULL, NULL, NULL, 0, NULL, NULL, NULL, NULL),
(127, 436, 'INDOOR30003', NULL, NULL, NULL, 0, NULL, NULL, NULL, NULL),
(127, 436, 'INDOOR30004', NULL, NULL, NULL, 0, NULL, NULL, NULL, NULL),
(127, 436, 'INDOOR30005', NULL, NULL, NULL, 0, NULL, NULL, NULL, NULL),
(127, 436, 'INDOOR30006', NULL, NULL, NULL, 0, NULL, NULL, NULL, NULL),
(127, 436, 'INDOOR30007', NULL, NULL, NULL, 0, NULL, NULL, NULL, NULL),
(127, 436, 'INDOOR30008', NULL, NULL, NULL, 0, NULL, NULL, NULL, NULL),
(127, 436, 'INDOOR30009', NULL, NULL, NULL, 0, NULL, NULL, NULL, NULL),
(127, 634, 'INDOOR30001', NULL, NULL, NULL, 0, NULL, NULL, NULL, NULL),
(127, 634, 'INDOOR30002', NULL, NULL, NULL, 0, NULL, NULL, NULL, NULL),
(127, 634, 'INDOOR30003', NULL, NULL, NULL, 0, NULL, NULL, NULL, NULL),
(127, 634, 'INDOOR30004', NULL, NULL, NULL, 0, NULL, NULL, NULL, NULL),
(127, 634, 'INDOOR30005', NULL, NULL, NULL, 0, NULL, NULL, NULL, NULL),
(127, 634, 'INDOOR30006', NULL, NULL, NULL, 0, NULL, NULL, NULL, NULL),
(127, 634, 'INDOOR30007', NULL, NULL, NULL, 0, NULL, NULL, NULL, NULL),
(127, 634, 'INDOOR30008', NULL, NULL, NULL, 0, NULL, NULL, NULL, NULL),
(127, 634, 'INDOOR30009', NULL, NULL, NULL, 0, NULL, NULL, NULL, NULL),
(127, 859, 'INDOOR30001', NULL, NULL, NULL, 0, NULL, NULL, NULL, NULL),
(127, 859, 'INDOOR30002', NULL, NULL, NULL, 0, NULL, NULL, NULL, NULL),
(127, 859, 'INDOOR30003', NULL, NULL, NULL, 0, NULL, NULL, NULL, NULL),
(127, 859, 'INDOOR30004', NULL, NULL, NULL, 0, NULL, NULL, NULL, NULL),
(127, 859, 'INDOOR30005', NULL, NULL, NULL, 0, NULL, NULL, NULL, NULL),
(127, 859, 'INDOOR30006', NULL, NULL, NULL, 0, NULL, NULL, NULL, NULL),
(127, 859, 'INDOOR30007', NULL, NULL, NULL, 0, NULL, NULL, NULL, NULL),
(127, 859, 'INDOOR30008', NULL, NULL, NULL, 0, NULL, NULL, NULL, NULL),
(127, 859, 'INDOOR30009', NULL, NULL, NULL, 0, NULL, NULL, NULL, NULL),
(128, 437, 'INDOOR30001', NULL, NULL, NULL, 15, NULL, NULL, NULL, NULL),
(128, 437, 'INDOOR30002', NULL, NULL, NULL, 15, NULL, NULL, NULL, NULL),
(128, 437, 'INDOOR30003', NULL, NULL, NULL, 15, NULL, NULL, NULL, NULL),
(128, 437, 'INDOOR30004', NULL, NULL, NULL, 15, NULL, NULL, NULL, NULL),
(128, 437, 'INDOOR30005', NULL, NULL, NULL, 15, NULL, NULL, NULL, NULL),
(128, 437, 'INDOOR30006', NULL, NULL, NULL, 15, NULL, NULL, NULL, NULL),
(128, 437, 'INDOOR30007', NULL, NULL, NULL, 15, NULL, NULL, NULL, NULL),
(128, 437, 'INDOOR30008', NULL, NULL, NULL, 15, NULL, NULL, NULL, NULL),
(128, 437, 'INDOOR30009', NULL, NULL, NULL, 15, NULL, NULL, NULL, NULL),
(128, 635, 'INDOOR30001', NULL, NULL, NULL, 15, NULL, NULL, NULL, NULL),
(128, 635, 'INDOOR30002', NULL, NULL, NULL, 15, NULL, NULL, NULL, NULL),
(128, 635, 'INDOOR30003', NULL, NULL, NULL, 15, NULL, NULL, NULL, NULL),
(128, 635, 'INDOOR30004', NULL, NULL, NULL, 15, NULL, NULL, NULL, NULL),
(128, 635, 'INDOOR30005', NULL, NULL, NULL, 15, NULL, NULL, NULL, NULL),
(128, 635, 'INDOOR30006', NULL, NULL, NULL, 15, NULL, NULL, NULL, NULL),
(128, 635, 'INDOOR30007', NULL, NULL, NULL, 15, NULL, NULL, NULL, NULL),
(128, 635, 'INDOOR30008', NULL, NULL, NULL, 15, NULL, NULL, NULL, NULL),
(128, 635, 'INDOOR30009', NULL, NULL, NULL, 15, NULL, NULL, NULL, NULL),
(128, 860, 'INDOOR30001', NULL, NULL, NULL, 15, NULL, NULL, NULL, NULL),
(128, 860, 'INDOOR30002', NULL, NULL, NULL, 15, NULL, NULL, NULL, NULL),
(128, 860, 'INDOOR30003', NULL, NULL, NULL, 15, NULL, NULL, NULL, NULL),
(128, 860, 'INDOOR30004', NULL, NULL, NULL, 15, NULL, NULL, NULL, NULL),
(128, 860, 'INDOOR30005', NULL, NULL, NULL, 15, NULL, NULL, NULL, NULL),
(128, 860, 'INDOOR30006', NULL, NULL, NULL, 15, NULL, NULL, NULL, NULL),
(128, 860, 'INDOOR30007', NULL, NULL, NULL, 15, NULL, NULL, NULL, NULL),
(128, 860, 'INDOOR30008', NULL, NULL, NULL, 15, NULL, NULL, NULL, NULL),
(128, 860, 'INDOOR30009', NULL, NULL, NULL, 15, NULL, NULL, NULL, NULL),
(129, 438, 'INDOOR30001', NULL, NULL, NULL, 0, NULL, NULL, NULL, NULL),
(129, 438, 'INDOOR30002', NULL, NULL, NULL, 0, NULL, NULL, NULL, NULL),
(129, 438, 'INDOOR30003', NULL, NULL, NULL, 0, NULL, NULL, NULL, NULL),
(129, 438, 'INDOOR30004', NULL, NULL, NULL, 0, NULL, NULL, NULL, NULL),
(129, 438, 'INDOOR30005', NULL, NULL, NULL, 0, NULL, NULL, NULL, NULL),
(129, 438, 'INDOOR30006', NULL, NULL, NULL, 0, NULL, NULL, NULL, NULL),
(129, 438, 'INDOOR30007', NULL, NULL, NULL, 0, NULL, NULL, NULL, NULL),
(129, 438, 'INDOOR30008', NULL, NULL, NULL, 0, NULL, NULL, NULL, NULL),
(129, 438, 'INDOOR30009', NULL, NULL, NULL, 0, NULL, NULL, NULL, NULL),
(129, 636, 'INDOOR30001', NULL, NULL, NULL, 0, NULL, NULL, NULL, NULL),
(129, 636, 'INDOOR30002', NULL, NULL, NULL, 0, NULL, NULL, NULL, NULL),
(129, 636, 'INDOOR30003', NULL, NULL, NULL, 0, NULL, NULL, NULL, NULL),
(129, 636, 'INDOOR30004', NULL, NULL, NULL, 0, NULL, NULL, NULL, NULL),
(129, 636, 'INDOOR30005', NULL, NULL, NULL, 0, NULL, NULL, NULL, NULL),
(129, 636, 'INDOOR30006', NULL, NULL, NULL, 0, NULL, NULL, NULL, NULL),
(129, 636, 'INDOOR30007', NULL, NULL, NULL, 0, NULL, NULL, NULL, NULL),
(129, 636, 'INDOOR30008', NULL, NULL, NULL, 0, NULL, NULL, NULL, NULL),
(129, 636, 'INDOOR30009', NULL, NULL, NULL, 0, NULL, NULL, NULL, NULL),
(129, 861, 'INDOOR30001', NULL, NULL, NULL, 0, NULL, NULL, NULL, NULL),
(129, 861, 'INDOOR30002', NULL, NULL, NULL, 0, NULL, NULL, NULL, NULL),
(129, 861, 'INDOOR30003', NULL, NULL, NULL, 0, NULL, NULL, NULL, NULL),
(129, 861, 'INDOOR30004', NULL, NULL, NULL, 0, NULL, NULL, NULL, NULL),
(129, 861, 'INDOOR30005', NULL, NULL, NULL, 0, NULL, NULL, NULL, NULL),
(129, 861, 'INDOOR30006', NULL, NULL, NULL, 0, NULL, NULL, NULL, NULL),
(129, 861, 'INDOOR30007', NULL, NULL, NULL, 0, NULL, NULL, NULL, NULL),
(129, 861, 'INDOOR30008', NULL, NULL, NULL, 0, NULL, NULL, NULL, NULL),
(129, 861, 'INDOOR30009', NULL, NULL, NULL, 0, NULL, NULL, NULL, NULL),
(130, 439, 'INDOOR30001', NULL, NULL, NULL, 12701, NULL, NULL, NULL, NULL),
(130, 439, 'INDOOR30002', NULL, NULL, NULL, 12701, NULL, NULL, NULL, NULL),
(130, 439, 'INDOOR30003', NULL, NULL, NULL, 12701, NULL, NULL, NULL, NULL),
(130, 439, 'INDOOR30004', NULL, NULL, NULL, 12701, NULL, NULL, NULL, NULL),
(130, 439, 'INDOOR30005', NULL, NULL, NULL, 12701, NULL, NULL, NULL, NULL),
(130, 439, 'INDOOR30006', NULL, NULL, NULL, 12701, NULL, NULL, NULL, NULL),
(130, 439, 'INDOOR30007', NULL, NULL, NULL, 12701, NULL, NULL, NULL, NULL),
(130, 439, 'INDOOR30008', NULL, NULL, NULL, 12701, NULL, NULL, NULL, NULL),
(130, 439, 'INDOOR30009', NULL, NULL, NULL, 12701, NULL, NULL, NULL, NULL),
(130, 637, 'INDOOR30001', NULL, NULL, NULL, 12701, NULL, NULL, NULL, NULL),
(130, 637, 'INDOOR30002', NULL, NULL, NULL, 12701, NULL, NULL, NULL, NULL),
(130, 637, 'INDOOR30003', NULL, NULL, NULL, 12701, NULL, NULL, NULL, NULL),
(130, 637, 'INDOOR30004', NULL, NULL, NULL, 12701, NULL, NULL, NULL, NULL),
(130, 637, 'INDOOR30005', NULL, NULL, NULL, 12701, NULL, NULL, NULL, NULL),
(130, 637, 'INDOOR30006', NULL, NULL, NULL, 12701, NULL, NULL, NULL, NULL),
(130, 637, 'INDOOR30007', NULL, NULL, NULL, 12701, NULL, NULL, NULL, NULL),
(130, 637, 'INDOOR30008', NULL, NULL, NULL, 12701, NULL, NULL, NULL, NULL),
(130, 637, 'INDOOR30009', NULL, NULL, NULL, 12701, NULL, NULL, NULL, NULL),
(130, 862, 'INDOOR30001', NULL, NULL, NULL, 12701, NULL, NULL, NULL, NULL),
(130, 862, 'INDOOR30002', NULL, NULL, NULL, 12701, NULL, NULL, NULL, NULL),
(130, 862, 'INDOOR30003', NULL, NULL, NULL, 12701, NULL, NULL, NULL, NULL),
(130, 862, 'INDOOR30004', NULL, NULL, NULL, 12701, NULL, NULL, NULL, NULL),
(130, 862, 'INDOOR30005', NULL, NULL, NULL, 12701, NULL, NULL, NULL, NULL),
(130, 862, 'INDOOR30006', NULL, NULL, NULL, 12701, NULL, NULL, NULL, NULL),
(130, 862, 'INDOOR30007', NULL, NULL, NULL, 12701, NULL, NULL, NULL, NULL),
(130, 862, 'INDOOR30008', NULL, NULL, NULL, 12701, NULL, NULL, NULL, NULL),
(130, 862, 'INDOOR30009', NULL, NULL, NULL, 12701, NULL, NULL, NULL, NULL),
(131, 440, 'INDOOR30001', NULL, NULL, NULL, 0, NULL, NULL, NULL, NULL),
(131, 440, 'INDOOR30002', NULL, NULL, NULL, 0, NULL, NULL, NULL, NULL),
(131, 440, 'INDOOR30003', NULL, NULL, NULL, 0, NULL, NULL, NULL, NULL),
(131, 440, 'INDOOR30004', NULL, NULL, NULL, 0, NULL, NULL, NULL, NULL),
(131, 440, 'INDOOR30005', NULL, NULL, NULL, 0, NULL, NULL, NULL, NULL),
(131, 440, 'INDOOR30006', NULL, NULL, NULL, 0, NULL, NULL, NULL, NULL),
(131, 440, 'INDOOR30007', NULL, NULL, NULL, 0, NULL, NULL, NULL, NULL),
(131, 440, 'INDOOR30008', NULL, NULL, NULL, 0, NULL, NULL, NULL, NULL),
(131, 440, 'INDOOR30009', NULL, NULL, NULL, 0, NULL, NULL, NULL, NULL),
(131, 638, 'INDOOR30001', NULL, NULL, NULL, 0, NULL, NULL, NULL, NULL),
(131, 638, 'INDOOR30002', NULL, NULL, NULL, 0, NULL, NULL, NULL, NULL),
(131, 638, 'INDOOR30003', NULL, NULL, NULL, 0, NULL, NULL, NULL, NULL),
(131, 638, 'INDOOR30004', NULL, NULL, NULL, 0, NULL, NULL, NULL, NULL),
(131, 638, 'INDOOR30005', NULL, NULL, NULL, 0, NULL, NULL, NULL, NULL),
(131, 638, 'INDOOR30006', NULL, NULL, NULL, 0, NULL, NULL, NULL, NULL),
(131, 638, 'INDOOR30007', NULL, NULL, NULL, 0, NULL, NULL, NULL, NULL),
(131, 638, 'INDOOR30008', NULL, NULL, NULL, 0, NULL, NULL, NULL, NULL),
(131, 638, 'INDOOR30009', NULL, NULL, NULL, 0, NULL, NULL, NULL, NULL),
(131, 863, 'INDOOR30001', NULL, NULL, NULL, 0, NULL, NULL, NULL, NULL),
(131, 863, 'INDOOR30002', NULL, NULL, NULL, 0, NULL, NULL, NULL, NULL),
(131, 863, 'INDOOR30003', NULL, NULL, NULL, 0, NULL, NULL, NULL, NULL),
(131, 863, 'INDOOR30004', NULL, NULL, NULL, 0, NULL, NULL, NULL, NULL),
(131, 863, 'INDOOR30005', NULL, NULL, NULL, 0, NULL, NULL, NULL, NULL),
(131, 863, 'INDOOR30006', NULL, NULL, NULL, 0, NULL, NULL, NULL, NULL),
(131, 863, 'INDOOR30007', NULL, NULL, NULL, 0, NULL, NULL, NULL, NULL),
(131, 863, 'INDOOR30008', NULL, NULL, NULL, 0, NULL, NULL, NULL, NULL),
(131, 863, 'INDOOR30009', NULL, NULL, NULL, 0, NULL, NULL, NULL, NULL),
(132, 441, 'INDOOR30001', NULL, NULL, NULL, 120, NULL, NULL, NULL, NULL),
(132, 441, 'INDOOR30002', NULL, NULL, NULL, 120, NULL, NULL, NULL, NULL),
(132, 441, 'INDOOR30003', NULL, NULL, NULL, 120, NULL, NULL, NULL, NULL),
(132, 441, 'INDOOR30004', NULL, NULL, NULL, 120, NULL, NULL, NULL, NULL),
(132, 441, 'INDOOR30005', NULL, NULL, NULL, 120, NULL, NULL, NULL, NULL),
(132, 441, 'INDOOR30006', NULL, NULL, NULL, 120, NULL, NULL, NULL, NULL),
(132, 441, 'INDOOR30007', NULL, NULL, NULL, 120, NULL, NULL, NULL, NULL),
(132, 441, 'INDOOR30008', NULL, NULL, NULL, 120, NULL, NULL, NULL, NULL),
(132, 441, 'INDOOR30009', NULL, NULL, NULL, 120, NULL, NULL, NULL, NULL),
(132, 639, 'INDOOR30001', NULL, NULL, NULL, 120, NULL, NULL, NULL, NULL),
(132, 639, 'INDOOR30002', NULL, NULL, NULL, 120, NULL, NULL, NULL, NULL),
(132, 639, 'INDOOR30003', NULL, NULL, NULL, 120, NULL, NULL, NULL, NULL),
(132, 639, 'INDOOR30004', NULL, NULL, NULL, 120, NULL, NULL, NULL, NULL),
(132, 639, 'INDOOR30005', NULL, NULL, NULL, 120, NULL, NULL, NULL, NULL),
(132, 639, 'INDOOR30006', NULL, NULL, NULL, 120, NULL, NULL, NULL, NULL),
(132, 639, 'INDOOR30007', NULL, NULL, NULL, 120, NULL, NULL, NULL, NULL),
(132, 639, 'INDOOR30008', NULL, NULL, NULL, 120, NULL, NULL, NULL, NULL),
(132, 639, 'INDOOR30009', NULL, NULL, NULL, 120, NULL, NULL, NULL, NULL),
(132, 864, 'INDOOR30001', NULL, NULL, NULL, 120, NULL, NULL, NULL, NULL),
(132, 864, 'INDOOR30002', NULL, NULL, NULL, 120, NULL, NULL, NULL, NULL),
(132, 864, 'INDOOR30003', NULL, NULL, NULL, 120, NULL, NULL, NULL, NULL),
(132, 864, 'INDOOR30004', NULL, NULL, NULL, 120, NULL, NULL, NULL, NULL),
(132, 864, 'INDOOR30005', NULL, NULL, NULL, 120, NULL, NULL, NULL, NULL),
(132, 864, 'INDOOR30006', NULL, NULL, NULL, 120, NULL, NULL, NULL, NULL),
(132, 864, 'INDOOR30007', NULL, NULL, NULL, 120, NULL, NULL, NULL, NULL),
(132, 864, 'INDOOR30008', NULL, NULL, NULL, 120, NULL, NULL, NULL, NULL),
(132, 864, 'INDOOR30009', NULL, NULL, NULL, 120, NULL, NULL, NULL, NULL),
(133, 442, 'INDOOR30001', NULL, NULL, NULL, 0, NULL, NULL, NULL, NULL),
(133, 442, 'INDOOR30002', NULL, NULL, NULL, 0, NULL, NULL, NULL, NULL),
(133, 442, 'INDOOR30003', NULL, NULL, NULL, 0, NULL, NULL, NULL, NULL),
(133, 442, 'INDOOR30004', NULL, NULL, NULL, 0, NULL, NULL, NULL, NULL),
(133, 442, 'INDOOR30005', NULL, NULL, NULL, 0, NULL, NULL, NULL, NULL),
(133, 442, 'INDOOR30006', NULL, NULL, NULL, 0, NULL, NULL, NULL, NULL),
(133, 442, 'INDOOR30007', NULL, NULL, NULL, 0, NULL, NULL, NULL, NULL),
(133, 442, 'INDOOR30008', NULL, NULL, NULL, 0, NULL, NULL, NULL, NULL),
(133, 442, 'INDOOR30009', NULL, NULL, NULL, 0, NULL, NULL, NULL, NULL),
(133, 640, 'INDOOR30001', NULL, NULL, NULL, 0, NULL, NULL, NULL, NULL),
(133, 640, 'INDOOR30002', NULL, NULL, NULL, 0, NULL, NULL, NULL, NULL),
(133, 640, 'INDOOR30003', NULL, NULL, NULL, 0, NULL, NULL, NULL, NULL),
(133, 640, 'INDOOR30004', NULL, NULL, NULL, 0, NULL, NULL, NULL, NULL),
(133, 640, 'INDOOR30005', NULL, NULL, NULL, 0, NULL, NULL, NULL, NULL),
(133, 640, 'INDOOR30006', NULL, NULL, NULL, 0, NULL, NULL, NULL, NULL),
(133, 640, 'INDOOR30007', NULL, NULL, NULL, 0, NULL, NULL, NULL, NULL),
(133, 640, 'INDOOR30008', NULL, NULL, NULL, 0, NULL, NULL, NULL, NULL),
(133, 640, 'INDOOR30009', NULL, NULL, NULL, 0, NULL, NULL, NULL, NULL),
(133, 865, 'INDOOR30001', NULL, NULL, NULL, 0, NULL, NULL, NULL, NULL),
(133, 865, 'INDOOR30002', NULL, NULL, NULL, 0, NULL, NULL, NULL, NULL),
(133, 865, 'INDOOR30003', NULL, NULL, NULL, 0, NULL, NULL, NULL, NULL),
(133, 865, 'INDOOR30004', NULL, NULL, NULL, 0, NULL, NULL, NULL, NULL),
(133, 865, 'INDOOR30005', NULL, NULL, NULL, 0, NULL, NULL, NULL, NULL),
(133, 865, 'INDOOR30006', NULL, NULL, NULL, 0, NULL, NULL, NULL, NULL),
(133, 865, 'INDOOR30007', NULL, NULL, NULL, 0, NULL, NULL, NULL, NULL),
(133, 865, 'INDOOR30008', NULL, NULL, NULL, 0, NULL, NULL, NULL, NULL),
(133, 865, 'INDOOR30009', NULL, NULL, NULL, 0, NULL, NULL, NULL, NULL),
(134, 443, 'INDOOR30001', NULL, NULL, NULL, 0, NULL, NULL, NULL, NULL),
(134, 443, 'INDOOR30002', NULL, NULL, NULL, 0, NULL, NULL, NULL, NULL),
(134, 443, 'INDOOR30003', NULL, NULL, NULL, 0, NULL, NULL, NULL, NULL),
(134, 443, 'INDOOR30004', NULL, NULL, NULL, 0, NULL, NULL, NULL, NULL),
(134, 443, 'INDOOR30005', NULL, NULL, NULL, 0, NULL, NULL, NULL, NULL),
(134, 443, 'INDOOR30006', NULL, NULL, NULL, 0, NULL, NULL, NULL, NULL),
(134, 443, 'INDOOR30007', NULL, NULL, NULL, 0, NULL, NULL, NULL, NULL),
(134, 443, 'INDOOR30008', NULL, NULL, NULL, 0, NULL, NULL, NULL, NULL),
(134, 443, 'INDOOR30009', NULL, NULL, NULL, 0, NULL, NULL, NULL, NULL),
(134, 641, 'INDOOR30001', NULL, NULL, NULL, 0, NULL, NULL, NULL, NULL),
(134, 641, 'INDOOR30002', NULL, NULL, NULL, 0, NULL, NULL, NULL, NULL),
(134, 641, 'INDOOR30003', NULL, NULL, NULL, 0, NULL, NULL, NULL, NULL),
(134, 641, 'INDOOR30004', NULL, NULL, NULL, 0, NULL, NULL, NULL, NULL),
(134, 641, 'INDOOR30005', NULL, NULL, NULL, 0, NULL, NULL, NULL, NULL),
(134, 641, 'INDOOR30006', NULL, NULL, NULL, 0, NULL, NULL, NULL, NULL),
(134, 641, 'INDOOR30007', NULL, NULL, NULL, 0, NULL, NULL, NULL, NULL),
(134, 641, 'INDOOR30008', NULL, NULL, NULL, 0, NULL, NULL, NULL, NULL),
(134, 641, 'INDOOR30009', NULL, NULL, NULL, 0, NULL, NULL, NULL, NULL),
(134, 866, 'INDOOR30001', NULL, NULL, NULL, 0, NULL, NULL, NULL, NULL);
INSERT INTO `noidungcongviec` (`ID_DOTBD`, `ID_THIETBI`, `MA_NOIDUNG`, `GHICHU`, `KIENNGHI`, `TRANGTHAI`, `ID_NHANVIEN`, `KETQUA`, `SOLIEUTHUCTE`, `KETQUAXULY`, `ANH`) VALUES
(134, 866, 'INDOOR30002', NULL, NULL, NULL, 0, NULL, NULL, NULL, NULL),
(134, 866, 'INDOOR30003', NULL, NULL, NULL, 0, NULL, NULL, NULL, NULL),
(134, 866, 'INDOOR30004', NULL, NULL, NULL, 0, NULL, NULL, NULL, NULL),
(134, 866, 'INDOOR30005', NULL, NULL, NULL, 0, NULL, NULL, NULL, NULL),
(134, 866, 'INDOOR30006', NULL, NULL, NULL, 0, NULL, NULL, NULL, NULL),
(134, 866, 'INDOOR30007', NULL, NULL, NULL, 0, NULL, NULL, NULL, NULL),
(134, 866, 'INDOOR30008', NULL, NULL, NULL, 0, NULL, NULL, NULL, NULL),
(134, 866, 'INDOOR30009', NULL, NULL, NULL, 0, NULL, NULL, NULL, NULL),
(135, 444, 'INDOOR30001', NULL, NULL, 'hoan_thanh', 75, 'dat', NULL, NULL, NULL),
(135, 444, 'INDOOR30002', NULL, NULL, 'hoan_thanh', 75, 'dat', NULL, NULL, NULL),
(135, 444, 'INDOOR30003', NULL, NULL, 'hoan_thanh', 75, 'dat', NULL, NULL, NULL),
(135, 444, 'INDOOR30004', NULL, NULL, 'hoan_thanh', 75, 'dat', NULL, NULL, NULL),
(135, 444, 'INDOOR30005', NULL, NULL, 'hoan_thanh', 75, 'dat', NULL, NULL, NULL),
(135, 444, 'INDOOR30006', NULL, NULL, 'hoan_thanh', 75, 'dat', NULL, NULL, NULL),
(135, 444, 'INDOOR30007', NULL, NULL, 'hoan_thanh', 75, 'dat', NULL, NULL, NULL),
(135, 444, 'INDOOR30008', NULL, NULL, 'hoan_thanh', 75, 'dat', NULL, NULL, NULL),
(135, 444, 'INDOOR30009', NULL, NULL, 'hoan_thanh', 75, 'dat', NULL, NULL, NULL),
(135, 642, 'INDOOR30001', NULL, NULL, 'hoan_thanh', 75, 'dat', NULL, NULL, NULL),
(135, 642, 'INDOOR30002', NULL, NULL, 'hoan_thanh', 75, 'dat', NULL, NULL, NULL),
(135, 642, 'INDOOR30003', NULL, NULL, 'hoan_thanh', 75, 'dat', NULL, NULL, NULL),
(135, 642, 'INDOOR30004', NULL, NULL, 'hoan_thanh', 75, 'dat', NULL, NULL, NULL),
(135, 642, 'INDOOR30005', NULL, NULL, 'hoan_thanh', 75, 'dat', NULL, NULL, NULL),
(135, 642, 'INDOOR30006', NULL, NULL, 'hoan_thanh', 75, 'dat', NULL, NULL, NULL),
(135, 642, 'INDOOR30007', NULL, NULL, 'hoan_thanh', 75, 'dat', NULL, NULL, NULL),
(135, 642, 'INDOOR30008', NULL, NULL, 'hoan_thanh', 75, 'dat', NULL, NULL, NULL),
(135, 642, 'INDOOR30009', NULL, NULL, 'hoan_thanh', 75, 'dat', NULL, NULL, NULL),
(135, 867, 'INDOOR30001', NULL, NULL, 'hoan_thanh', 75, 'dat', NULL, NULL, NULL),
(135, 867, 'INDOOR30002', NULL, NULL, 'hoan_thanh', 75, 'dat', NULL, NULL, NULL),
(135, 867, 'INDOOR30003', NULL, NULL, 'hoan_thanh', 75, 'dat', NULL, NULL, NULL),
(135, 867, 'INDOOR30004', NULL, NULL, 'hoan_thanh', 75, 'dat', NULL, NULL, NULL),
(135, 867, 'INDOOR30005', NULL, NULL, 'hoan_thanh', 75, 'dat', NULL, NULL, NULL),
(135, 867, 'INDOOR30006', NULL, NULL, 'hoan_thanh', 75, 'dat', NULL, NULL, NULL),
(135, 867, 'INDOOR30007', NULL, NULL, 'hoan_thanh', 75, 'dat', NULL, NULL, NULL),
(135, 867, 'INDOOR30008', NULL, NULL, 'hoan_thanh', 75, 'dat', NULL, NULL, NULL),
(135, 867, 'INDOOR30009', NULL, NULL, 'hoan_thanh', 75, 'dat', NULL, NULL, NULL),
(136, 445, 'INDOOR30001', NULL, NULL, NULL, 0, NULL, NULL, NULL, NULL),
(136, 445, 'INDOOR30002', NULL, NULL, NULL, 0, NULL, NULL, NULL, NULL),
(136, 445, 'INDOOR30003', NULL, NULL, NULL, 0, NULL, NULL, NULL, NULL),
(136, 445, 'INDOOR30004', NULL, NULL, NULL, 0, NULL, NULL, NULL, NULL),
(136, 445, 'INDOOR30005', NULL, NULL, NULL, 0, NULL, NULL, NULL, NULL),
(136, 445, 'INDOOR30006', NULL, NULL, NULL, 0, NULL, NULL, NULL, NULL),
(136, 445, 'INDOOR30007', NULL, NULL, NULL, 0, NULL, NULL, NULL, NULL),
(136, 445, 'INDOOR30008', NULL, NULL, NULL, 0, NULL, NULL, NULL, NULL),
(136, 445, 'INDOOR30009', NULL, NULL, NULL, 0, NULL, NULL, NULL, NULL),
(136, 643, 'INDOOR30001', NULL, NULL, NULL, 0, NULL, NULL, NULL, NULL),
(136, 643, 'INDOOR30002', NULL, NULL, NULL, 0, NULL, NULL, NULL, NULL),
(136, 643, 'INDOOR30003', NULL, NULL, NULL, 0, NULL, NULL, NULL, NULL),
(136, 643, 'INDOOR30004', NULL, NULL, NULL, 0, NULL, NULL, NULL, NULL),
(136, 643, 'INDOOR30005', NULL, NULL, NULL, 0, NULL, NULL, NULL, NULL),
(136, 643, 'INDOOR30006', NULL, NULL, NULL, 0, NULL, NULL, NULL, NULL),
(136, 643, 'INDOOR30007', NULL, NULL, NULL, 0, NULL, NULL, NULL, NULL),
(136, 643, 'INDOOR30008', NULL, NULL, NULL, 0, NULL, NULL, NULL, NULL),
(136, 643, 'INDOOR30009', NULL, NULL, NULL, 0, NULL, NULL, NULL, NULL),
(136, 868, 'INDOOR30001', NULL, NULL, NULL, 0, NULL, NULL, NULL, NULL),
(136, 868, 'INDOOR30002', NULL, NULL, NULL, 0, NULL, NULL, NULL, NULL),
(136, 868, 'INDOOR30003', NULL, NULL, NULL, 0, NULL, NULL, NULL, NULL),
(136, 868, 'INDOOR30004', NULL, NULL, NULL, 0, NULL, NULL, NULL, NULL),
(136, 868, 'INDOOR30005', NULL, NULL, NULL, 0, NULL, NULL, NULL, NULL),
(136, 868, 'INDOOR30006', NULL, NULL, NULL, 0, NULL, NULL, NULL, NULL),
(136, 868, 'INDOOR30007', NULL, NULL, NULL, 0, NULL, NULL, NULL, NULL),
(136, 868, 'INDOOR30008', NULL, NULL, NULL, 0, NULL, NULL, NULL, NULL),
(136, 868, 'INDOOR30009', NULL, NULL, NULL, 0, NULL, NULL, NULL, NULL),
(137, 446, 'INDOOR30001', NULL, NULL, NULL, 0, NULL, NULL, NULL, NULL),
(137, 446, 'INDOOR30002', NULL, NULL, NULL, 0, NULL, NULL, NULL, NULL),
(137, 446, 'INDOOR30003', NULL, NULL, NULL, 0, NULL, NULL, NULL, NULL),
(137, 446, 'INDOOR30004', NULL, NULL, NULL, 0, NULL, NULL, NULL, NULL),
(137, 446, 'INDOOR30005', NULL, NULL, NULL, 0, NULL, NULL, NULL, NULL),
(137, 446, 'INDOOR30006', NULL, NULL, NULL, 0, NULL, NULL, NULL, NULL),
(137, 446, 'INDOOR30007', NULL, NULL, NULL, 0, NULL, NULL, NULL, NULL),
(137, 446, 'INDOOR30008', NULL, NULL, NULL, 0, NULL, NULL, NULL, NULL),
(137, 446, 'INDOOR30009', NULL, NULL, NULL, 0, NULL, NULL, NULL, NULL),
(137, 644, 'INDOOR30001', NULL, NULL, NULL, 0, NULL, NULL, NULL, NULL),
(137, 644, 'INDOOR30002', NULL, NULL, NULL, 0, NULL, NULL, NULL, NULL),
(137, 644, 'INDOOR30003', NULL, NULL, NULL, 0, NULL, NULL, NULL, NULL),
(137, 644, 'INDOOR30004', NULL, NULL, NULL, 0, NULL, NULL, NULL, NULL),
(137, 644, 'INDOOR30005', NULL, NULL, NULL, 0, NULL, NULL, NULL, NULL),
(137, 644, 'INDOOR30006', NULL, NULL, NULL, 0, NULL, NULL, NULL, NULL),
(137, 644, 'INDOOR30007', NULL, NULL, NULL, 0, NULL, NULL, NULL, NULL),
(137, 644, 'INDOOR30008', NULL, NULL, NULL, 0, NULL, NULL, NULL, NULL),
(137, 644, 'INDOOR30009', NULL, NULL, NULL, 0, NULL, NULL, NULL, NULL),
(137, 869, 'INDOOR30001', NULL, NULL, NULL, 0, NULL, NULL, NULL, NULL),
(137, 869, 'INDOOR30002', NULL, NULL, NULL, 0, NULL, NULL, NULL, NULL),
(137, 869, 'INDOOR30003', NULL, NULL, NULL, 0, NULL, NULL, NULL, NULL),
(137, 869, 'INDOOR30004', NULL, NULL, NULL, 0, NULL, NULL, NULL, NULL),
(137, 869, 'INDOOR30005', NULL, NULL, NULL, 0, NULL, NULL, NULL, NULL),
(137, 869, 'INDOOR30006', NULL, NULL, NULL, 0, NULL, NULL, NULL, NULL),
(137, 869, 'INDOOR30007', NULL, NULL, NULL, 0, NULL, NULL, NULL, NULL),
(137, 869, 'INDOOR30008', NULL, NULL, NULL, 0, NULL, NULL, NULL, NULL),
(137, 869, 'INDOOR30009', NULL, NULL, NULL, 0, NULL, NULL, NULL, NULL),
(138, 447, 'INDOOR30001', NULL, NULL, NULL, 120, NULL, NULL, NULL, NULL),
(138, 447, 'INDOOR30002', NULL, NULL, NULL, 120, NULL, NULL, NULL, NULL),
(138, 447, 'INDOOR30003', NULL, NULL, NULL, 120, NULL, NULL, NULL, NULL),
(138, 447, 'INDOOR30004', NULL, NULL, NULL, 120, NULL, NULL, NULL, NULL),
(138, 447, 'INDOOR30005', NULL, NULL, NULL, 120, NULL, NULL, NULL, NULL),
(138, 447, 'INDOOR30006', NULL, NULL, NULL, 120, NULL, NULL, NULL, NULL),
(138, 447, 'INDOOR30007', NULL, NULL, NULL, 120, NULL, NULL, NULL, NULL),
(138, 447, 'INDOOR30008', NULL, NULL, NULL, 120, NULL, NULL, NULL, NULL),
(138, 447, 'INDOOR30009', NULL, NULL, NULL, 120, NULL, NULL, NULL, NULL),
(138, 645, 'INDOOR30001', NULL, NULL, NULL, 120, NULL, NULL, NULL, NULL),
(138, 645, 'INDOOR30002', NULL, NULL, NULL, 120, NULL, NULL, NULL, NULL),
(138, 645, 'INDOOR30003', NULL, NULL, NULL, 120, NULL, NULL, NULL, NULL),
(138, 645, 'INDOOR30004', NULL, NULL, NULL, 120, NULL, NULL, NULL, NULL),
(138, 645, 'INDOOR30005', NULL, NULL, NULL, 120, NULL, NULL, NULL, NULL),
(138, 645, 'INDOOR30006', NULL, NULL, NULL, 120, NULL, NULL, NULL, NULL),
(138, 645, 'INDOOR30007', NULL, NULL, NULL, 120, NULL, NULL, NULL, NULL),
(138, 645, 'INDOOR30008', NULL, NULL, NULL, 120, NULL, NULL, NULL, NULL),
(138, 645, 'INDOOR30009', NULL, NULL, NULL, 120, NULL, NULL, NULL, NULL),
(138, 870, 'INDOOR30001', NULL, NULL, NULL, 120, NULL, NULL, NULL, NULL),
(138, 870, 'INDOOR30002', NULL, NULL, NULL, 120, NULL, NULL, NULL, NULL),
(138, 870, 'INDOOR30003', NULL, NULL, NULL, 120, NULL, NULL, NULL, NULL),
(138, 870, 'INDOOR30004', NULL, NULL, NULL, 120, NULL, NULL, NULL, NULL),
(138, 870, 'INDOOR30005', NULL, NULL, NULL, 120, NULL, NULL, NULL, NULL),
(138, 870, 'INDOOR30006', NULL, NULL, NULL, 120, NULL, NULL, NULL, NULL),
(138, 870, 'INDOOR30007', NULL, NULL, NULL, 120, NULL, NULL, NULL, NULL),
(138, 870, 'INDOOR30008', NULL, NULL, NULL, 120, NULL, NULL, NULL, NULL),
(138, 870, 'INDOOR30009', NULL, NULL, NULL, 120, NULL, NULL, NULL, NULL),
(139, 448, 'INDOOR30001', NULL, NULL, NULL, 0, NULL, NULL, NULL, NULL),
(139, 448, 'INDOOR30002', NULL, NULL, NULL, 0, NULL, NULL, NULL, NULL),
(139, 448, 'INDOOR30003', NULL, NULL, NULL, 0, NULL, NULL, NULL, NULL),
(139, 448, 'INDOOR30004', NULL, NULL, NULL, 0, NULL, NULL, NULL, NULL),
(139, 448, 'INDOOR30005', NULL, NULL, NULL, 0, NULL, NULL, NULL, NULL),
(139, 448, 'INDOOR30006', NULL, NULL, NULL, 0, NULL, NULL, NULL, NULL),
(139, 448, 'INDOOR30007', NULL, NULL, NULL, 0, NULL, NULL, NULL, NULL),
(139, 448, 'INDOOR30008', NULL, NULL, NULL, 0, NULL, NULL, NULL, NULL),
(139, 448, 'INDOOR30009', NULL, NULL, NULL, 0, NULL, NULL, NULL, NULL),
(139, 646, 'INDOOR30001', NULL, NULL, NULL, 0, NULL, NULL, NULL, NULL),
(139, 646, 'INDOOR30002', NULL, NULL, NULL, 0, NULL, NULL, NULL, NULL),
(139, 646, 'INDOOR30003', NULL, NULL, NULL, 0, NULL, NULL, NULL, NULL),
(139, 646, 'INDOOR30004', NULL, NULL, NULL, 0, NULL, NULL, NULL, NULL),
(139, 646, 'INDOOR30005', NULL, NULL, NULL, 0, NULL, NULL, NULL, NULL),
(139, 646, 'INDOOR30006', NULL, NULL, NULL, 0, NULL, NULL, NULL, NULL),
(139, 646, 'INDOOR30007', NULL, NULL, NULL, 0, NULL, NULL, NULL, NULL),
(139, 646, 'INDOOR30008', NULL, NULL, NULL, 0, NULL, NULL, NULL, NULL),
(139, 646, 'INDOOR30009', NULL, NULL, NULL, 0, NULL, NULL, NULL, NULL),
(139, 871, 'INDOOR30001', NULL, NULL, NULL, 0, NULL, NULL, NULL, NULL),
(139, 871, 'INDOOR30002', NULL, NULL, NULL, 0, NULL, NULL, NULL, NULL),
(139, 871, 'INDOOR30003', NULL, NULL, NULL, 0, NULL, NULL, NULL, NULL),
(139, 871, 'INDOOR30004', NULL, NULL, NULL, 0, NULL, NULL, NULL, NULL),
(139, 871, 'INDOOR30005', NULL, NULL, NULL, 0, NULL, NULL, NULL, NULL),
(139, 871, 'INDOOR30006', NULL, NULL, NULL, 0, NULL, NULL, NULL, NULL),
(139, 871, 'INDOOR30007', NULL, NULL, NULL, 0, NULL, NULL, NULL, NULL),
(139, 871, 'INDOOR30008', NULL, NULL, NULL, 0, NULL, NULL, NULL, NULL),
(139, 871, 'INDOOR30009', NULL, NULL, NULL, 0, NULL, NULL, NULL, NULL),
(140, 449, 'INDOOR30001', NULL, NULL, NULL, 15, NULL, NULL, NULL, NULL),
(140, 449, 'INDOOR30002', NULL, NULL, NULL, 15, NULL, NULL, NULL, NULL),
(140, 449, 'INDOOR30003', NULL, NULL, NULL, 15, NULL, NULL, NULL, NULL),
(140, 449, 'INDOOR30004', NULL, NULL, NULL, 15, NULL, NULL, NULL, NULL),
(140, 449, 'INDOOR30005', NULL, NULL, NULL, 15, NULL, NULL, NULL, NULL),
(140, 449, 'INDOOR30006', NULL, NULL, NULL, 15, NULL, NULL, NULL, NULL),
(140, 449, 'INDOOR30007', NULL, NULL, NULL, 15, NULL, NULL, NULL, NULL),
(140, 449, 'INDOOR30008', NULL, NULL, NULL, 15, NULL, NULL, NULL, NULL),
(140, 449, 'INDOOR30009', NULL, NULL, NULL, 15, NULL, NULL, NULL, NULL),
(140, 647, 'INDOOR30001', NULL, NULL, NULL, 15, NULL, NULL, NULL, NULL),
(140, 647, 'INDOOR30002', NULL, NULL, NULL, 15, NULL, NULL, NULL, NULL),
(140, 647, 'INDOOR30003', NULL, NULL, NULL, 15, NULL, NULL, NULL, NULL),
(140, 647, 'INDOOR30004', NULL, NULL, NULL, 15, NULL, NULL, NULL, NULL),
(140, 647, 'INDOOR30005', NULL, NULL, NULL, 15, NULL, NULL, NULL, NULL),
(140, 647, 'INDOOR30006', NULL, NULL, NULL, 15, NULL, NULL, NULL, NULL),
(140, 647, 'INDOOR30007', NULL, NULL, NULL, 15, NULL, NULL, NULL, NULL),
(140, 647, 'INDOOR30008', NULL, NULL, NULL, 15, NULL, NULL, NULL, NULL),
(140, 647, 'INDOOR30009', NULL, NULL, NULL, 15, NULL, NULL, NULL, NULL),
(140, 872, 'INDOOR30001', NULL, NULL, NULL, 15, NULL, NULL, NULL, NULL),
(140, 872, 'INDOOR30002', NULL, NULL, NULL, 15, NULL, NULL, NULL, NULL),
(140, 872, 'INDOOR30003', NULL, NULL, NULL, 15, NULL, NULL, NULL, NULL),
(140, 872, 'INDOOR30004', NULL, NULL, NULL, 15, NULL, NULL, NULL, NULL),
(140, 872, 'INDOOR30005', NULL, NULL, NULL, 15, NULL, NULL, NULL, NULL),
(140, 872, 'INDOOR30006', NULL, NULL, NULL, 15, NULL, NULL, NULL, NULL),
(140, 872, 'INDOOR30007', NULL, NULL, NULL, 15, NULL, NULL, NULL, NULL),
(140, 872, 'INDOOR30008', NULL, NULL, NULL, 15, NULL, NULL, NULL, NULL),
(140, 872, 'INDOOR30009', NULL, NULL, NULL, 15, NULL, NULL, NULL, NULL),
(141, 450, 'INDOOR30001', NULL, NULL, NULL, 0, NULL, NULL, NULL, NULL),
(141, 450, 'INDOOR30002', NULL, NULL, NULL, 0, NULL, NULL, NULL, NULL),
(141, 450, 'INDOOR30003', NULL, NULL, NULL, 0, NULL, NULL, NULL, NULL),
(141, 450, 'INDOOR30004', NULL, NULL, NULL, 0, NULL, NULL, NULL, NULL),
(141, 450, 'INDOOR30005', NULL, NULL, NULL, 0, NULL, NULL, NULL, NULL),
(141, 450, 'INDOOR30006', NULL, NULL, NULL, 0, NULL, NULL, NULL, NULL),
(141, 450, 'INDOOR30007', NULL, NULL, NULL, 0, NULL, NULL, NULL, NULL),
(141, 450, 'INDOOR30008', NULL, NULL, NULL, 0, NULL, NULL, NULL, NULL),
(141, 450, 'INDOOR30009', NULL, NULL, NULL, 0, NULL, NULL, NULL, NULL),
(141, 648, 'INDOOR30001', NULL, NULL, NULL, 0, NULL, NULL, NULL, NULL),
(141, 648, 'INDOOR30002', NULL, NULL, NULL, 0, NULL, NULL, NULL, NULL),
(141, 648, 'INDOOR30003', NULL, NULL, NULL, 0, NULL, NULL, NULL, NULL),
(141, 648, 'INDOOR30004', NULL, NULL, NULL, 0, NULL, NULL, NULL, NULL),
(141, 648, 'INDOOR30005', NULL, NULL, NULL, 0, NULL, NULL, NULL, NULL),
(141, 648, 'INDOOR30006', NULL, NULL, NULL, 0, NULL, NULL, NULL, NULL),
(141, 648, 'INDOOR30007', NULL, NULL, NULL, 0, NULL, NULL, NULL, NULL),
(141, 648, 'INDOOR30008', NULL, NULL, NULL, 0, NULL, NULL, NULL, NULL),
(141, 648, 'INDOOR30009', NULL, NULL, NULL, 0, NULL, NULL, NULL, NULL),
(141, 873, 'INDOOR30001', NULL, NULL, NULL, 0, NULL, NULL, NULL, NULL),
(141, 873, 'INDOOR30002', NULL, NULL, NULL, 0, NULL, NULL, NULL, NULL),
(141, 873, 'INDOOR30003', NULL, NULL, NULL, 0, NULL, NULL, NULL, NULL),
(141, 873, 'INDOOR30004', NULL, NULL, NULL, 0, NULL, NULL, NULL, NULL),
(141, 873, 'INDOOR30005', NULL, NULL, NULL, 0, NULL, NULL, NULL, NULL),
(141, 873, 'INDOOR30006', NULL, NULL, NULL, 0, NULL, NULL, NULL, NULL),
(141, 873, 'INDOOR30007', NULL, NULL, NULL, 0, NULL, NULL, NULL, NULL),
(141, 873, 'INDOOR30008', NULL, NULL, NULL, 0, NULL, NULL, NULL, NULL),
(141, 873, 'INDOOR30009', NULL, NULL, NULL, 0, NULL, NULL, NULL, NULL),
(142, 451, 'INDOOR30001', NULL, NULL, NULL, 12701, NULL, NULL, NULL, NULL),
(142, 451, 'INDOOR30002', NULL, NULL, NULL, 12701, NULL, NULL, NULL, NULL),
(142, 451, 'INDOOR30003', NULL, NULL, NULL, 12701, NULL, NULL, NULL, NULL),
(142, 451, 'INDOOR30004', NULL, NULL, NULL, 12701, NULL, NULL, NULL, NULL),
(142, 451, 'INDOOR30005', NULL, NULL, NULL, 12701, NULL, NULL, NULL, NULL),
(142, 451, 'INDOOR30006', NULL, NULL, NULL, 12701, NULL, NULL, NULL, NULL),
(142, 451, 'INDOOR30007', NULL, NULL, NULL, 12701, NULL, NULL, NULL, NULL),
(142, 451, 'INDOOR30008', NULL, NULL, NULL, 12701, NULL, NULL, NULL, NULL),
(142, 451, 'INDOOR30009', NULL, NULL, NULL, 12701, NULL, NULL, NULL, NULL),
(142, 649, 'INDOOR30001', NULL, NULL, NULL, 12701, NULL, NULL, NULL, NULL),
(142, 649, 'INDOOR30002', NULL, NULL, NULL, 12701, NULL, NULL, NULL, NULL),
(142, 649, 'INDOOR30003', NULL, NULL, NULL, 12701, NULL, NULL, NULL, NULL),
(142, 649, 'INDOOR30004', NULL, NULL, NULL, 12701, NULL, NULL, NULL, NULL),
(142, 649, 'INDOOR30005', NULL, NULL, NULL, 12701, NULL, NULL, NULL, NULL),
(142, 649, 'INDOOR30006', NULL, NULL, NULL, 12701, NULL, NULL, NULL, NULL),
(142, 649, 'INDOOR30007', NULL, NULL, NULL, 12701, NULL, NULL, NULL, NULL),
(142, 649, 'INDOOR30008', NULL, NULL, NULL, 12701, NULL, NULL, NULL, NULL),
(142, 649, 'INDOOR30009', NULL, NULL, NULL, 12701, NULL, NULL, NULL, NULL),
(142, 874, 'INDOOR30001', NULL, NULL, NULL, 12701, NULL, NULL, NULL, NULL),
(142, 874, 'INDOOR30002', NULL, NULL, NULL, 12701, NULL, NULL, NULL, NULL),
(142, 874, 'INDOOR30003', NULL, NULL, NULL, 12701, NULL, NULL, NULL, NULL),
(142, 874, 'INDOOR30004', NULL, NULL, NULL, 12701, NULL, NULL, NULL, NULL),
(142, 874, 'INDOOR30005', NULL, NULL, NULL, 12701, NULL, NULL, NULL, NULL),
(142, 874, 'INDOOR30006', NULL, NULL, NULL, 12701, NULL, NULL, NULL, NULL),
(142, 874, 'INDOOR30007', NULL, NULL, NULL, 12701, NULL, NULL, NULL, NULL),
(142, 874, 'INDOOR30008', NULL, NULL, NULL, 12701, NULL, NULL, NULL, NULL),
(142, 874, 'INDOOR30009', NULL, NULL, NULL, 12701, NULL, NULL, NULL, NULL),
(143, 452, 'INDOOR30001', NULL, NULL, NULL, 0, NULL, NULL, NULL, NULL),
(143, 452, 'INDOOR30002', NULL, NULL, NULL, 0, NULL, NULL, NULL, NULL),
(143, 452, 'INDOOR30003', NULL, NULL, NULL, 0, NULL, NULL, NULL, NULL),
(143, 452, 'INDOOR30004', NULL, NULL, NULL, 0, NULL, NULL, NULL, NULL),
(143, 452, 'INDOOR30005', NULL, NULL, NULL, 0, NULL, NULL, NULL, NULL),
(143, 452, 'INDOOR30006', NULL, NULL, NULL, 0, NULL, NULL, NULL, NULL),
(143, 452, 'INDOOR30007', NULL, NULL, NULL, 0, NULL, NULL, NULL, NULL),
(143, 452, 'INDOOR30008', NULL, NULL, NULL, 0, NULL, NULL, NULL, NULL),
(143, 452, 'INDOOR30009', NULL, NULL, NULL, 0, NULL, NULL, NULL, NULL),
(143, 650, 'INDOOR30001', NULL, NULL, NULL, 0, NULL, NULL, NULL, NULL),
(143, 650, 'INDOOR30002', NULL, NULL, NULL, 0, NULL, NULL, NULL, NULL),
(143, 650, 'INDOOR30003', NULL, NULL, NULL, 0, NULL, NULL, NULL, NULL),
(143, 650, 'INDOOR30004', NULL, NULL, NULL, 0, NULL, NULL, NULL, NULL),
(143, 650, 'INDOOR30005', NULL, NULL, NULL, 0, NULL, NULL, NULL, NULL),
(143, 650, 'INDOOR30006', NULL, NULL, NULL, 0, NULL, NULL, NULL, NULL),
(143, 650, 'INDOOR30007', NULL, NULL, NULL, 0, NULL, NULL, NULL, NULL),
(143, 650, 'INDOOR30008', NULL, NULL, NULL, 0, NULL, NULL, NULL, NULL),
(143, 650, 'INDOOR30009', NULL, NULL, NULL, 0, NULL, NULL, NULL, NULL),
(143, 875, 'INDOOR30001', NULL, NULL, NULL, 0, NULL, NULL, NULL, NULL),
(143, 875, 'INDOOR30002', NULL, NULL, NULL, 0, NULL, NULL, NULL, NULL),
(143, 875, 'INDOOR30003', NULL, NULL, NULL, 0, NULL, NULL, NULL, NULL),
(143, 875, 'INDOOR30004', NULL, NULL, NULL, 0, NULL, NULL, NULL, NULL),
(143, 875, 'INDOOR30005', NULL, NULL, NULL, 0, NULL, NULL, NULL, NULL),
(143, 875, 'INDOOR30006', NULL, NULL, NULL, 0, NULL, NULL, NULL, NULL),
(143, 875, 'INDOOR30007', NULL, NULL, NULL, 0, NULL, NULL, NULL, NULL),
(143, 875, 'INDOOR30008', NULL, NULL, NULL, 0, NULL, NULL, NULL, NULL),
(143, 875, 'INDOOR30009', NULL, NULL, NULL, 0, NULL, NULL, NULL, NULL),
(144, 453, 'INDOOR30001', NULL, NULL, NULL, 120, NULL, NULL, NULL, NULL),
(144, 453, 'INDOOR30002', NULL, NULL, NULL, 120, NULL, NULL, NULL, NULL),
(144, 453, 'INDOOR30003', NULL, NULL, NULL, 120, NULL, NULL, NULL, NULL),
(144, 453, 'INDOOR30004', NULL, NULL, NULL, 120, NULL, NULL, NULL, NULL),
(144, 453, 'INDOOR30005', NULL, NULL, NULL, 120, NULL, NULL, NULL, NULL),
(144, 453, 'INDOOR30006', NULL, NULL, NULL, 120, NULL, NULL, NULL, NULL),
(144, 453, 'INDOOR30007', NULL, NULL, NULL, 120, NULL, NULL, NULL, NULL),
(144, 453, 'INDOOR30008', NULL, NULL, NULL, 120, NULL, NULL, NULL, NULL),
(144, 453, 'INDOOR30009', NULL, NULL, NULL, 120, NULL, NULL, NULL, NULL),
(144, 651, 'INDOOR30001', NULL, NULL, NULL, 120, NULL, NULL, NULL, NULL),
(144, 651, 'INDOOR30002', NULL, NULL, NULL, 120, NULL, NULL, NULL, NULL),
(144, 651, 'INDOOR30003', NULL, NULL, NULL, 120, NULL, NULL, NULL, NULL),
(144, 651, 'INDOOR30004', NULL, NULL, NULL, 120, NULL, NULL, NULL, NULL),
(144, 651, 'INDOOR30005', NULL, NULL, NULL, 120, NULL, NULL, NULL, NULL),
(144, 651, 'INDOOR30006', NULL, NULL, NULL, 120, NULL, NULL, NULL, NULL),
(144, 651, 'INDOOR30007', NULL, NULL, NULL, 120, NULL, NULL, NULL, NULL),
(144, 651, 'INDOOR30008', NULL, NULL, NULL, 120, NULL, NULL, NULL, NULL),
(144, 651, 'INDOOR30009', NULL, NULL, NULL, 120, NULL, NULL, NULL, NULL),
(144, 876, 'INDOOR30001', NULL, NULL, NULL, 120, NULL, NULL, NULL, NULL),
(144, 876, 'INDOOR30002', NULL, NULL, NULL, 120, NULL, NULL, NULL, NULL),
(144, 876, 'INDOOR30003', NULL, NULL, NULL, 120, NULL, NULL, NULL, NULL),
(144, 876, 'INDOOR30004', NULL, NULL, NULL, 120, NULL, NULL, NULL, NULL),
(144, 876, 'INDOOR30005', NULL, NULL, NULL, 120, NULL, NULL, NULL, NULL),
(144, 876, 'INDOOR30006', NULL, NULL, NULL, 120, NULL, NULL, NULL, NULL),
(144, 876, 'INDOOR30007', NULL, NULL, NULL, 120, NULL, NULL, NULL, NULL),
(144, 876, 'INDOOR30008', NULL, NULL, NULL, 120, NULL, NULL, NULL, NULL),
(144, 876, 'INDOOR30009', NULL, NULL, NULL, 120, NULL, NULL, NULL, NULL),
(145, 454, 'INDOOR30001', NULL, NULL, NULL, 75, NULL, NULL, NULL, NULL),
(145, 454, 'INDOOR30002', NULL, NULL, NULL, 75, NULL, NULL, NULL, NULL),
(145, 454, 'INDOOR30003', NULL, NULL, NULL, 75, NULL, NULL, NULL, NULL),
(145, 454, 'INDOOR30004', NULL, NULL, NULL, 75, NULL, NULL, NULL, NULL),
(145, 454, 'INDOOR30005', NULL, NULL, NULL, 75, NULL, NULL, NULL, NULL),
(145, 454, 'INDOOR30006', NULL, NULL, NULL, 75, NULL, NULL, NULL, NULL),
(145, 454, 'INDOOR30007', NULL, NULL, NULL, 75, NULL, NULL, NULL, NULL),
(145, 454, 'INDOOR30008', NULL, NULL, NULL, 75, NULL, NULL, NULL, NULL),
(145, 454, 'INDOOR30009', NULL, NULL, NULL, 75, NULL, NULL, NULL, NULL),
(145, 652, 'INDOOR30001', NULL, NULL, NULL, 75, NULL, NULL, NULL, NULL),
(145, 652, 'INDOOR30002', NULL, NULL, NULL, 75, NULL, NULL, NULL, NULL),
(145, 652, 'INDOOR30003', NULL, NULL, NULL, 75, NULL, NULL, NULL, NULL),
(145, 652, 'INDOOR30004', NULL, NULL, NULL, 75, NULL, NULL, NULL, NULL),
(145, 652, 'INDOOR30005', NULL, NULL, NULL, 75, NULL, NULL, NULL, NULL),
(145, 652, 'INDOOR30006', NULL, NULL, NULL, 75, NULL, NULL, NULL, NULL),
(145, 652, 'INDOOR30007', NULL, NULL, NULL, 75, NULL, NULL, NULL, NULL),
(145, 652, 'INDOOR30008', NULL, NULL, NULL, 75, NULL, NULL, NULL, NULL),
(145, 652, 'INDOOR30009', NULL, NULL, NULL, 75, NULL, NULL, NULL, NULL),
(145, 877, 'INDOOR30001', NULL, NULL, NULL, 75, NULL, NULL, NULL, NULL),
(145, 877, 'INDOOR30002', NULL, NULL, NULL, 75, NULL, NULL, NULL, NULL),
(145, 877, 'INDOOR30003', NULL, NULL, NULL, 75, NULL, NULL, NULL, NULL),
(145, 877, 'INDOOR30004', NULL, NULL, NULL, 75, NULL, NULL, NULL, NULL),
(145, 877, 'INDOOR30005', NULL, NULL, NULL, 75, NULL, NULL, NULL, NULL),
(145, 877, 'INDOOR30006', NULL, NULL, NULL, 75, NULL, NULL, NULL, NULL),
(145, 877, 'INDOOR30007', NULL, NULL, NULL, 75, NULL, NULL, NULL, NULL),
(145, 877, 'INDOOR30008', NULL, NULL, NULL, 75, NULL, NULL, NULL, NULL),
(145, 877, 'INDOOR30009', NULL, NULL, NULL, 75, NULL, NULL, NULL, NULL),
(146, 455, 'INDOOR30001', NULL, NULL, NULL, 0, NULL, NULL, NULL, NULL),
(146, 455, 'INDOOR30002', NULL, NULL, NULL, 0, NULL, NULL, NULL, NULL),
(146, 455, 'INDOOR30003', NULL, NULL, NULL, 0, NULL, NULL, NULL, NULL),
(146, 455, 'INDOOR30004', NULL, NULL, NULL, 0, NULL, NULL, NULL, NULL),
(146, 455, 'INDOOR30005', NULL, NULL, NULL, 0, NULL, NULL, NULL, NULL),
(146, 455, 'INDOOR30006', NULL, NULL, NULL, 0, NULL, NULL, NULL, NULL),
(146, 455, 'INDOOR30007', NULL, NULL, NULL, 0, NULL, NULL, NULL, NULL),
(146, 455, 'INDOOR30008', NULL, NULL, NULL, 0, NULL, NULL, NULL, NULL),
(146, 455, 'INDOOR30009', NULL, NULL, NULL, 0, NULL, NULL, NULL, NULL),
(146, 653, 'INDOOR30001', NULL, NULL, NULL, 0, NULL, NULL, NULL, NULL),
(146, 653, 'INDOOR30002', NULL, NULL, NULL, 0, NULL, NULL, NULL, NULL),
(146, 653, 'INDOOR30003', NULL, NULL, NULL, 0, NULL, NULL, NULL, NULL),
(146, 653, 'INDOOR30004', NULL, NULL, NULL, 0, NULL, NULL, NULL, NULL),
(146, 653, 'INDOOR30005', NULL, NULL, NULL, 0, NULL, NULL, NULL, NULL),
(146, 653, 'INDOOR30006', NULL, NULL, NULL, 0, NULL, NULL, NULL, NULL),
(146, 653, 'INDOOR30007', NULL, NULL, NULL, 0, NULL, NULL, NULL, NULL),
(146, 653, 'INDOOR30008', NULL, NULL, NULL, 0, NULL, NULL, NULL, NULL),
(146, 653, 'INDOOR30009', NULL, NULL, NULL, 0, NULL, NULL, NULL, NULL),
(146, 878, 'INDOOR30001', NULL, NULL, NULL, 0, NULL, NULL, NULL, NULL),
(146, 878, 'INDOOR30002', NULL, NULL, NULL, 0, NULL, NULL, NULL, NULL),
(146, 878, 'INDOOR30003', NULL, NULL, NULL, 0, NULL, NULL, NULL, NULL),
(146, 878, 'INDOOR30004', NULL, NULL, NULL, 0, NULL, NULL, NULL, NULL),
(146, 878, 'INDOOR30005', NULL, NULL, NULL, 0, NULL, NULL, NULL, NULL),
(146, 878, 'INDOOR30006', NULL, NULL, NULL, 0, NULL, NULL, NULL, NULL),
(146, 878, 'INDOOR30007', NULL, NULL, NULL, 0, NULL, NULL, NULL, NULL),
(146, 878, 'INDOOR30008', NULL, NULL, NULL, 0, NULL, NULL, NULL, NULL),
(146, 878, 'INDOOR30009', NULL, NULL, NULL, 0, NULL, NULL, NULL, NULL),
(147, 456, 'INDOOR30001', NULL, NULL, NULL, 0, NULL, NULL, NULL, NULL),
(147, 456, 'INDOOR30002', NULL, NULL, NULL, 0, NULL, NULL, NULL, NULL),
(147, 456, 'INDOOR30003', NULL, NULL, NULL, 0, NULL, NULL, NULL, NULL),
(147, 456, 'INDOOR30004', NULL, NULL, NULL, 0, NULL, NULL, NULL, NULL),
(147, 456, 'INDOOR30005', NULL, NULL, NULL, 0, NULL, NULL, NULL, NULL),
(147, 456, 'INDOOR30006', NULL, NULL, NULL, 0, NULL, NULL, NULL, NULL),
(147, 456, 'INDOOR30007', NULL, NULL, NULL, 0, NULL, NULL, NULL, NULL),
(147, 456, 'INDOOR30008', NULL, NULL, NULL, 0, NULL, NULL, NULL, NULL),
(147, 456, 'INDOOR30009', NULL, NULL, NULL, 0, NULL, NULL, NULL, NULL),
(147, 654, 'INDOOR30001', NULL, NULL, NULL, 0, NULL, NULL, NULL, NULL),
(147, 654, 'INDOOR30002', NULL, NULL, NULL, 0, NULL, NULL, NULL, NULL),
(147, 654, 'INDOOR30003', NULL, NULL, NULL, 0, NULL, NULL, NULL, NULL),
(147, 654, 'INDOOR30004', NULL, NULL, NULL, 0, NULL, NULL, NULL, NULL),
(147, 654, 'INDOOR30005', NULL, NULL, NULL, 0, NULL, NULL, NULL, NULL),
(147, 654, 'INDOOR30006', NULL, NULL, NULL, 0, NULL, NULL, NULL, NULL),
(147, 654, 'INDOOR30007', NULL, NULL, NULL, 0, NULL, NULL, NULL, NULL),
(147, 654, 'INDOOR30008', NULL, NULL, NULL, 0, NULL, NULL, NULL, NULL),
(147, 654, 'INDOOR30009', NULL, NULL, NULL, 0, NULL, NULL, NULL, NULL),
(147, 879, 'INDOOR30001', NULL, NULL, NULL, 0, NULL, NULL, NULL, NULL),
(147, 879, 'INDOOR30002', NULL, NULL, NULL, 0, NULL, NULL, NULL, NULL),
(147, 879, 'INDOOR30003', NULL, NULL, NULL, 0, NULL, NULL, NULL, NULL),
(147, 879, 'INDOOR30004', NULL, NULL, NULL, 0, NULL, NULL, NULL, NULL),
(147, 879, 'INDOOR30005', NULL, NULL, NULL, 0, NULL, NULL, NULL, NULL),
(147, 879, 'INDOOR30006', NULL, NULL, NULL, 0, NULL, NULL, NULL, NULL),
(147, 879, 'INDOOR30007', NULL, NULL, NULL, 0, NULL, NULL, NULL, NULL),
(147, 879, 'INDOOR30008', NULL, NULL, NULL, 0, NULL, NULL, NULL, NULL),
(147, 879, 'INDOOR30009', NULL, NULL, NULL, 0, NULL, NULL, NULL, NULL),
(148, 457, 'INDOOR30001', NULL, NULL, NULL, 120, NULL, NULL, NULL, NULL),
(148, 457, 'INDOOR30002', NULL, NULL, NULL, 120, NULL, NULL, NULL, NULL),
(148, 457, 'INDOOR30003', NULL, NULL, NULL, 120, NULL, NULL, NULL, NULL),
(148, 457, 'INDOOR30004', NULL, NULL, NULL, 120, NULL, NULL, NULL, NULL),
(148, 457, 'INDOOR30005', NULL, NULL, NULL, 120, NULL, NULL, NULL, NULL),
(148, 457, 'INDOOR30006', NULL, NULL, NULL, 120, NULL, NULL, NULL, NULL),
(148, 457, 'INDOOR30007', NULL, NULL, NULL, 120, NULL, NULL, NULL, NULL),
(148, 457, 'INDOOR30008', NULL, NULL, NULL, 120, NULL, NULL, NULL, NULL),
(148, 457, 'INDOOR30009', NULL, NULL, NULL, 120, NULL, NULL, NULL, NULL),
(148, 655, 'INDOOR30001', NULL, NULL, NULL, 120, NULL, NULL, NULL, NULL),
(148, 655, 'INDOOR30002', NULL, NULL, NULL, 120, NULL, NULL, NULL, NULL),
(148, 655, 'INDOOR30003', NULL, NULL, NULL, 120, NULL, NULL, NULL, NULL),
(148, 655, 'INDOOR30004', NULL, NULL, NULL, 120, NULL, NULL, NULL, NULL),
(148, 655, 'INDOOR30005', NULL, NULL, NULL, 120, NULL, NULL, NULL, NULL),
(148, 655, 'INDOOR30006', NULL, NULL, NULL, 120, NULL, NULL, NULL, NULL),
(148, 655, 'INDOOR30007', NULL, NULL, NULL, 120, NULL, NULL, NULL, NULL),
(148, 655, 'INDOOR30008', NULL, NULL, NULL, 120, NULL, NULL, NULL, NULL),
(148, 655, 'INDOOR30009', NULL, NULL, NULL, 120, NULL, NULL, NULL, NULL),
(148, 880, 'INDOOR30001', NULL, NULL, NULL, 120, NULL, NULL, NULL, NULL),
(148, 880, 'INDOOR30002', NULL, NULL, NULL, 120, NULL, NULL, NULL, NULL),
(148, 880, 'INDOOR30003', NULL, NULL, NULL, 120, NULL, NULL, NULL, NULL),
(148, 880, 'INDOOR30004', NULL, NULL, NULL, 120, NULL, NULL, NULL, NULL),
(148, 880, 'INDOOR30005', NULL, NULL, NULL, 120, NULL, NULL, NULL, NULL),
(148, 880, 'INDOOR30006', NULL, NULL, NULL, 120, NULL, NULL, NULL, NULL),
(148, 880, 'INDOOR30007', NULL, NULL, NULL, 120, NULL, NULL, NULL, NULL),
(148, 880, 'INDOOR30008', NULL, NULL, NULL, 120, NULL, NULL, NULL, NULL),
(148, 880, 'INDOOR30009', NULL, NULL, NULL, 120, NULL, NULL, NULL, NULL),
(149, 458, 'INDOOR30001', NULL, NULL, NULL, 0, NULL, NULL, NULL, NULL),
(149, 458, 'INDOOR30002', NULL, NULL, NULL, 0, NULL, NULL, NULL, NULL),
(149, 458, 'INDOOR30003', NULL, NULL, NULL, 0, NULL, NULL, NULL, NULL),
(149, 458, 'INDOOR30004', NULL, NULL, NULL, 0, NULL, NULL, NULL, NULL),
(149, 458, 'INDOOR30005', NULL, NULL, NULL, 0, NULL, NULL, NULL, NULL),
(149, 458, 'INDOOR30006', NULL, NULL, NULL, 0, NULL, NULL, NULL, NULL),
(149, 458, 'INDOOR30007', NULL, NULL, NULL, 0, NULL, NULL, NULL, NULL),
(149, 458, 'INDOOR30008', NULL, NULL, NULL, 0, NULL, NULL, NULL, NULL),
(149, 458, 'INDOOR30009', NULL, NULL, NULL, 0, NULL, NULL, NULL, NULL),
(149, 656, 'INDOOR30001', NULL, NULL, NULL, 0, NULL, NULL, NULL, NULL),
(149, 656, 'INDOOR30002', NULL, NULL, NULL, 0, NULL, NULL, NULL, NULL),
(149, 656, 'INDOOR30003', NULL, NULL, NULL, 0, NULL, NULL, NULL, NULL),
(149, 656, 'INDOOR30004', NULL, NULL, NULL, 0, NULL, NULL, NULL, NULL),
(149, 656, 'INDOOR30005', NULL, NULL, NULL, 0, NULL, NULL, NULL, NULL),
(149, 656, 'INDOOR30006', NULL, NULL, NULL, 0, NULL, NULL, NULL, NULL),
(149, 656, 'INDOOR30007', NULL, NULL, NULL, 0, NULL, NULL, NULL, NULL),
(149, 656, 'INDOOR30008', NULL, NULL, NULL, 0, NULL, NULL, NULL, NULL),
(149, 656, 'INDOOR30009', NULL, NULL, NULL, 0, NULL, NULL, NULL, NULL),
(149, 881, 'INDOOR30001', NULL, NULL, NULL, 0, NULL, NULL, NULL, NULL),
(149, 881, 'INDOOR30002', NULL, NULL, NULL, 0, NULL, NULL, NULL, NULL),
(149, 881, 'INDOOR30003', NULL, NULL, NULL, 0, NULL, NULL, NULL, NULL),
(149, 881, 'INDOOR30004', NULL, NULL, NULL, 0, NULL, NULL, NULL, NULL),
(149, 881, 'INDOOR30005', NULL, NULL, NULL, 0, NULL, NULL, NULL, NULL),
(149, 881, 'INDOOR30006', NULL, NULL, NULL, 0, NULL, NULL, NULL, NULL),
(149, 881, 'INDOOR30007', NULL, NULL, NULL, 0, NULL, NULL, NULL, NULL),
(149, 881, 'INDOOR30008', NULL, NULL, NULL, 0, NULL, NULL, NULL, NULL),
(149, 881, 'INDOOR30009', NULL, NULL, NULL, 0, NULL, NULL, NULL, NULL),
(150, 459, 'INDOOR30001', NULL, NULL, 'hoan_thanh', 15, 'dat', NULL, NULL, NULL),
(150, 459, 'INDOOR30002', NULL, NULL, 'hoan_thanh', 15, 'dat', NULL, NULL, NULL),
(150, 459, 'INDOOR30003', NULL, NULL, 'hoan_thanh', 15, 'dat', NULL, NULL, NULL),
(150, 459, 'INDOOR30004', NULL, NULL, 'hoan_thanh', 15, 'dat', NULL, NULL, NULL),
(150, 459, 'INDOOR30005', NULL, NULL, 'hoan_thanh', 15, 'dat', NULL, NULL, NULL),
(150, 459, 'INDOOR30006', NULL, NULL, 'hoan_thanh', 15, 'dat', NULL, NULL, NULL),
(150, 459, 'INDOOR30007', NULL, NULL, 'hoan_thanh', 15, 'dat', NULL, NULL, NULL),
(150, 459, 'INDOOR30008', NULL, NULL, 'hoan_thanh', 15, 'dat', NULL, NULL, NULL),
(150, 459, 'INDOOR30009', NULL, NULL, 'hoan_thanh', 15, 'dat', NULL, NULL, NULL),
(150, 657, 'INDOOR30001', NULL, NULL, 'hoan_thanh', 15, 'dat', NULL, NULL, NULL),
(150, 657, 'INDOOR30002', NULL, NULL, 'hoan_thanh', 15, 'dat', NULL, NULL, NULL),
(150, 657, 'INDOOR30003', NULL, NULL, 'hoan_thanh', 15, 'dat', NULL, NULL, NULL),
(150, 657, 'INDOOR30004', NULL, NULL, 'hoan_thanh', 15, 'dat', NULL, NULL, NULL),
(150, 657, 'INDOOR30005', NULL, NULL, 'hoan_thanh', 15, 'dat', NULL, NULL, NULL),
(150, 657, 'INDOOR30006', NULL, NULL, 'hoan_thanh', 15, 'dat', NULL, NULL, NULL),
(150, 657, 'INDOOR30007', NULL, NULL, 'hoan_thanh', 15, 'dat', NULL, NULL, NULL),
(150, 657, 'INDOOR30008', NULL, NULL, 'hoan_thanh', 15, 'dat', NULL, NULL, NULL),
(150, 657, 'INDOOR30009', NULL, NULL, 'hoan_thanh', 15, 'dat', NULL, NULL, NULL),
(150, 882, 'INDOOR30001', NULL, NULL, 'hoan_thanh', 15, 'dat', NULL, NULL, NULL),
(150, 882, 'INDOOR30002', NULL, NULL, 'hoan_thanh', 15, 'dat', NULL, NULL, NULL),
(150, 882, 'INDOOR30003', NULL, NULL, 'hoan_thanh', 15, 'dat', NULL, NULL, NULL),
(150, 882, 'INDOOR30004', NULL, NULL, 'hoan_thanh', 15, 'dat', NULL, NULL, NULL),
(150, 882, 'INDOOR30005', NULL, NULL, 'hoan_thanh', 15, 'dat', NULL, NULL, NULL),
(150, 882, 'INDOOR30006', NULL, NULL, 'hoan_thanh', 15, 'dat', NULL, NULL, NULL),
(150, 882, 'INDOOR30007', NULL, NULL, 'hoan_thanh', 15, 'dat', NULL, NULL, NULL),
(150, 882, 'INDOOR30008', NULL, NULL, 'hoan_thanh', 15, 'dat', NULL, NULL, NULL),
(150, 882, 'INDOOR30009', NULL, NULL, 'hoan_thanh', 15, 'dat', NULL, NULL, NULL),
(151, 460, 'INDOOR30001', NULL, NULL, NULL, 0, NULL, NULL, NULL, NULL),
(151, 460, 'INDOOR30002', NULL, NULL, NULL, 0, NULL, NULL, NULL, NULL),
(151, 460, 'INDOOR30003', NULL, NULL, NULL, 0, NULL, NULL, NULL, NULL),
(151, 460, 'INDOOR30004', NULL, NULL, NULL, 0, NULL, NULL, NULL, NULL),
(151, 460, 'INDOOR30005', NULL, NULL, NULL, 0, NULL, NULL, NULL, NULL),
(151, 460, 'INDOOR30006', NULL, NULL, NULL, 0, NULL, NULL, NULL, NULL),
(151, 460, 'INDOOR30007', NULL, NULL, NULL, 0, NULL, NULL, NULL, NULL),
(151, 460, 'INDOOR30008', NULL, NULL, NULL, 0, NULL, NULL, NULL, NULL),
(151, 460, 'INDOOR30009', NULL, NULL, NULL, 0, NULL, NULL, NULL, NULL),
(151, 658, 'INDOOR30001', NULL, NULL, NULL, 0, NULL, NULL, NULL, NULL),
(151, 658, 'INDOOR30002', NULL, NULL, NULL, 0, NULL, NULL, NULL, NULL),
(151, 658, 'INDOOR30003', NULL, NULL, NULL, 0, NULL, NULL, NULL, NULL),
(151, 658, 'INDOOR30004', NULL, NULL, NULL, 0, NULL, NULL, NULL, NULL),
(151, 658, 'INDOOR30005', NULL, NULL, NULL, 0, NULL, NULL, NULL, NULL),
(151, 658, 'INDOOR30006', NULL, NULL, NULL, 0, NULL, NULL, NULL, NULL),
(151, 658, 'INDOOR30007', NULL, NULL, NULL, 0, NULL, NULL, NULL, NULL),
(151, 658, 'INDOOR30008', NULL, NULL, NULL, 0, NULL, NULL, NULL, NULL),
(151, 658, 'INDOOR30009', NULL, NULL, NULL, 0, NULL, NULL, NULL, NULL),
(151, 883, 'INDOOR30001', NULL, NULL, NULL, 0, NULL, NULL, NULL, NULL),
(151, 883, 'INDOOR30002', NULL, NULL, NULL, 0, NULL, NULL, NULL, NULL),
(151, 883, 'INDOOR30003', NULL, NULL, NULL, 0, NULL, NULL, NULL, NULL),
(151, 883, 'INDOOR30004', NULL, NULL, NULL, 0, NULL, NULL, NULL, NULL),
(151, 883, 'INDOOR30005', NULL, NULL, NULL, 0, NULL, NULL, NULL, NULL),
(151, 883, 'INDOOR30006', NULL, NULL, NULL, 0, NULL, NULL, NULL, NULL),
(151, 883, 'INDOOR30007', NULL, NULL, NULL, 0, NULL, NULL, NULL, NULL),
(151, 883, 'INDOOR30008', NULL, NULL, NULL, 0, NULL, NULL, NULL, NULL),
(151, 883, 'INDOOR30009', NULL, NULL, NULL, 0, NULL, NULL, NULL, NULL),
(152, 461, 'INDOOR30001', NULL, 'kk', 'cho_xac_nhan', 12701, 'dat', NULL, NULL, NULL),
(152, 461, 'INDOOR30002', NULL, NULL, NULL, 12701, NULL, NULL, NULL, NULL),
(152, 461, 'INDOOR30003', NULL, NULL, NULL, 12701, NULL, NULL, NULL, NULL),
(152, 461, 'INDOOR30004', NULL, NULL, NULL, 12701, NULL, NULL, NULL, NULL),
(152, 461, 'INDOOR30005', NULL, NULL, NULL, 12701, NULL, NULL, NULL, NULL),
(152, 461, 'INDOOR30006', NULL, NULL, NULL, 12701, NULL, NULL, NULL, NULL),
(152, 461, 'INDOOR30007', NULL, '', 'cho_xac_nhan', 12701, 'dat', NULL, NULL, NULL),
(152, 461, 'INDOOR30008', NULL, '', 'cho_xac_nhan', 12701, 'dat', NULL, NULL, NULL),
(152, 461, 'INDOOR30009', NULL, NULL, NULL, 12701, NULL, NULL, NULL, NULL),
(152, 659, 'INDOOR30001', NULL, NULL, NULL, 12701, NULL, NULL, NULL, NULL),
(152, 659, 'INDOOR30002', NULL, NULL, NULL, 12701, NULL, NULL, NULL, NULL),
(152, 659, 'INDOOR30003', NULL, NULL, NULL, 12701, NULL, NULL, NULL, NULL),
(152, 659, 'INDOOR30004', NULL, NULL, NULL, 12701, NULL, NULL, NULL, NULL),
(152, 659, 'INDOOR30005', NULL, NULL, NULL, 12701, NULL, NULL, NULL, NULL),
(152, 659, 'INDOOR30006', NULL, NULL, NULL, 12701, NULL, NULL, NULL, NULL),
(152, 659, 'INDOOR30007', NULL, NULL, NULL, 12701, NULL, NULL, NULL, NULL),
(152, 659, 'INDOOR30008', NULL, NULL, NULL, 12701, NULL, NULL, NULL, NULL),
(152, 659, 'INDOOR30009', NULL, NULL, NULL, 12701, NULL, NULL, NULL, NULL),
(152, 884, 'INDOOR30001', NULL, NULL, NULL, 12701, NULL, NULL, NULL, NULL),
(152, 884, 'INDOOR30002', NULL, NULL, NULL, 12701, NULL, NULL, NULL, NULL),
(152, 884, 'INDOOR30003', NULL, NULL, NULL, 12701, NULL, NULL, NULL, NULL),
(152, 884, 'INDOOR30004', NULL, NULL, NULL, 12701, NULL, NULL, NULL, NULL),
(152, 884, 'INDOOR30005', NULL, NULL, NULL, 12701, NULL, NULL, NULL, NULL),
(152, 884, 'INDOOR30006', NULL, NULL, NULL, 12701, NULL, NULL, NULL, NULL),
(152, 884, 'INDOOR30007', NULL, NULL, NULL, 12701, NULL, NULL, NULL, NULL),
(152, 884, 'INDOOR30008', NULL, NULL, NULL, 12701, NULL, NULL, NULL, NULL),
(152, 884, 'INDOOR30009', NULL, NULL, NULL, 12701, NULL, NULL, NULL, NULL),
(153, 462, 'INDOOR30001', NULL, NULL, NULL, 0, NULL, NULL, NULL, NULL),
(153, 462, 'INDOOR30002', NULL, NULL, NULL, 0, NULL, NULL, NULL, NULL),
(153, 462, 'INDOOR30003', NULL, NULL, NULL, 0, NULL, NULL, NULL, NULL),
(153, 462, 'INDOOR30004', NULL, NULL, NULL, 0, NULL, NULL, NULL, NULL),
(153, 462, 'INDOOR30005', NULL, NULL, NULL, 0, NULL, NULL, NULL, NULL),
(153, 462, 'INDOOR30006', NULL, NULL, NULL, 0, NULL, NULL, NULL, NULL),
(153, 462, 'INDOOR30007', NULL, NULL, NULL, 0, NULL, NULL, NULL, NULL),
(153, 462, 'INDOOR30008', NULL, NULL, NULL, 0, NULL, NULL, NULL, NULL),
(153, 462, 'INDOOR30009', NULL, NULL, NULL, 0, NULL, NULL, NULL, NULL),
(153, 660, 'INDOOR30001', NULL, NULL, NULL, 0, NULL, NULL, NULL, NULL),
(153, 660, 'INDOOR30002', NULL, NULL, NULL, 0, NULL, NULL, NULL, NULL),
(153, 660, 'INDOOR30003', NULL, NULL, NULL, 0, NULL, NULL, NULL, NULL),
(153, 660, 'INDOOR30004', NULL, NULL, NULL, 0, NULL, NULL, NULL, NULL),
(153, 660, 'INDOOR30005', NULL, NULL, NULL, 0, NULL, NULL, NULL, NULL),
(153, 660, 'INDOOR30006', NULL, NULL, NULL, 0, NULL, NULL, NULL, NULL),
(153, 660, 'INDOOR30007', NULL, NULL, NULL, 0, NULL, NULL, NULL, NULL),
(153, 660, 'INDOOR30008', NULL, NULL, NULL, 0, NULL, NULL, NULL, NULL),
(153, 660, 'INDOOR30009', NULL, NULL, NULL, 0, NULL, NULL, NULL, NULL),
(153, 885, 'INDOOR30001', NULL, NULL, NULL, 0, NULL, NULL, NULL, NULL),
(153, 885, 'INDOOR30002', NULL, NULL, NULL, 0, NULL, NULL, NULL, NULL),
(153, 885, 'INDOOR30003', NULL, NULL, NULL, 0, NULL, NULL, NULL, NULL),
(153, 885, 'INDOOR30004', NULL, NULL, NULL, 0, NULL, NULL, NULL, NULL),
(153, 885, 'INDOOR30005', NULL, NULL, NULL, 0, NULL, NULL, NULL, NULL),
(153, 885, 'INDOOR30006', NULL, NULL, NULL, 0, NULL, NULL, NULL, NULL),
(153, 885, 'INDOOR30007', NULL, NULL, NULL, 0, NULL, NULL, NULL, NULL),
(153, 885, 'INDOOR30008', NULL, NULL, NULL, 0, NULL, NULL, NULL, NULL),
(153, 885, 'INDOOR30009', NULL, NULL, NULL, 0, NULL, NULL, NULL, NULL),
(154, 463, 'INDOOR30001', NULL, NULL, NULL, 120, NULL, NULL, NULL, NULL),
(154, 463, 'INDOOR30002', NULL, NULL, NULL, 120, NULL, NULL, NULL, NULL),
(154, 463, 'INDOOR30003', NULL, NULL, NULL, 120, NULL, NULL, NULL, NULL),
(154, 463, 'INDOOR30004', NULL, NULL, NULL, 120, NULL, NULL, NULL, NULL),
(154, 463, 'INDOOR30005', NULL, NULL, NULL, 120, NULL, NULL, NULL, NULL),
(154, 463, 'INDOOR30006', NULL, NULL, NULL, 120, NULL, NULL, NULL, NULL),
(154, 463, 'INDOOR30007', NULL, NULL, NULL, 120, NULL, NULL, NULL, NULL),
(154, 463, 'INDOOR30008', NULL, NULL, NULL, 120, NULL, NULL, NULL, NULL),
(154, 463, 'INDOOR30009', NULL, NULL, NULL, 120, NULL, NULL, NULL, NULL),
(154, 661, 'INDOOR30001', NULL, NULL, NULL, 120, NULL, NULL, NULL, NULL),
(154, 661, 'INDOOR30002', NULL, NULL, NULL, 120, NULL, NULL, NULL, NULL),
(154, 661, 'INDOOR30003', NULL, NULL, NULL, 120, NULL, NULL, NULL, NULL),
(154, 661, 'INDOOR30004', NULL, NULL, NULL, 120, NULL, NULL, NULL, NULL),
(154, 661, 'INDOOR30005', NULL, NULL, NULL, 120, NULL, NULL, NULL, NULL),
(154, 661, 'INDOOR30006', NULL, NULL, NULL, 120, NULL, NULL, NULL, NULL),
(154, 661, 'INDOOR30007', NULL, NULL, NULL, 120, NULL, NULL, NULL, NULL),
(154, 661, 'INDOOR30008', NULL, NULL, NULL, 120, NULL, NULL, NULL, NULL),
(154, 661, 'INDOOR30009', NULL, NULL, NULL, 120, NULL, NULL, NULL, NULL),
(154, 886, 'INDOOR30001', NULL, NULL, NULL, 120, NULL, NULL, NULL, NULL),
(154, 886, 'INDOOR30002', NULL, NULL, NULL, 120, NULL, NULL, NULL, NULL),
(154, 886, 'INDOOR30003', NULL, NULL, NULL, 120, NULL, NULL, NULL, NULL),
(154, 886, 'INDOOR30004', NULL, NULL, NULL, 120, NULL, NULL, NULL, NULL),
(154, 886, 'INDOOR30005', NULL, NULL, NULL, 120, NULL, NULL, NULL, NULL),
(154, 886, 'INDOOR30006', NULL, NULL, NULL, 120, NULL, NULL, NULL, NULL),
(154, 886, 'INDOOR30007', NULL, NULL, NULL, 120, NULL, NULL, NULL, NULL),
(154, 886, 'INDOOR30008', NULL, NULL, NULL, 120, NULL, NULL, NULL, NULL),
(154, 886, 'INDOOR30009', NULL, NULL, NULL, 120, NULL, NULL, NULL, NULL),
(155, 464, 'INDOOR30001', NULL, NULL, NULL, 0, NULL, NULL, NULL, NULL),
(155, 464, 'INDOOR30002', NULL, NULL, NULL, 0, NULL, NULL, NULL, NULL),
(155, 464, 'INDOOR30003', NULL, NULL, NULL, 0, NULL, NULL, NULL, NULL),
(155, 464, 'INDOOR30004', NULL, NULL, NULL, 0, NULL, NULL, NULL, NULL),
(155, 464, 'INDOOR30005', NULL, NULL, NULL, 0, NULL, NULL, NULL, NULL),
(155, 464, 'INDOOR30006', NULL, NULL, NULL, 0, NULL, NULL, NULL, NULL),
(155, 464, 'INDOOR30007', NULL, NULL, NULL, 0, NULL, NULL, NULL, NULL),
(155, 464, 'INDOOR30008', NULL, NULL, NULL, 0, NULL, NULL, NULL, NULL),
(155, 464, 'INDOOR30009', NULL, NULL, NULL, 0, NULL, NULL, NULL, NULL),
(155, 662, 'INDOOR30001', NULL, NULL, NULL, 0, NULL, NULL, NULL, NULL),
(155, 662, 'INDOOR30002', NULL, NULL, NULL, 0, NULL, NULL, NULL, NULL),
(155, 662, 'INDOOR30003', NULL, NULL, NULL, 0, NULL, NULL, NULL, NULL),
(155, 662, 'INDOOR30004', NULL, NULL, NULL, 0, NULL, NULL, NULL, NULL),
(155, 662, 'INDOOR30005', NULL, NULL, NULL, 0, NULL, NULL, NULL, NULL),
(155, 662, 'INDOOR30006', NULL, NULL, NULL, 0, NULL, NULL, NULL, NULL),
(155, 662, 'INDOOR30007', NULL, NULL, NULL, 0, NULL, NULL, NULL, NULL),
(155, 662, 'INDOOR30008', NULL, NULL, NULL, 0, NULL, NULL, NULL, NULL),
(155, 662, 'INDOOR30009', NULL, NULL, NULL, 0, NULL, NULL, NULL, NULL),
(155, 887, 'INDOOR30001', NULL, NULL, NULL, 0, NULL, NULL, NULL, NULL),
(155, 887, 'INDOOR30002', NULL, NULL, NULL, 0, NULL, NULL, NULL, NULL),
(155, 887, 'INDOOR30003', NULL, NULL, NULL, 0, NULL, NULL, NULL, NULL),
(155, 887, 'INDOOR30004', NULL, NULL, NULL, 0, NULL, NULL, NULL, NULL),
(155, 887, 'INDOOR30005', NULL, NULL, NULL, 0, NULL, NULL, NULL, NULL),
(155, 887, 'INDOOR30006', NULL, NULL, NULL, 0, NULL, NULL, NULL, NULL),
(155, 887, 'INDOOR30007', NULL, NULL, NULL, 0, NULL, NULL, NULL, NULL),
(155, 887, 'INDOOR30008', NULL, NULL, NULL, 0, NULL, NULL, NULL, NULL),
(155, 887, 'INDOOR30009', NULL, NULL, NULL, 0, NULL, NULL, NULL, NULL),
(156, 465, 'INDOOR30001', NULL, NULL, NULL, 75, NULL, NULL, NULL, NULL),
(156, 465, 'INDOOR30002', NULL, NULL, NULL, 75, NULL, NULL, NULL, NULL),
(156, 465, 'INDOOR30003', NULL, NULL, NULL, 75, NULL, NULL, NULL, NULL),
(156, 465, 'INDOOR30004', NULL, NULL, NULL, 75, NULL, NULL, NULL, NULL),
(156, 465, 'INDOOR30005', NULL, NULL, NULL, 75, NULL, NULL, NULL, NULL),
(156, 465, 'INDOOR30006', NULL, NULL, NULL, 75, NULL, NULL, NULL, NULL),
(156, 465, 'INDOOR30007', NULL, NULL, NULL, 75, NULL, NULL, NULL, NULL),
(156, 465, 'INDOOR30008', NULL, NULL, NULL, 75, NULL, NULL, NULL, NULL),
(156, 465, 'INDOOR30009', NULL, NULL, NULL, 75, NULL, NULL, NULL, NULL),
(156, 663, 'INDOOR30001', NULL, NULL, NULL, 75, NULL, NULL, NULL, NULL),
(156, 663, 'INDOOR30002', NULL, NULL, NULL, 75, NULL, NULL, NULL, NULL),
(156, 663, 'INDOOR30003', NULL, NULL, NULL, 75, NULL, NULL, NULL, NULL),
(156, 663, 'INDOOR30004', NULL, NULL, NULL, 75, NULL, NULL, NULL, NULL),
(156, 663, 'INDOOR30005', NULL, NULL, NULL, 75, NULL, NULL, NULL, NULL),
(156, 663, 'INDOOR30006', NULL, NULL, NULL, 75, NULL, NULL, NULL, NULL),
(156, 663, 'INDOOR30007', NULL, NULL, NULL, 75, NULL, NULL, NULL, NULL),
(156, 663, 'INDOOR30008', NULL, NULL, NULL, 75, NULL, NULL, NULL, NULL),
(156, 663, 'INDOOR30009', NULL, NULL, NULL, 75, NULL, NULL, NULL, NULL),
(156, 888, 'INDOOR30001', NULL, NULL, NULL, 75, NULL, NULL, NULL, NULL),
(156, 888, 'INDOOR30002', NULL, NULL, NULL, 75, NULL, NULL, NULL, NULL),
(156, 888, 'INDOOR30003', NULL, NULL, NULL, 75, NULL, NULL, NULL, NULL),
(156, 888, 'INDOOR30004', NULL, NULL, NULL, 75, NULL, NULL, NULL, NULL),
(156, 888, 'INDOOR30005', NULL, NULL, NULL, 75, NULL, NULL, NULL, NULL),
(156, 888, 'INDOOR30006', NULL, NULL, NULL, 75, NULL, NULL, NULL, NULL),
(156, 888, 'INDOOR30007', NULL, NULL, NULL, 75, NULL, NULL, NULL, NULL),
(156, 888, 'INDOOR30008', NULL, NULL, NULL, 75, NULL, NULL, NULL, NULL),
(156, 888, 'INDOOR30009', NULL, NULL, NULL, 75, NULL, NULL, NULL, NULL),
(157, 466, 'INDOOR30001', NULL, NULL, NULL, 0, NULL, NULL, NULL, NULL),
(157, 466, 'INDOOR30002', NULL, NULL, NULL, 0, NULL, NULL, NULL, NULL),
(157, 466, 'INDOOR30003', NULL, NULL, NULL, 0, NULL, NULL, NULL, NULL),
(157, 466, 'INDOOR30004', NULL, NULL, NULL, 0, NULL, NULL, NULL, NULL),
(157, 466, 'INDOOR30005', NULL, NULL, NULL, 0, NULL, NULL, NULL, NULL),
(157, 466, 'INDOOR30006', NULL, NULL, NULL, 0, NULL, NULL, NULL, NULL),
(157, 466, 'INDOOR30007', NULL, NULL, NULL, 0, NULL, NULL, NULL, NULL),
(157, 466, 'INDOOR30008', NULL, NULL, NULL, 0, NULL, NULL, NULL, NULL),
(157, 466, 'INDOOR30009', NULL, NULL, NULL, 0, NULL, NULL, NULL, NULL),
(157, 664, 'INDOOR30001', NULL, NULL, NULL, 0, NULL, NULL, NULL, NULL),
(157, 664, 'INDOOR30002', NULL, NULL, NULL, 0, NULL, NULL, NULL, NULL),
(157, 664, 'INDOOR30003', NULL, NULL, NULL, 0, NULL, NULL, NULL, NULL),
(157, 664, 'INDOOR30004', NULL, NULL, NULL, 0, NULL, NULL, NULL, NULL),
(157, 664, 'INDOOR30005', NULL, NULL, NULL, 0, NULL, NULL, NULL, NULL),
(157, 664, 'INDOOR30006', NULL, NULL, NULL, 0, NULL, NULL, NULL, NULL),
(157, 664, 'INDOOR30007', NULL, NULL, NULL, 0, NULL, NULL, NULL, NULL),
(157, 664, 'INDOOR30008', NULL, NULL, NULL, 0, NULL, NULL, NULL, NULL),
(157, 664, 'INDOOR30009', NULL, NULL, NULL, 0, NULL, NULL, NULL, NULL),
(157, 889, 'INDOOR30001', NULL, NULL, NULL, 0, NULL, NULL, NULL, NULL),
(157, 889, 'INDOOR30002', NULL, NULL, NULL, 0, NULL, NULL, NULL, NULL),
(157, 889, 'INDOOR30003', NULL, NULL, NULL, 0, NULL, NULL, NULL, NULL),
(157, 889, 'INDOOR30004', NULL, NULL, NULL, 0, NULL, NULL, NULL, NULL),
(157, 889, 'INDOOR30005', NULL, NULL, NULL, 0, NULL, NULL, NULL, NULL),
(157, 889, 'INDOOR30006', NULL, NULL, NULL, 0, NULL, NULL, NULL, NULL),
(157, 889, 'INDOOR30007', NULL, NULL, NULL, 0, NULL, NULL, NULL, NULL),
(157, 889, 'INDOOR30008', NULL, NULL, NULL, 0, NULL, NULL, NULL, NULL),
(157, 889, 'INDOOR30009', NULL, NULL, NULL, 0, NULL, NULL, NULL, NULL),
(158, 467, 'INDOOR30001', NULL, NULL, NULL, 0, NULL, NULL, NULL, NULL),
(158, 467, 'INDOOR30002', NULL, NULL, NULL, 0, NULL, NULL, NULL, NULL),
(158, 467, 'INDOOR30003', NULL, NULL, NULL, 0, NULL, NULL, NULL, NULL),
(158, 467, 'INDOOR30004', NULL, NULL, NULL, 0, NULL, NULL, NULL, NULL),
(158, 467, 'INDOOR30005', NULL, NULL, NULL, 0, NULL, NULL, NULL, NULL),
(158, 467, 'INDOOR30006', NULL, NULL, NULL, 0, NULL, NULL, NULL, NULL),
(158, 467, 'INDOOR30007', NULL, NULL, NULL, 0, NULL, NULL, NULL, NULL),
(158, 467, 'INDOOR30008', NULL, NULL, NULL, 0, NULL, NULL, NULL, NULL),
(158, 467, 'INDOOR30009', NULL, NULL, NULL, 0, NULL, NULL, NULL, NULL),
(158, 665, 'INDOOR30001', NULL, NULL, NULL, 0, NULL, NULL, NULL, NULL),
(158, 665, 'INDOOR30002', NULL, NULL, NULL, 0, NULL, NULL, NULL, NULL),
(158, 665, 'INDOOR30003', NULL, NULL, NULL, 0, NULL, NULL, NULL, NULL),
(158, 665, 'INDOOR30004', NULL, NULL, NULL, 0, NULL, NULL, NULL, NULL),
(158, 665, 'INDOOR30005', NULL, NULL, NULL, 0, NULL, NULL, NULL, NULL),
(158, 665, 'INDOOR30006', NULL, NULL, NULL, 0, NULL, NULL, NULL, NULL),
(158, 665, 'INDOOR30007', NULL, NULL, NULL, 0, NULL, NULL, NULL, NULL),
(158, 665, 'INDOOR30008', NULL, NULL, NULL, 0, NULL, NULL, NULL, NULL),
(158, 665, 'INDOOR30009', NULL, NULL, NULL, 0, NULL, NULL, NULL, NULL),
(158, 890, 'INDOOR30001', NULL, NULL, NULL, 0, NULL, NULL, NULL, NULL),
(158, 890, 'INDOOR30002', NULL, NULL, NULL, 0, NULL, NULL, NULL, NULL),
(158, 890, 'INDOOR30003', NULL, NULL, NULL, 0, NULL, NULL, NULL, NULL),
(158, 890, 'INDOOR30004', NULL, NULL, NULL, 0, NULL, NULL, NULL, NULL),
(158, 890, 'INDOOR30005', NULL, NULL, NULL, 0, NULL, NULL, NULL, NULL),
(158, 890, 'INDOOR30006', NULL, NULL, NULL, 0, NULL, NULL, NULL, NULL),
(158, 890, 'INDOOR30007', NULL, NULL, NULL, 0, NULL, NULL, NULL, NULL),
(158, 890, 'INDOOR30008', NULL, NULL, NULL, 0, NULL, NULL, NULL, NULL),
(158, 890, 'INDOOR30009', NULL, NULL, NULL, 0, NULL, NULL, NULL, NULL),
(159, 468, 'INDOOR30001', NULL, NULL, NULL, 120, NULL, NULL, NULL, NULL),
(159, 468, 'INDOOR30002', NULL, NULL, NULL, 120, NULL, NULL, NULL, NULL),
(159, 468, 'INDOOR30003', NULL, NULL, NULL, 120, NULL, NULL, NULL, NULL),
(159, 468, 'INDOOR30004', NULL, NULL, NULL, 120, NULL, NULL, NULL, NULL),
(159, 468, 'INDOOR30005', NULL, NULL, NULL, 120, NULL, NULL, NULL, NULL),
(159, 468, 'INDOOR30006', NULL, NULL, NULL, 120, NULL, NULL, NULL, NULL),
(159, 468, 'INDOOR30007', NULL, NULL, NULL, 120, NULL, NULL, NULL, NULL),
(159, 468, 'INDOOR30008', NULL, NULL, NULL, 120, NULL, NULL, NULL, NULL),
(159, 468, 'INDOOR30009', NULL, NULL, NULL, 120, NULL, NULL, NULL, NULL),
(159, 666, 'INDOOR30001', NULL, NULL, NULL, 120, NULL, NULL, NULL, NULL),
(159, 666, 'INDOOR30002', NULL, NULL, NULL, 120, NULL, NULL, NULL, NULL),
(159, 666, 'INDOOR30003', NULL, NULL, NULL, 120, NULL, NULL, NULL, NULL),
(159, 666, 'INDOOR30004', NULL, NULL, NULL, 120, NULL, NULL, NULL, NULL),
(159, 666, 'INDOOR30005', NULL, NULL, NULL, 120, NULL, NULL, NULL, NULL),
(159, 666, 'INDOOR30006', NULL, NULL, NULL, 120, NULL, NULL, NULL, NULL),
(159, 666, 'INDOOR30007', NULL, NULL, NULL, 120, NULL, NULL, NULL, NULL),
(159, 666, 'INDOOR30008', NULL, NULL, NULL, 120, NULL, NULL, NULL, NULL),
(159, 666, 'INDOOR30009', NULL, NULL, NULL, 120, NULL, NULL, NULL, NULL),
(160, 469, 'INDOOR30001', NULL, NULL, NULL, 0, NULL, NULL, NULL, NULL),
(160, 469, 'INDOOR30002', NULL, NULL, NULL, 0, NULL, NULL, NULL, NULL),
(160, 469, 'INDOOR30003', NULL, NULL, NULL, 0, NULL, NULL, NULL, NULL),
(160, 469, 'INDOOR30004', NULL, NULL, NULL, 0, NULL, NULL, NULL, NULL),
(160, 469, 'INDOOR30005', NULL, NULL, NULL, 0, NULL, NULL, NULL, NULL),
(160, 469, 'INDOOR30006', NULL, NULL, NULL, 0, NULL, NULL, NULL, NULL),
(160, 469, 'INDOOR30007', NULL, NULL, NULL, 0, NULL, NULL, NULL, NULL),
(160, 469, 'INDOOR30008', NULL, NULL, NULL, 0, NULL, NULL, NULL, NULL),
(160, 469, 'INDOOR30009', NULL, NULL, NULL, 0, NULL, NULL, NULL, NULL),
(160, 667, 'INDOOR30001', NULL, NULL, NULL, 0, NULL, NULL, NULL, NULL),
(160, 667, 'INDOOR30002', NULL, NULL, NULL, 0, NULL, NULL, NULL, NULL),
(160, 667, 'INDOOR30003', NULL, NULL, NULL, 0, NULL, NULL, NULL, NULL),
(160, 667, 'INDOOR30004', NULL, NULL, NULL, 0, NULL, NULL, NULL, NULL),
(160, 667, 'INDOOR30005', NULL, NULL, NULL, 0, NULL, NULL, NULL, NULL),
(160, 667, 'INDOOR30006', NULL, NULL, NULL, 0, NULL, NULL, NULL, NULL),
(160, 667, 'INDOOR30007', NULL, NULL, NULL, 0, NULL, NULL, NULL, NULL),
(160, 667, 'INDOOR30008', NULL, NULL, NULL, 0, NULL, NULL, NULL, NULL),
(160, 667, 'INDOOR30009', NULL, NULL, NULL, 0, NULL, NULL, NULL, NULL),
(160, 891, 'INDOOR30001', NULL, NULL, NULL, 0, NULL, NULL, NULL, NULL),
(160, 891, 'INDOOR30002', NULL, NULL, NULL, 0, NULL, NULL, NULL, NULL),
(160, 891, 'INDOOR30003', NULL, NULL, NULL, 0, NULL, NULL, NULL, NULL);
INSERT INTO `noidungcongviec` (`ID_DOTBD`, `ID_THIETBI`, `MA_NOIDUNG`, `GHICHU`, `KIENNGHI`, `TRANGTHAI`, `ID_NHANVIEN`, `KETQUA`, `SOLIEUTHUCTE`, `KETQUAXULY`, `ANH`) VALUES
(160, 891, 'INDOOR30004', NULL, NULL, NULL, 0, NULL, NULL, NULL, NULL),
(160, 891, 'INDOOR30005', NULL, NULL, NULL, 0, NULL, NULL, NULL, NULL),
(160, 891, 'INDOOR30006', NULL, NULL, NULL, 0, NULL, NULL, NULL, NULL),
(160, 891, 'INDOOR30007', NULL, NULL, NULL, 0, NULL, NULL, NULL, NULL),
(160, 891, 'INDOOR30008', NULL, NULL, NULL, 0, NULL, NULL, NULL, NULL),
(160, 891, 'INDOOR30009', NULL, NULL, NULL, 0, NULL, NULL, NULL, NULL),
(161, 470, 'INDOOR30001', NULL, NULL, NULL, 15, NULL, NULL, NULL, NULL),
(161, 470, 'INDOOR30002', NULL, NULL, NULL, 15, NULL, NULL, NULL, NULL),
(161, 470, 'INDOOR30003', NULL, NULL, NULL, 15, NULL, NULL, NULL, NULL),
(161, 470, 'INDOOR30004', NULL, NULL, NULL, 15, NULL, NULL, NULL, NULL),
(161, 470, 'INDOOR30005', NULL, NULL, NULL, 15, NULL, NULL, NULL, NULL),
(161, 470, 'INDOOR30006', NULL, NULL, NULL, 15, NULL, NULL, NULL, NULL),
(161, 470, 'INDOOR30007', NULL, NULL, NULL, 15, NULL, NULL, NULL, NULL),
(161, 470, 'INDOOR30008', NULL, NULL, NULL, 15, NULL, NULL, NULL, NULL),
(161, 470, 'INDOOR30009', NULL, NULL, NULL, 15, NULL, NULL, NULL, NULL),
(161, 668, 'INDOOR30001', NULL, NULL, NULL, 15, NULL, NULL, NULL, NULL),
(161, 668, 'INDOOR30002', NULL, NULL, NULL, 15, NULL, NULL, NULL, NULL),
(161, 668, 'INDOOR30003', NULL, NULL, NULL, 15, NULL, NULL, NULL, NULL),
(161, 668, 'INDOOR30004', NULL, NULL, NULL, 15, NULL, NULL, NULL, NULL),
(161, 668, 'INDOOR30005', NULL, NULL, NULL, 15, NULL, NULL, NULL, NULL),
(161, 668, 'INDOOR30006', NULL, NULL, NULL, 15, NULL, NULL, NULL, NULL),
(161, 668, 'INDOOR30007', NULL, NULL, NULL, 15, NULL, NULL, NULL, NULL),
(161, 668, 'INDOOR30008', NULL, NULL, NULL, 15, NULL, NULL, NULL, NULL),
(161, 668, 'INDOOR30009', NULL, NULL, NULL, 15, NULL, NULL, NULL, NULL),
(161, 892, 'INDOOR30001', NULL, NULL, NULL, 15, NULL, NULL, NULL, NULL),
(161, 892, 'INDOOR30002', NULL, NULL, NULL, 15, NULL, NULL, NULL, NULL),
(161, 892, 'INDOOR30003', NULL, NULL, NULL, 15, NULL, NULL, NULL, NULL),
(161, 892, 'INDOOR30004', NULL, NULL, NULL, 15, NULL, NULL, NULL, NULL),
(161, 892, 'INDOOR30005', NULL, NULL, NULL, 15, NULL, NULL, NULL, NULL),
(161, 892, 'INDOOR30006', NULL, NULL, NULL, 15, NULL, NULL, NULL, NULL),
(161, 892, 'INDOOR30007', NULL, NULL, NULL, 15, NULL, NULL, NULL, NULL),
(161, 892, 'INDOOR30008', NULL, NULL, NULL, 15, NULL, NULL, NULL, NULL),
(161, 892, 'INDOOR30009', NULL, NULL, NULL, 15, NULL, NULL, NULL, NULL),
(162, 471, 'INDOOR30001', NULL, NULL, NULL, 0, NULL, NULL, NULL, NULL),
(162, 471, 'INDOOR30002', NULL, NULL, NULL, 0, NULL, NULL, NULL, NULL),
(162, 471, 'INDOOR30003', NULL, NULL, NULL, 0, NULL, NULL, NULL, NULL),
(162, 471, 'INDOOR30004', NULL, NULL, NULL, 0, NULL, NULL, NULL, NULL),
(162, 471, 'INDOOR30005', NULL, NULL, NULL, 0, NULL, NULL, NULL, NULL),
(162, 471, 'INDOOR30006', NULL, NULL, NULL, 0, NULL, NULL, NULL, NULL),
(162, 471, 'INDOOR30007', NULL, NULL, NULL, 0, NULL, NULL, NULL, NULL),
(162, 471, 'INDOOR30008', NULL, NULL, NULL, 0, NULL, NULL, NULL, NULL),
(162, 471, 'INDOOR30009', NULL, NULL, NULL, 0, NULL, NULL, NULL, NULL),
(162, 669, 'INDOOR30001', NULL, NULL, NULL, 0, NULL, NULL, NULL, NULL),
(162, 669, 'INDOOR30002', NULL, NULL, NULL, 0, NULL, NULL, NULL, NULL),
(162, 669, 'INDOOR30003', NULL, NULL, NULL, 0, NULL, NULL, NULL, NULL),
(162, 669, 'INDOOR30004', NULL, NULL, NULL, 0, NULL, NULL, NULL, NULL),
(162, 669, 'INDOOR30005', NULL, NULL, NULL, 0, NULL, NULL, NULL, NULL),
(162, 669, 'INDOOR30006', NULL, NULL, NULL, 0, NULL, NULL, NULL, NULL),
(162, 669, 'INDOOR30007', NULL, NULL, NULL, 0, NULL, NULL, NULL, NULL),
(162, 669, 'INDOOR30008', NULL, NULL, NULL, 0, NULL, NULL, NULL, NULL),
(162, 669, 'INDOOR30009', NULL, NULL, NULL, 0, NULL, NULL, NULL, NULL),
(162, 893, 'INDOOR30001', NULL, NULL, NULL, 0, NULL, NULL, NULL, NULL),
(162, 893, 'INDOOR30002', NULL, NULL, NULL, 0, NULL, NULL, NULL, NULL),
(162, 893, 'INDOOR30003', NULL, NULL, NULL, 0, NULL, NULL, NULL, NULL),
(162, 893, 'INDOOR30004', NULL, NULL, NULL, 0, NULL, NULL, NULL, NULL),
(162, 893, 'INDOOR30005', NULL, NULL, NULL, 0, NULL, NULL, NULL, NULL),
(162, 893, 'INDOOR30006', NULL, NULL, NULL, 0, NULL, NULL, NULL, NULL),
(162, 893, 'INDOOR30007', NULL, NULL, NULL, 0, NULL, NULL, NULL, NULL),
(162, 893, 'INDOOR30008', NULL, NULL, NULL, 0, NULL, NULL, NULL, NULL),
(162, 893, 'INDOOR30009', NULL, NULL, NULL, 0, NULL, NULL, NULL, NULL),
(163, 472, 'INDOOR30001', NULL, NULL, NULL, 12701, NULL, NULL, NULL, NULL),
(163, 472, 'INDOOR30002', NULL, NULL, NULL, 12701, NULL, NULL, NULL, NULL),
(163, 472, 'INDOOR30003', NULL, NULL, NULL, 12701, NULL, NULL, NULL, NULL),
(163, 472, 'INDOOR30004', NULL, NULL, NULL, 12701, NULL, NULL, NULL, NULL),
(163, 472, 'INDOOR30005', NULL, NULL, NULL, 12701, NULL, NULL, NULL, NULL),
(163, 472, 'INDOOR30006', NULL, NULL, NULL, 12701, NULL, NULL, NULL, NULL),
(163, 472, 'INDOOR30007', NULL, NULL, NULL, 12701, NULL, NULL, NULL, NULL),
(163, 472, 'INDOOR30008', NULL, NULL, NULL, 12701, NULL, NULL, NULL, NULL),
(163, 472, 'INDOOR30009', NULL, NULL, NULL, 12701, NULL, NULL, NULL, NULL),
(163, 670, 'INDOOR30001', NULL, NULL, NULL, 12701, NULL, NULL, NULL, NULL),
(163, 670, 'INDOOR30002', NULL, NULL, NULL, 12701, NULL, NULL, NULL, NULL),
(163, 670, 'INDOOR30003', NULL, NULL, NULL, 12701, NULL, NULL, NULL, NULL),
(163, 670, 'INDOOR30004', NULL, NULL, NULL, 12701, NULL, NULL, NULL, NULL),
(163, 670, 'INDOOR30005', NULL, NULL, NULL, 12701, NULL, NULL, NULL, NULL),
(163, 670, 'INDOOR30006', NULL, NULL, NULL, 12701, NULL, NULL, NULL, NULL),
(163, 670, 'INDOOR30007', NULL, NULL, NULL, 12701, NULL, NULL, NULL, NULL),
(163, 670, 'INDOOR30008', NULL, NULL, NULL, 12701, NULL, NULL, NULL, NULL),
(163, 670, 'INDOOR30009', NULL, NULL, NULL, 12701, NULL, NULL, NULL, NULL),
(163, 894, 'INDOOR30001', NULL, NULL, NULL, 12701, NULL, NULL, NULL, NULL),
(163, 894, 'INDOOR30002', NULL, NULL, NULL, 12701, NULL, NULL, NULL, NULL),
(163, 894, 'INDOOR30003', NULL, NULL, NULL, 12701, NULL, NULL, NULL, NULL),
(163, 894, 'INDOOR30004', NULL, NULL, NULL, 12701, NULL, NULL, NULL, NULL),
(163, 894, 'INDOOR30005', NULL, NULL, NULL, 12701, NULL, NULL, NULL, NULL),
(163, 894, 'INDOOR30006', NULL, NULL, NULL, 12701, NULL, NULL, NULL, NULL),
(163, 894, 'INDOOR30007', NULL, NULL, NULL, 12701, NULL, NULL, NULL, NULL),
(163, 894, 'INDOOR30008', NULL, NULL, NULL, 12701, NULL, NULL, NULL, NULL),
(163, 894, 'INDOOR30009', NULL, NULL, NULL, 12701, NULL, NULL, NULL, NULL),
(164, 473, 'INDOOR30001', NULL, NULL, NULL, 0, NULL, NULL, NULL, NULL),
(164, 473, 'INDOOR30002', NULL, NULL, NULL, 0, NULL, NULL, NULL, NULL),
(164, 473, 'INDOOR30003', NULL, NULL, NULL, 0, NULL, NULL, NULL, NULL),
(164, 473, 'INDOOR30004', NULL, NULL, NULL, 0, NULL, NULL, NULL, NULL),
(164, 473, 'INDOOR30005', NULL, NULL, NULL, 0, NULL, NULL, NULL, NULL),
(164, 473, 'INDOOR30006', NULL, NULL, NULL, 0, NULL, NULL, NULL, NULL),
(164, 473, 'INDOOR30007', NULL, NULL, NULL, 0, NULL, NULL, NULL, NULL),
(164, 473, 'INDOOR30008', NULL, NULL, NULL, 0, NULL, NULL, NULL, NULL),
(164, 473, 'INDOOR30009', NULL, NULL, NULL, 0, NULL, NULL, NULL, NULL),
(164, 671, 'INDOOR30001', NULL, NULL, NULL, 0, NULL, NULL, NULL, NULL),
(164, 671, 'INDOOR30002', NULL, NULL, NULL, 0, NULL, NULL, NULL, NULL),
(164, 671, 'INDOOR30003', NULL, NULL, NULL, 0, NULL, NULL, NULL, NULL),
(164, 671, 'INDOOR30004', NULL, NULL, NULL, 0, NULL, NULL, NULL, NULL),
(164, 671, 'INDOOR30005', NULL, NULL, NULL, 0, NULL, NULL, NULL, NULL),
(164, 671, 'INDOOR30006', NULL, NULL, NULL, 0, NULL, NULL, NULL, NULL),
(164, 671, 'INDOOR30007', NULL, NULL, NULL, 0, NULL, NULL, NULL, NULL),
(164, 671, 'INDOOR30008', NULL, NULL, NULL, 0, NULL, NULL, NULL, NULL),
(164, 671, 'INDOOR30009', NULL, NULL, NULL, 0, NULL, NULL, NULL, NULL),
(164, 895, 'INDOOR30001', NULL, NULL, NULL, 0, NULL, NULL, NULL, NULL),
(164, 895, 'INDOOR30002', NULL, NULL, NULL, 0, NULL, NULL, NULL, NULL),
(164, 895, 'INDOOR30003', NULL, NULL, NULL, 0, NULL, NULL, NULL, NULL),
(164, 895, 'INDOOR30004', NULL, NULL, NULL, 0, NULL, NULL, NULL, NULL),
(164, 895, 'INDOOR30005', NULL, NULL, NULL, 0, NULL, NULL, NULL, NULL),
(164, 895, 'INDOOR30006', NULL, NULL, NULL, 0, NULL, NULL, NULL, NULL),
(164, 895, 'INDOOR30007', NULL, NULL, NULL, 0, NULL, NULL, NULL, NULL),
(164, 895, 'INDOOR30008', NULL, NULL, NULL, 0, NULL, NULL, NULL, NULL),
(164, 895, 'INDOOR30009', NULL, NULL, NULL, 0, NULL, NULL, NULL, NULL),
(165, 474, 'INDOOR30001', NULL, NULL, NULL, 120, NULL, NULL, NULL, NULL),
(165, 474, 'INDOOR30002', NULL, NULL, NULL, 120, NULL, NULL, NULL, NULL),
(165, 474, 'INDOOR30003', NULL, NULL, NULL, 120, NULL, NULL, NULL, NULL),
(165, 474, 'INDOOR30004', NULL, NULL, NULL, 120, NULL, NULL, NULL, NULL),
(165, 474, 'INDOOR30005', NULL, NULL, NULL, 120, NULL, NULL, NULL, NULL),
(165, 474, 'INDOOR30006', NULL, NULL, NULL, 120, NULL, NULL, NULL, NULL),
(165, 474, 'INDOOR30007', NULL, NULL, NULL, 120, NULL, NULL, NULL, NULL),
(165, 474, 'INDOOR30008', NULL, NULL, NULL, 120, NULL, NULL, NULL, NULL),
(165, 474, 'INDOOR30009', NULL, NULL, NULL, 120, NULL, NULL, NULL, NULL),
(165, 672, 'INDOOR30001', NULL, NULL, NULL, 120, NULL, NULL, NULL, NULL),
(165, 672, 'INDOOR30002', NULL, NULL, NULL, 120, NULL, NULL, NULL, NULL),
(165, 672, 'INDOOR30003', NULL, NULL, NULL, 120, NULL, NULL, NULL, NULL),
(165, 672, 'INDOOR30004', NULL, NULL, NULL, 120, NULL, NULL, NULL, NULL),
(165, 672, 'INDOOR30005', NULL, NULL, NULL, 120, NULL, NULL, NULL, NULL),
(165, 672, 'INDOOR30006', NULL, NULL, NULL, 120, NULL, NULL, NULL, NULL),
(165, 672, 'INDOOR30007', NULL, NULL, NULL, 120, NULL, NULL, NULL, NULL),
(165, 672, 'INDOOR30008', NULL, NULL, NULL, 120, NULL, NULL, NULL, NULL),
(165, 672, 'INDOOR30009', NULL, NULL, NULL, 120, NULL, NULL, NULL, NULL),
(165, 896, 'INDOOR30001', NULL, NULL, NULL, 120, NULL, NULL, NULL, NULL),
(165, 896, 'INDOOR30002', NULL, NULL, NULL, 120, NULL, NULL, NULL, NULL),
(165, 896, 'INDOOR30003', NULL, NULL, NULL, 120, NULL, NULL, NULL, NULL),
(165, 896, 'INDOOR30004', NULL, NULL, NULL, 120, NULL, NULL, NULL, NULL),
(165, 896, 'INDOOR30005', NULL, NULL, NULL, 120, NULL, NULL, NULL, NULL),
(165, 896, 'INDOOR30006', NULL, NULL, NULL, 120, NULL, NULL, NULL, NULL),
(165, 896, 'INDOOR30007', NULL, NULL, NULL, 120, NULL, NULL, NULL, NULL),
(165, 896, 'INDOOR30008', NULL, NULL, NULL, 120, NULL, NULL, NULL, NULL),
(165, 896, 'INDOOR30009', NULL, NULL, NULL, 120, NULL, NULL, NULL, NULL),
(166, 475, 'INDOOR30001', NULL, NULL, NULL, 0, NULL, NULL, NULL, NULL),
(166, 475, 'INDOOR30002', NULL, NULL, NULL, 0, NULL, NULL, NULL, NULL),
(166, 475, 'INDOOR30003', NULL, NULL, NULL, 0, NULL, NULL, NULL, NULL),
(166, 475, 'INDOOR30004', NULL, NULL, NULL, 0, NULL, NULL, NULL, NULL),
(166, 475, 'INDOOR30005', NULL, NULL, NULL, 0, NULL, NULL, NULL, NULL),
(166, 475, 'INDOOR30006', NULL, NULL, NULL, 0, NULL, NULL, NULL, NULL),
(166, 475, 'INDOOR30007', NULL, NULL, NULL, 0, NULL, NULL, NULL, NULL),
(166, 475, 'INDOOR30008', NULL, NULL, NULL, 0, NULL, NULL, NULL, NULL),
(166, 475, 'INDOOR30009', NULL, NULL, NULL, 0, NULL, NULL, NULL, NULL),
(166, 673, 'INDOOR30001', NULL, NULL, NULL, 0, NULL, NULL, NULL, NULL),
(166, 673, 'INDOOR30002', NULL, NULL, NULL, 0, NULL, NULL, NULL, NULL),
(166, 673, 'INDOOR30003', NULL, NULL, NULL, 0, NULL, NULL, NULL, NULL),
(166, 673, 'INDOOR30004', NULL, NULL, NULL, 0, NULL, NULL, NULL, NULL),
(166, 673, 'INDOOR30005', NULL, NULL, NULL, 0, NULL, NULL, NULL, NULL),
(166, 673, 'INDOOR30006', NULL, NULL, NULL, 0, NULL, NULL, NULL, NULL),
(166, 673, 'INDOOR30007', NULL, NULL, NULL, 0, NULL, NULL, NULL, NULL),
(166, 673, 'INDOOR30008', NULL, NULL, NULL, 0, NULL, NULL, NULL, NULL),
(166, 673, 'INDOOR30009', NULL, NULL, NULL, 0, NULL, NULL, NULL, NULL),
(166, 897, 'INDOOR30001', NULL, NULL, NULL, 0, NULL, NULL, NULL, NULL),
(166, 897, 'INDOOR30002', NULL, NULL, NULL, 0, NULL, NULL, NULL, NULL),
(166, 897, 'INDOOR30003', NULL, NULL, NULL, 0, NULL, NULL, NULL, NULL),
(166, 897, 'INDOOR30004', NULL, NULL, NULL, 0, NULL, NULL, NULL, NULL),
(166, 897, 'INDOOR30005', NULL, NULL, NULL, 0, NULL, NULL, NULL, NULL),
(166, 897, 'INDOOR30006', NULL, NULL, NULL, 0, NULL, NULL, NULL, NULL),
(166, 897, 'INDOOR30007', NULL, NULL, NULL, 0, NULL, NULL, NULL, NULL),
(166, 897, 'INDOOR30008', NULL, NULL, NULL, 0, NULL, NULL, NULL, NULL),
(166, 897, 'INDOOR30009', NULL, NULL, NULL, 0, NULL, NULL, NULL, NULL),
(167, 476, 'INDOOR30001', NULL, NULL, 'hoan_thanh', 75, 'dat', NULL, NULL, NULL),
(167, 476, 'INDOOR30002', NULL, NULL, 'hoan_thanh', 75, 'dat', NULL, NULL, NULL),
(167, 476, 'INDOOR30003', NULL, NULL, 'hoan_thanh', 75, 'dat', NULL, NULL, NULL),
(167, 476, 'INDOOR30004', NULL, NULL, 'hoan_thanh', 75, 'dat', NULL, NULL, NULL),
(167, 476, 'INDOOR30005', NULL, NULL, 'hoan_thanh', 75, 'dat', NULL, NULL, NULL),
(167, 476, 'INDOOR30006', NULL, NULL, 'hoan_thanh', 75, 'dat', NULL, NULL, NULL),
(167, 476, 'INDOOR30007', NULL, NULL, 'hoan_thanh', 75, 'dat', NULL, NULL, NULL),
(167, 476, 'INDOOR30008', NULL, NULL, 'hoan_thanh', 75, 'dat', NULL, NULL, NULL),
(167, 476, 'INDOOR30009', NULL, NULL, 'hoan_thanh', 75, 'dat', NULL, NULL, NULL),
(167, 674, 'INDOOR30001', NULL, NULL, 'hoan_thanh', 75, 'dat', NULL, NULL, NULL),
(167, 674, 'INDOOR30002', NULL, NULL, 'hoan_thanh', 75, 'dat', NULL, NULL, NULL),
(167, 674, 'INDOOR30003', NULL, NULL, 'hoan_thanh', 75, 'dat', NULL, NULL, NULL),
(167, 674, 'INDOOR30004', NULL, NULL, 'hoan_thanh', 75, 'dat', NULL, NULL, NULL),
(167, 674, 'INDOOR30005', NULL, NULL, 'hoan_thanh', 75, 'dat', NULL, NULL, NULL),
(167, 674, 'INDOOR30006', NULL, NULL, 'hoan_thanh', 75, 'dat', NULL, NULL, NULL),
(167, 674, 'INDOOR30007', NULL, NULL, 'hoan_thanh', 75, 'dat', NULL, NULL, NULL),
(167, 674, 'INDOOR30008', NULL, NULL, 'hoan_thanh', 75, 'dat', NULL, NULL, NULL),
(167, 674, 'INDOOR30009', NULL, NULL, 'hoan_thanh', 75, 'dat', NULL, NULL, NULL),
(167, 898, 'INDOOR30001', NULL, NULL, 'hoan_thanh', 75, 'dat', NULL, NULL, NULL),
(167, 898, 'INDOOR30002', NULL, NULL, 'hoan_thanh', 75, 'dat', NULL, NULL, NULL),
(167, 898, 'INDOOR30003', NULL, NULL, 'hoan_thanh', 75, 'dat', NULL, NULL, NULL),
(167, 898, 'INDOOR30004', NULL, NULL, 'hoan_thanh', 75, 'dat', NULL, NULL, NULL),
(167, 898, 'INDOOR30005', NULL, NULL, 'hoan_thanh', 75, 'dat', NULL, NULL, NULL),
(167, 898, 'INDOOR30006', NULL, NULL, 'hoan_thanh', 75, 'dat', NULL, NULL, NULL),
(167, 898, 'INDOOR30007', NULL, NULL, 'hoan_thanh', 75, 'dat', NULL, NULL, NULL),
(167, 898, 'INDOOR30008', NULL, NULL, 'hoan_thanh', 75, 'dat', NULL, NULL, NULL),
(167, 898, 'INDOOR30009', NULL, NULL, 'hoan_thanh', 75, 'dat', NULL, NULL, NULL),
(168, 477, 'INDOOR30001', NULL, NULL, NULL, 0, NULL, NULL, NULL, NULL),
(168, 477, 'INDOOR30002', NULL, NULL, NULL, 0, NULL, NULL, NULL, NULL),
(168, 477, 'INDOOR30003', NULL, NULL, NULL, 0, NULL, NULL, NULL, NULL),
(168, 477, 'INDOOR30004', NULL, NULL, NULL, 0, NULL, NULL, NULL, NULL),
(168, 477, 'INDOOR30005', NULL, NULL, NULL, 0, NULL, NULL, NULL, NULL),
(168, 477, 'INDOOR30006', NULL, NULL, NULL, 0, NULL, NULL, NULL, NULL),
(168, 477, 'INDOOR30007', NULL, NULL, NULL, 0, NULL, NULL, NULL, NULL),
(168, 477, 'INDOOR30008', NULL, NULL, NULL, 0, NULL, NULL, NULL, NULL),
(168, 477, 'INDOOR30009', NULL, NULL, NULL, 0, NULL, NULL, NULL, NULL),
(168, 675, 'INDOOR30001', NULL, NULL, NULL, 0, NULL, NULL, NULL, NULL),
(168, 675, 'INDOOR30002', NULL, NULL, NULL, 0, NULL, NULL, NULL, NULL),
(168, 675, 'INDOOR30003', NULL, NULL, NULL, 0, NULL, NULL, NULL, NULL),
(168, 675, 'INDOOR30004', NULL, NULL, NULL, 0, NULL, NULL, NULL, NULL),
(168, 675, 'INDOOR30005', NULL, NULL, NULL, 0, NULL, NULL, NULL, NULL),
(168, 675, 'INDOOR30006', NULL, NULL, NULL, 0, NULL, NULL, NULL, NULL),
(168, 675, 'INDOOR30007', NULL, NULL, NULL, 0, NULL, NULL, NULL, NULL),
(168, 675, 'INDOOR30008', NULL, NULL, NULL, 0, NULL, NULL, NULL, NULL),
(168, 675, 'INDOOR30009', NULL, NULL, NULL, 0, NULL, NULL, NULL, NULL),
(168, 899, 'INDOOR30001', NULL, NULL, NULL, 0, NULL, NULL, NULL, NULL),
(168, 899, 'INDOOR30002', NULL, NULL, NULL, 0, NULL, NULL, NULL, NULL),
(168, 899, 'INDOOR30003', NULL, NULL, NULL, 0, NULL, NULL, NULL, NULL),
(168, 899, 'INDOOR30004', NULL, NULL, NULL, 0, NULL, NULL, NULL, NULL),
(168, 899, 'INDOOR30005', NULL, NULL, NULL, 0, NULL, NULL, NULL, NULL),
(168, 899, 'INDOOR30006', NULL, NULL, NULL, 0, NULL, NULL, NULL, NULL),
(168, 899, 'INDOOR30007', NULL, NULL, NULL, 0, NULL, NULL, NULL, NULL),
(168, 899, 'INDOOR30008', NULL, NULL, NULL, 0, NULL, NULL, NULL, NULL),
(168, 899, 'INDOOR30009', NULL, NULL, NULL, 0, NULL, NULL, NULL, NULL),
(169, 478, 'INDOOR30001', NULL, NULL, NULL, 0, NULL, NULL, NULL, NULL),
(169, 478, 'INDOOR30002', NULL, NULL, NULL, 0, NULL, NULL, NULL, NULL),
(169, 478, 'INDOOR30003', NULL, NULL, NULL, 0, NULL, NULL, NULL, NULL),
(169, 478, 'INDOOR30004', NULL, NULL, NULL, 0, NULL, NULL, NULL, NULL),
(169, 478, 'INDOOR30005', NULL, NULL, NULL, 0, NULL, NULL, NULL, NULL),
(169, 478, 'INDOOR30006', NULL, NULL, NULL, 0, NULL, NULL, NULL, NULL),
(169, 478, 'INDOOR30007', NULL, NULL, NULL, 0, NULL, NULL, NULL, NULL),
(169, 478, 'INDOOR30008', NULL, NULL, NULL, 0, NULL, NULL, NULL, NULL),
(169, 478, 'INDOOR30009', NULL, NULL, NULL, 0, NULL, NULL, NULL, NULL),
(169, 676, 'INDOOR30001', NULL, NULL, NULL, 0, NULL, NULL, NULL, NULL),
(169, 676, 'INDOOR30002', NULL, NULL, NULL, 0, NULL, NULL, NULL, NULL),
(169, 676, 'INDOOR30003', NULL, NULL, NULL, 0, NULL, NULL, NULL, NULL),
(169, 676, 'INDOOR30004', NULL, NULL, NULL, 0, NULL, NULL, NULL, NULL),
(169, 676, 'INDOOR30005', NULL, NULL, NULL, 0, NULL, NULL, NULL, NULL),
(169, 676, 'INDOOR30006', NULL, NULL, NULL, 0, NULL, NULL, NULL, NULL),
(169, 676, 'INDOOR30007', NULL, NULL, NULL, 0, NULL, NULL, NULL, NULL),
(169, 676, 'INDOOR30008', NULL, NULL, NULL, 0, NULL, NULL, NULL, NULL),
(169, 676, 'INDOOR30009', NULL, NULL, NULL, 0, NULL, NULL, NULL, NULL),
(169, 900, 'INDOOR30001', NULL, NULL, NULL, 0, NULL, NULL, NULL, NULL),
(169, 900, 'INDOOR30002', NULL, NULL, NULL, 0, NULL, NULL, NULL, NULL),
(169, 900, 'INDOOR30003', NULL, NULL, NULL, 0, NULL, NULL, NULL, NULL),
(169, 900, 'INDOOR30004', NULL, NULL, NULL, 0, NULL, NULL, NULL, NULL),
(169, 900, 'INDOOR30005', NULL, NULL, NULL, 0, NULL, NULL, NULL, NULL),
(169, 900, 'INDOOR30006', NULL, NULL, NULL, 0, NULL, NULL, NULL, NULL),
(169, 900, 'INDOOR30007', NULL, NULL, NULL, 0, NULL, NULL, NULL, NULL),
(169, 900, 'INDOOR30008', NULL, NULL, NULL, 0, NULL, NULL, NULL, NULL),
(169, 900, 'INDOOR30009', NULL, NULL, NULL, 0, NULL, NULL, NULL, NULL),
(170, 479, 'INDOOR30001', NULL, NULL, NULL, 0, NULL, NULL, NULL, NULL),
(170, 479, 'INDOOR30002', NULL, NULL, NULL, 0, NULL, NULL, NULL, NULL),
(170, 479, 'INDOOR30003', NULL, NULL, NULL, 0, NULL, NULL, NULL, NULL),
(170, 479, 'INDOOR30004', NULL, NULL, NULL, 0, NULL, NULL, NULL, NULL),
(170, 479, 'INDOOR30005', NULL, NULL, NULL, 0, NULL, NULL, NULL, NULL),
(170, 479, 'INDOOR30006', NULL, NULL, NULL, 0, NULL, NULL, NULL, NULL),
(170, 479, 'INDOOR30007', NULL, NULL, NULL, 0, NULL, NULL, NULL, NULL),
(170, 479, 'INDOOR30008', NULL, NULL, NULL, 0, NULL, NULL, NULL, NULL),
(170, 479, 'INDOOR30009', NULL, NULL, NULL, 0, NULL, NULL, NULL, NULL),
(170, 677, 'INDOOR30001', NULL, NULL, NULL, 0, NULL, NULL, NULL, NULL),
(170, 677, 'INDOOR30002', NULL, NULL, NULL, 0, NULL, NULL, NULL, NULL),
(170, 677, 'INDOOR30003', NULL, NULL, NULL, 0, NULL, NULL, NULL, NULL),
(170, 677, 'INDOOR30004', NULL, NULL, NULL, 0, NULL, NULL, NULL, NULL),
(170, 677, 'INDOOR30005', NULL, NULL, NULL, 0, NULL, NULL, NULL, NULL),
(170, 677, 'INDOOR30006', NULL, NULL, NULL, 0, NULL, NULL, NULL, NULL),
(170, 677, 'INDOOR30007', NULL, NULL, NULL, 0, NULL, NULL, NULL, NULL),
(170, 677, 'INDOOR30008', NULL, NULL, NULL, 0, NULL, NULL, NULL, NULL),
(170, 677, 'INDOOR30009', NULL, NULL, NULL, 0, NULL, NULL, NULL, NULL),
(170, 901, 'INDOOR30001', NULL, NULL, NULL, 0, NULL, NULL, NULL, NULL),
(170, 901, 'INDOOR30002', NULL, NULL, NULL, 0, NULL, NULL, NULL, NULL),
(170, 901, 'INDOOR30003', NULL, NULL, NULL, 0, NULL, NULL, NULL, NULL),
(170, 901, 'INDOOR30004', NULL, NULL, NULL, 0, NULL, NULL, NULL, NULL),
(170, 901, 'INDOOR30005', NULL, NULL, NULL, 0, NULL, NULL, NULL, NULL),
(170, 901, 'INDOOR30006', NULL, NULL, NULL, 0, NULL, NULL, NULL, NULL),
(170, 901, 'INDOOR30007', NULL, NULL, NULL, 0, NULL, NULL, NULL, NULL),
(170, 901, 'INDOOR30008', NULL, NULL, NULL, 0, NULL, NULL, NULL, NULL),
(170, 901, 'INDOOR30009', NULL, NULL, NULL, 0, NULL, NULL, NULL, NULL),
(171, 480, 'INDOOR30001', NULL, NULL, NULL, 120, NULL, NULL, NULL, NULL),
(171, 480, 'INDOOR30002', NULL, NULL, NULL, 120, NULL, NULL, NULL, NULL),
(171, 480, 'INDOOR30003', NULL, NULL, NULL, 120, NULL, NULL, NULL, NULL),
(171, 480, 'INDOOR30004', NULL, NULL, NULL, 120, NULL, NULL, NULL, NULL),
(171, 480, 'INDOOR30005', NULL, NULL, NULL, 120, NULL, NULL, NULL, NULL),
(171, 480, 'INDOOR30006', NULL, NULL, NULL, 120, NULL, NULL, NULL, NULL),
(171, 480, 'INDOOR30007', NULL, NULL, NULL, 120, NULL, NULL, NULL, NULL),
(171, 480, 'INDOOR30008', NULL, NULL, NULL, 120, NULL, NULL, NULL, NULL),
(171, 480, 'INDOOR30009', NULL, NULL, NULL, 120, NULL, NULL, NULL, NULL),
(171, 678, 'INDOOR30001', NULL, NULL, NULL, 120, NULL, NULL, NULL, NULL),
(171, 678, 'INDOOR30002', NULL, NULL, NULL, 120, NULL, NULL, NULL, NULL),
(171, 678, 'INDOOR30003', NULL, NULL, NULL, 120, NULL, NULL, NULL, NULL),
(171, 678, 'INDOOR30004', NULL, NULL, NULL, 120, NULL, NULL, NULL, NULL),
(171, 678, 'INDOOR30005', NULL, NULL, NULL, 120, NULL, NULL, NULL, NULL),
(171, 678, 'INDOOR30006', NULL, NULL, NULL, 120, NULL, NULL, NULL, NULL),
(171, 678, 'INDOOR30007', NULL, NULL, NULL, 120, NULL, NULL, NULL, NULL),
(171, 678, 'INDOOR30008', NULL, NULL, NULL, 120, NULL, NULL, NULL, NULL),
(171, 678, 'INDOOR30009', NULL, NULL, NULL, 120, NULL, NULL, NULL, NULL),
(171, 902, 'INDOOR30001', NULL, NULL, NULL, 120, NULL, NULL, NULL, NULL),
(171, 902, 'INDOOR30002', NULL, NULL, NULL, 120, NULL, NULL, NULL, NULL),
(171, 902, 'INDOOR30003', NULL, NULL, NULL, 120, NULL, NULL, NULL, NULL),
(171, 902, 'INDOOR30004', NULL, NULL, NULL, 120, NULL, NULL, NULL, NULL),
(171, 902, 'INDOOR30005', NULL, NULL, NULL, 120, NULL, NULL, NULL, NULL),
(171, 902, 'INDOOR30006', NULL, NULL, NULL, 120, NULL, NULL, NULL, NULL),
(171, 902, 'INDOOR30007', NULL, NULL, NULL, 120, NULL, NULL, NULL, NULL),
(171, 902, 'INDOOR30008', NULL, NULL, NULL, 120, NULL, NULL, NULL, NULL),
(171, 902, 'INDOOR30009', NULL, NULL, NULL, 120, NULL, NULL, NULL, NULL),
(172, 481, 'INDOOR30001', NULL, NULL, NULL, 0, NULL, NULL, NULL, NULL),
(172, 481, 'INDOOR30002', NULL, NULL, NULL, 0, NULL, NULL, NULL, NULL),
(172, 481, 'INDOOR30003', NULL, NULL, NULL, 0, NULL, NULL, NULL, NULL),
(172, 481, 'INDOOR30004', NULL, NULL, NULL, 0, NULL, NULL, NULL, NULL),
(172, 481, 'INDOOR30005', NULL, NULL, NULL, 0, NULL, NULL, NULL, NULL),
(172, 481, 'INDOOR30006', NULL, NULL, NULL, 0, NULL, NULL, NULL, NULL),
(172, 481, 'INDOOR30007', NULL, NULL, NULL, 0, NULL, NULL, NULL, NULL),
(172, 481, 'INDOOR30008', NULL, NULL, NULL, 0, NULL, NULL, NULL, NULL),
(172, 481, 'INDOOR30009', NULL, NULL, NULL, 0, NULL, NULL, NULL, NULL),
(172, 679, 'INDOOR30001', NULL, NULL, NULL, 0, NULL, NULL, NULL, NULL),
(172, 679, 'INDOOR30002', NULL, NULL, NULL, 0, NULL, NULL, NULL, NULL),
(172, 679, 'INDOOR30003', NULL, NULL, NULL, 0, NULL, NULL, NULL, NULL),
(172, 679, 'INDOOR30004', NULL, NULL, NULL, 0, NULL, NULL, NULL, NULL),
(172, 679, 'INDOOR30005', NULL, NULL, NULL, 0, NULL, NULL, NULL, NULL),
(172, 679, 'INDOOR30006', NULL, NULL, NULL, 0, NULL, NULL, NULL, NULL),
(172, 679, 'INDOOR30007', NULL, NULL, NULL, 0, NULL, NULL, NULL, NULL),
(172, 679, 'INDOOR30008', NULL, NULL, NULL, 0, NULL, NULL, NULL, NULL),
(172, 679, 'INDOOR30009', NULL, NULL, NULL, 0, NULL, NULL, NULL, NULL),
(172, 903, 'INDOOR30001', NULL, NULL, NULL, 0, NULL, NULL, NULL, NULL),
(172, 903, 'INDOOR30002', NULL, NULL, NULL, 0, NULL, NULL, NULL, NULL),
(172, 903, 'INDOOR30003', NULL, NULL, NULL, 0, NULL, NULL, NULL, NULL),
(172, 903, 'INDOOR30004', NULL, NULL, NULL, 0, NULL, NULL, NULL, NULL),
(172, 903, 'INDOOR30005', NULL, NULL, NULL, 0, NULL, NULL, NULL, NULL),
(172, 903, 'INDOOR30006', NULL, NULL, NULL, 0, NULL, NULL, NULL, NULL),
(172, 903, 'INDOOR30007', NULL, NULL, NULL, 0, NULL, NULL, NULL, NULL),
(172, 903, 'INDOOR30008', NULL, NULL, NULL, 0, NULL, NULL, NULL, NULL),
(172, 903, 'INDOOR30009', NULL, NULL, NULL, 0, NULL, NULL, NULL, NULL),
(173, 482, 'INDOOR30001', NULL, NULL, NULL, 15, NULL, NULL, NULL, NULL),
(173, 482, 'INDOOR30002', NULL, NULL, NULL, 15, NULL, NULL, NULL, NULL),
(173, 482, 'INDOOR30003', NULL, NULL, NULL, 15, NULL, NULL, NULL, NULL),
(173, 482, 'INDOOR30004', NULL, NULL, NULL, 15, NULL, NULL, NULL, NULL),
(173, 482, 'INDOOR30005', NULL, NULL, NULL, 15, NULL, NULL, NULL, NULL),
(173, 482, 'INDOOR30006', NULL, NULL, NULL, 15, NULL, NULL, NULL, NULL),
(173, 482, 'INDOOR30007', NULL, NULL, NULL, 15, NULL, NULL, NULL, NULL),
(173, 482, 'INDOOR30008', NULL, NULL, NULL, 15, NULL, NULL, NULL, NULL),
(173, 482, 'INDOOR30009', NULL, NULL, NULL, 15, NULL, NULL, NULL, NULL),
(173, 680, 'INDOOR30001', NULL, NULL, NULL, 15, NULL, NULL, NULL, NULL),
(173, 680, 'INDOOR30002', NULL, NULL, NULL, 15, NULL, NULL, NULL, NULL),
(173, 680, 'INDOOR30003', NULL, NULL, NULL, 15, NULL, NULL, NULL, NULL),
(173, 680, 'INDOOR30004', NULL, NULL, NULL, 15, NULL, NULL, NULL, NULL),
(173, 680, 'INDOOR30005', NULL, NULL, NULL, 15, NULL, NULL, NULL, NULL),
(173, 680, 'INDOOR30006', NULL, NULL, NULL, 15, NULL, NULL, NULL, NULL),
(173, 680, 'INDOOR30007', NULL, NULL, NULL, 15, NULL, NULL, NULL, NULL),
(173, 680, 'INDOOR30008', NULL, NULL, NULL, 15, NULL, NULL, NULL, NULL),
(173, 680, 'INDOOR30009', NULL, NULL, NULL, 15, NULL, NULL, NULL, NULL),
(173, 904, 'INDOOR30001', NULL, NULL, NULL, 15, NULL, NULL, NULL, NULL),
(173, 904, 'INDOOR30002', NULL, NULL, NULL, 15, NULL, NULL, NULL, NULL),
(173, 904, 'INDOOR30003', NULL, NULL, NULL, 15, NULL, NULL, NULL, NULL),
(173, 904, 'INDOOR30004', NULL, NULL, NULL, 15, NULL, NULL, NULL, NULL),
(173, 904, 'INDOOR30005', NULL, NULL, NULL, 15, NULL, NULL, NULL, NULL),
(173, 904, 'INDOOR30006', NULL, NULL, NULL, 15, NULL, NULL, NULL, NULL),
(173, 904, 'INDOOR30007', NULL, NULL, NULL, 15, NULL, NULL, NULL, NULL),
(173, 904, 'INDOOR30008', NULL, NULL, NULL, 15, NULL, NULL, NULL, NULL),
(173, 904, 'INDOOR30009', NULL, NULL, NULL, 15, NULL, NULL, NULL, NULL),
(174, 483, 'INDOOR30001', NULL, NULL, NULL, 0, NULL, NULL, NULL, NULL),
(174, 483, 'INDOOR30002', NULL, NULL, NULL, 0, NULL, NULL, NULL, NULL),
(174, 483, 'INDOOR30003', NULL, NULL, NULL, 0, NULL, NULL, NULL, NULL),
(174, 483, 'INDOOR30004', NULL, NULL, NULL, 0, NULL, NULL, NULL, NULL),
(174, 483, 'INDOOR30005', NULL, NULL, NULL, 0, NULL, NULL, NULL, NULL),
(174, 483, 'INDOOR30006', NULL, NULL, NULL, 0, NULL, NULL, NULL, NULL),
(174, 483, 'INDOOR30007', NULL, NULL, NULL, 0, NULL, NULL, NULL, NULL),
(174, 483, 'INDOOR30008', NULL, NULL, NULL, 0, NULL, NULL, NULL, NULL),
(174, 483, 'INDOOR30009', NULL, NULL, NULL, 0, NULL, NULL, NULL, NULL),
(174, 681, 'INDOOR30001', NULL, NULL, NULL, 0, NULL, NULL, NULL, NULL),
(174, 681, 'INDOOR30002', NULL, NULL, NULL, 0, NULL, NULL, NULL, NULL),
(174, 681, 'INDOOR30003', NULL, NULL, NULL, 0, NULL, NULL, NULL, NULL),
(174, 681, 'INDOOR30004', NULL, NULL, NULL, 0, NULL, NULL, NULL, NULL),
(174, 681, 'INDOOR30005', NULL, NULL, NULL, 0, NULL, NULL, NULL, NULL),
(174, 681, 'INDOOR30006', NULL, NULL, NULL, 0, NULL, NULL, NULL, NULL),
(174, 681, 'INDOOR30007', NULL, NULL, NULL, 0, NULL, NULL, NULL, NULL),
(174, 681, 'INDOOR30008', NULL, NULL, NULL, 0, NULL, NULL, NULL, NULL),
(174, 681, 'INDOOR30009', NULL, NULL, NULL, 0, NULL, NULL, NULL, NULL),
(174, 905, 'INDOOR30001', NULL, NULL, NULL, 0, NULL, NULL, NULL, NULL),
(174, 905, 'INDOOR30002', NULL, NULL, NULL, 0, NULL, NULL, NULL, NULL),
(174, 905, 'INDOOR30003', NULL, NULL, NULL, 0, NULL, NULL, NULL, NULL),
(174, 905, 'INDOOR30004', NULL, NULL, NULL, 0, NULL, NULL, NULL, NULL),
(174, 905, 'INDOOR30005', NULL, NULL, NULL, 0, NULL, NULL, NULL, NULL),
(174, 905, 'INDOOR30006', NULL, NULL, NULL, 0, NULL, NULL, NULL, NULL),
(174, 905, 'INDOOR30007', NULL, NULL, NULL, 0, NULL, NULL, NULL, NULL),
(174, 905, 'INDOOR30008', NULL, NULL, NULL, 0, NULL, NULL, NULL, NULL),
(174, 905, 'INDOOR30009', NULL, NULL, NULL, 0, NULL, NULL, NULL, NULL),
(175, 484, 'INDOOR30001', NULL, NULL, NULL, 12701, NULL, NULL, NULL, NULL),
(175, 484, 'INDOOR30002', NULL, NULL, NULL, 12701, NULL, NULL, NULL, NULL),
(175, 484, 'INDOOR30003', NULL, NULL, NULL, 12701, NULL, NULL, NULL, NULL),
(175, 484, 'INDOOR30004', NULL, NULL, NULL, 12701, NULL, NULL, NULL, NULL),
(175, 484, 'INDOOR30005', NULL, NULL, NULL, 12701, NULL, NULL, NULL, NULL),
(175, 484, 'INDOOR30006', NULL, NULL, NULL, 12701, NULL, NULL, NULL, NULL),
(175, 484, 'INDOOR30007', NULL, NULL, NULL, 12701, NULL, NULL, NULL, NULL),
(175, 484, 'INDOOR30008', NULL, NULL, NULL, 12701, NULL, NULL, NULL, NULL),
(175, 484, 'INDOOR30009', NULL, NULL, NULL, 12701, NULL, NULL, NULL, NULL),
(175, 682, 'INDOOR30001', NULL, NULL, NULL, 12701, NULL, NULL, NULL, NULL),
(175, 682, 'INDOOR30002', NULL, NULL, NULL, 12701, NULL, NULL, NULL, NULL),
(175, 682, 'INDOOR30003', NULL, NULL, NULL, 12701, NULL, NULL, NULL, NULL),
(175, 682, 'INDOOR30004', NULL, NULL, NULL, 12701, NULL, NULL, NULL, NULL),
(175, 682, 'INDOOR30005', NULL, NULL, NULL, 12701, NULL, NULL, NULL, NULL),
(175, 682, 'INDOOR30006', NULL, NULL, NULL, 12701, NULL, NULL, NULL, NULL),
(175, 682, 'INDOOR30007', NULL, NULL, NULL, 12701, NULL, NULL, NULL, NULL),
(175, 682, 'INDOOR30008', NULL, NULL, NULL, 12701, NULL, NULL, NULL, NULL),
(175, 682, 'INDOOR30009', NULL, NULL, NULL, 12701, NULL, NULL, NULL, NULL),
(175, 906, 'INDOOR30001', NULL, NULL, NULL, 12701, NULL, NULL, NULL, NULL),
(175, 906, 'INDOOR30002', NULL, NULL, NULL, 12701, NULL, NULL, NULL, NULL),
(175, 906, 'INDOOR30003', NULL, NULL, NULL, 12701, NULL, NULL, NULL, NULL),
(175, 906, 'INDOOR30004', NULL, NULL, NULL, 12701, NULL, NULL, NULL, NULL),
(175, 906, 'INDOOR30005', NULL, NULL, NULL, 12701, NULL, NULL, NULL, NULL),
(175, 906, 'INDOOR30006', NULL, NULL, NULL, 12701, NULL, NULL, NULL, NULL),
(175, 906, 'INDOOR30007', NULL, NULL, NULL, 12701, NULL, NULL, NULL, NULL),
(175, 906, 'INDOOR30008', NULL, NULL, NULL, 12701, NULL, NULL, NULL, NULL),
(175, 906, 'INDOOR30009', NULL, NULL, NULL, 12701, NULL, NULL, NULL, NULL),
(176, 485, 'INDOOR30001', NULL, NULL, NULL, 0, NULL, NULL, NULL, NULL),
(176, 485, 'INDOOR30002', NULL, NULL, NULL, 0, NULL, NULL, NULL, NULL),
(176, 485, 'INDOOR30003', NULL, NULL, NULL, 0, NULL, NULL, NULL, NULL),
(176, 485, 'INDOOR30004', NULL, NULL, NULL, 0, NULL, NULL, NULL, NULL),
(176, 485, 'INDOOR30005', NULL, NULL, NULL, 0, NULL, NULL, NULL, NULL),
(176, 485, 'INDOOR30006', NULL, NULL, NULL, 0, NULL, NULL, NULL, NULL),
(176, 485, 'INDOOR30007', NULL, NULL, NULL, 0, NULL, NULL, NULL, NULL),
(176, 485, 'INDOOR30008', NULL, NULL, NULL, 0, NULL, NULL, NULL, NULL),
(176, 485, 'INDOOR30009', NULL, NULL, NULL, 0, NULL, NULL, NULL, NULL),
(176, 683, 'INDOOR30001', NULL, NULL, NULL, 0, NULL, NULL, NULL, NULL),
(176, 683, 'INDOOR30002', NULL, NULL, NULL, 0, NULL, NULL, NULL, NULL),
(176, 683, 'INDOOR30003', NULL, NULL, NULL, 0, NULL, NULL, NULL, NULL),
(176, 683, 'INDOOR30004', NULL, NULL, NULL, 0, NULL, NULL, NULL, NULL),
(176, 683, 'INDOOR30005', NULL, NULL, NULL, 0, NULL, NULL, NULL, NULL),
(176, 683, 'INDOOR30006', NULL, NULL, NULL, 0, NULL, NULL, NULL, NULL),
(176, 683, 'INDOOR30007', NULL, NULL, NULL, 0, NULL, NULL, NULL, NULL),
(176, 683, 'INDOOR30008', NULL, NULL, NULL, 0, NULL, NULL, NULL, NULL),
(176, 683, 'INDOOR30009', NULL, NULL, NULL, 0, NULL, NULL, NULL, NULL),
(176, 907, 'INDOOR30001', NULL, NULL, NULL, 0, NULL, NULL, NULL, NULL),
(176, 907, 'INDOOR30002', NULL, NULL, NULL, 0, NULL, NULL, NULL, NULL),
(176, 907, 'INDOOR30003', NULL, NULL, NULL, 0, NULL, NULL, NULL, NULL),
(176, 907, 'INDOOR30004', NULL, NULL, NULL, 0, NULL, NULL, NULL, NULL),
(176, 907, 'INDOOR30005', NULL, NULL, NULL, 0, NULL, NULL, NULL, NULL),
(176, 907, 'INDOOR30006', NULL, NULL, NULL, 0, NULL, NULL, NULL, NULL),
(176, 907, 'INDOOR30007', NULL, NULL, NULL, 0, NULL, NULL, NULL, NULL),
(176, 907, 'INDOOR30008', NULL, NULL, NULL, 0, NULL, NULL, NULL, NULL),
(176, 907, 'INDOOR30009', NULL, NULL, NULL, 0, NULL, NULL, NULL, NULL),
(177, 486, 'INDOOR30001', NULL, NULL, NULL, 120, NULL, NULL, NULL, NULL),
(177, 486, 'INDOOR30002', NULL, NULL, NULL, 120, NULL, NULL, NULL, NULL),
(177, 486, 'INDOOR30003', NULL, NULL, NULL, 120, NULL, NULL, NULL, NULL),
(177, 486, 'INDOOR30004', NULL, NULL, NULL, 120, NULL, NULL, NULL, NULL),
(177, 486, 'INDOOR30005', NULL, NULL, NULL, 120, NULL, NULL, NULL, NULL),
(177, 486, 'INDOOR30006', NULL, NULL, NULL, 120, NULL, NULL, NULL, NULL),
(177, 486, 'INDOOR30007', NULL, NULL, NULL, 120, NULL, NULL, NULL, NULL),
(177, 486, 'INDOOR30008', NULL, NULL, NULL, 120, NULL, NULL, NULL, NULL),
(177, 486, 'INDOOR30009', NULL, NULL, NULL, 120, NULL, NULL, NULL, NULL),
(177, 684, 'INDOOR30001', NULL, NULL, NULL, 120, NULL, NULL, NULL, NULL),
(177, 684, 'INDOOR30002', NULL, NULL, NULL, 120, NULL, NULL, NULL, NULL),
(177, 684, 'INDOOR30003', NULL, NULL, NULL, 120, NULL, NULL, NULL, NULL),
(177, 684, 'INDOOR30004', NULL, NULL, NULL, 120, NULL, NULL, NULL, NULL),
(177, 684, 'INDOOR30005', NULL, NULL, NULL, 120, NULL, NULL, NULL, NULL),
(177, 684, 'INDOOR30006', NULL, NULL, NULL, 120, NULL, NULL, NULL, NULL),
(177, 684, 'INDOOR30007', NULL, NULL, NULL, 120, NULL, NULL, NULL, NULL),
(177, 684, 'INDOOR30008', NULL, NULL, NULL, 120, NULL, NULL, NULL, NULL),
(177, 684, 'INDOOR30009', NULL, NULL, NULL, 120, NULL, NULL, NULL, NULL),
(177, 908, 'INDOOR30001', NULL, NULL, NULL, 120, NULL, NULL, NULL, NULL),
(177, 908, 'INDOOR30002', NULL, NULL, NULL, 120, NULL, NULL, NULL, NULL),
(177, 908, 'INDOOR30003', NULL, NULL, NULL, 120, NULL, NULL, NULL, NULL),
(177, 908, 'INDOOR30004', NULL, NULL, NULL, 120, NULL, NULL, NULL, NULL),
(177, 908, 'INDOOR30005', NULL, NULL, NULL, 120, NULL, NULL, NULL, NULL),
(177, 908, 'INDOOR30006', NULL, NULL, NULL, 120, NULL, NULL, NULL, NULL),
(177, 908, 'INDOOR30007', NULL, NULL, NULL, 120, NULL, NULL, NULL, NULL),
(177, 908, 'INDOOR30008', NULL, NULL, NULL, 120, NULL, NULL, NULL, NULL),
(177, 908, 'INDOOR30009', NULL, NULL, NULL, 120, NULL, NULL, NULL, NULL),
(178, 487, 'INDOOR30001', NULL, NULL, NULL, 0, NULL, NULL, NULL, NULL),
(178, 487, 'INDOOR30002', NULL, NULL, NULL, 0, NULL, NULL, NULL, NULL),
(178, 487, 'INDOOR30003', NULL, NULL, NULL, 0, NULL, NULL, NULL, NULL),
(178, 487, 'INDOOR30004', NULL, NULL, NULL, 0, NULL, NULL, NULL, NULL),
(178, 487, 'INDOOR30005', NULL, NULL, NULL, 0, NULL, NULL, NULL, NULL),
(178, 487, 'INDOOR30006', NULL, NULL, NULL, 0, NULL, NULL, NULL, NULL),
(178, 487, 'INDOOR30007', NULL, NULL, NULL, 0, NULL, NULL, NULL, NULL),
(178, 487, 'INDOOR30008', NULL, NULL, NULL, 0, NULL, NULL, NULL, NULL),
(178, 487, 'INDOOR30009', NULL, NULL, NULL, 0, NULL, NULL, NULL, NULL),
(178, 685, 'INDOOR30001', NULL, NULL, NULL, 0, NULL, NULL, NULL, NULL),
(178, 685, 'INDOOR30002', NULL, NULL, NULL, 0, NULL, NULL, NULL, NULL),
(178, 685, 'INDOOR30003', NULL, NULL, NULL, 0, NULL, NULL, NULL, NULL),
(178, 685, 'INDOOR30004', NULL, NULL, NULL, 0, NULL, NULL, NULL, NULL),
(178, 685, 'INDOOR30005', NULL, NULL, NULL, 0, NULL, NULL, NULL, NULL),
(178, 685, 'INDOOR30006', NULL, NULL, NULL, 0, NULL, NULL, NULL, NULL),
(178, 685, 'INDOOR30007', NULL, NULL, NULL, 0, NULL, NULL, NULL, NULL),
(178, 685, 'INDOOR30008', NULL, NULL, NULL, 0, NULL, NULL, NULL, NULL),
(178, 685, 'INDOOR30009', NULL, NULL, NULL, 0, NULL, NULL, NULL, NULL),
(178, 909, 'INDOOR30001', NULL, NULL, NULL, 0, NULL, NULL, NULL, NULL),
(178, 909, 'INDOOR30002', NULL, NULL, NULL, 0, NULL, NULL, NULL, NULL),
(178, 909, 'INDOOR30003', NULL, NULL, NULL, 0, NULL, NULL, NULL, NULL),
(178, 909, 'INDOOR30004', NULL, NULL, NULL, 0, NULL, NULL, NULL, NULL),
(178, 909, 'INDOOR30005', NULL, NULL, NULL, 0, NULL, NULL, NULL, NULL),
(178, 909, 'INDOOR30006', NULL, NULL, NULL, 0, NULL, NULL, NULL, NULL),
(178, 909, 'INDOOR30007', NULL, NULL, NULL, 0, NULL, NULL, NULL, NULL),
(178, 909, 'INDOOR30008', NULL, NULL, NULL, 0, NULL, NULL, NULL, NULL),
(178, 909, 'INDOOR30009', NULL, NULL, NULL, 0, NULL, NULL, NULL, NULL),
(179, 488, 'INDOOR30001', NULL, NULL, NULL, 0, NULL, NULL, NULL, NULL),
(179, 488, 'INDOOR30002', NULL, NULL, NULL, 0, NULL, NULL, NULL, NULL),
(179, 488, 'INDOOR30003', NULL, NULL, NULL, 0, NULL, NULL, NULL, NULL),
(179, 488, 'INDOOR30004', NULL, NULL, NULL, 0, NULL, NULL, NULL, NULL),
(179, 488, 'INDOOR30005', NULL, NULL, NULL, 0, NULL, NULL, NULL, NULL),
(179, 488, 'INDOOR30006', NULL, NULL, NULL, 0, NULL, NULL, NULL, NULL),
(179, 488, 'INDOOR30007', NULL, NULL, NULL, 0, NULL, NULL, NULL, NULL),
(179, 488, 'INDOOR30008', NULL, NULL, NULL, 0, NULL, NULL, NULL, NULL),
(179, 488, 'INDOOR30009', NULL, NULL, NULL, 0, NULL, NULL, NULL, NULL),
(179, 686, 'INDOOR30001', NULL, NULL, NULL, 0, NULL, NULL, NULL, NULL),
(179, 686, 'INDOOR30002', NULL, NULL, NULL, 0, NULL, NULL, NULL, NULL),
(179, 686, 'INDOOR30003', NULL, NULL, NULL, 0, NULL, NULL, NULL, NULL),
(179, 686, 'INDOOR30004', NULL, NULL, NULL, 0, NULL, NULL, NULL, NULL),
(179, 686, 'INDOOR30005', NULL, NULL, NULL, 0, NULL, NULL, NULL, NULL),
(179, 686, 'INDOOR30006', NULL, NULL, NULL, 0, NULL, NULL, NULL, NULL),
(179, 686, 'INDOOR30007', NULL, NULL, NULL, 0, NULL, NULL, NULL, NULL),
(179, 686, 'INDOOR30008', NULL, NULL, NULL, 0, NULL, NULL, NULL, NULL),
(179, 686, 'INDOOR30009', NULL, NULL, NULL, 0, NULL, NULL, NULL, NULL),
(179, 910, 'INDOOR30001', NULL, NULL, NULL, 0, NULL, NULL, NULL, NULL),
(179, 910, 'INDOOR30002', NULL, NULL, NULL, 0, NULL, NULL, NULL, NULL),
(179, 910, 'INDOOR30003', NULL, NULL, NULL, 0, NULL, NULL, NULL, NULL),
(179, 910, 'INDOOR30004', NULL, NULL, NULL, 0, NULL, NULL, NULL, NULL),
(179, 910, 'INDOOR30005', NULL, NULL, NULL, 0, NULL, NULL, NULL, NULL),
(179, 910, 'INDOOR30006', NULL, NULL, NULL, 0, NULL, NULL, NULL, NULL),
(179, 910, 'INDOOR30007', NULL, NULL, NULL, 0, NULL, NULL, NULL, NULL),
(179, 910, 'INDOOR30008', NULL, NULL, NULL, 0, NULL, NULL, NULL, NULL),
(179, 910, 'INDOOR30009', NULL, NULL, NULL, 0, NULL, NULL, NULL, NULL),
(180, 489, 'INDOOR30001', NULL, NULL, NULL, 0, NULL, NULL, NULL, NULL),
(180, 489, 'INDOOR30002', NULL, NULL, NULL, 0, NULL, NULL, NULL, NULL),
(180, 489, 'INDOOR30003', NULL, NULL, NULL, 0, NULL, NULL, NULL, NULL),
(180, 489, 'INDOOR30004', NULL, NULL, NULL, 0, NULL, NULL, NULL, NULL),
(180, 489, 'INDOOR30005', NULL, NULL, NULL, 0, NULL, NULL, NULL, NULL),
(180, 489, 'INDOOR30006', NULL, NULL, NULL, 0, NULL, NULL, NULL, NULL),
(180, 489, 'INDOOR30007', NULL, NULL, NULL, 0, NULL, NULL, NULL, NULL),
(180, 489, 'INDOOR30008', NULL, NULL, NULL, 0, NULL, NULL, NULL, NULL),
(180, 489, 'INDOOR30009', NULL, NULL, NULL, 0, NULL, NULL, NULL, NULL),
(180, 687, 'INDOOR30001', NULL, NULL, NULL, 0, NULL, NULL, NULL, NULL),
(180, 687, 'INDOOR30002', NULL, NULL, NULL, 0, NULL, NULL, NULL, NULL),
(180, 687, 'INDOOR30003', NULL, NULL, NULL, 0, NULL, NULL, NULL, NULL),
(180, 687, 'INDOOR30004', NULL, NULL, NULL, 0, NULL, NULL, NULL, NULL),
(180, 687, 'INDOOR30005', NULL, NULL, NULL, 0, NULL, NULL, NULL, NULL),
(180, 687, 'INDOOR30006', NULL, NULL, NULL, 0, NULL, NULL, NULL, NULL),
(180, 687, 'INDOOR30007', NULL, NULL, NULL, 0, NULL, NULL, NULL, NULL),
(180, 687, 'INDOOR30008', NULL, NULL, NULL, 0, NULL, NULL, NULL, NULL),
(180, 687, 'INDOOR30009', NULL, NULL, NULL, 0, NULL, NULL, NULL, NULL),
(180, 911, 'INDOOR30001', NULL, NULL, NULL, 0, NULL, NULL, NULL, NULL),
(180, 911, 'INDOOR30002', NULL, NULL, NULL, 0, NULL, NULL, NULL, NULL),
(180, 911, 'INDOOR30003', NULL, NULL, NULL, 0, NULL, NULL, NULL, NULL),
(180, 911, 'INDOOR30004', NULL, NULL, NULL, 0, NULL, NULL, NULL, NULL),
(180, 911, 'INDOOR30005', NULL, NULL, NULL, 0, NULL, NULL, NULL, NULL),
(180, 911, 'INDOOR30006', NULL, NULL, NULL, 0, NULL, NULL, NULL, NULL),
(180, 911, 'INDOOR30007', NULL, NULL, NULL, 0, NULL, NULL, NULL, NULL),
(180, 911, 'INDOOR30008', NULL, NULL, NULL, 0, NULL, NULL, NULL, NULL),
(180, 911, 'INDOOR30009', NULL, NULL, NULL, 0, NULL, NULL, NULL, NULL),
(181, 490, 'INDOOR30001', NULL, NULL, NULL, 120, NULL, NULL, NULL, NULL),
(181, 490, 'INDOOR30002', NULL, NULL, NULL, 120, NULL, NULL, NULL, NULL),
(181, 490, 'INDOOR30003', NULL, NULL, NULL, 120, NULL, NULL, NULL, NULL),
(181, 490, 'INDOOR30004', NULL, NULL, NULL, 120, NULL, NULL, NULL, NULL),
(181, 490, 'INDOOR30005', NULL, NULL, NULL, 120, NULL, NULL, NULL, NULL),
(181, 490, 'INDOOR30006', NULL, NULL, NULL, 120, NULL, NULL, NULL, NULL),
(181, 490, 'INDOOR30007', NULL, NULL, NULL, 120, NULL, NULL, NULL, NULL),
(181, 490, 'INDOOR30008', NULL, NULL, NULL, 120, NULL, NULL, NULL, NULL),
(181, 490, 'INDOOR30009', NULL, NULL, NULL, 120, NULL, NULL, NULL, NULL),
(181, 688, 'INDOOR30001', NULL, NULL, NULL, 120, NULL, NULL, NULL, NULL),
(181, 688, 'INDOOR30002', NULL, NULL, NULL, 120, NULL, NULL, NULL, NULL),
(181, 688, 'INDOOR30003', NULL, NULL, NULL, 120, NULL, NULL, NULL, NULL),
(181, 688, 'INDOOR30004', NULL, NULL, NULL, 120, NULL, NULL, NULL, NULL),
(181, 688, 'INDOOR30005', NULL, NULL, NULL, 120, NULL, NULL, NULL, NULL),
(181, 688, 'INDOOR30006', NULL, NULL, NULL, 120, NULL, NULL, NULL, NULL),
(181, 688, 'INDOOR30007', NULL, NULL, NULL, 120, NULL, NULL, NULL, NULL),
(181, 688, 'INDOOR30008', NULL, NULL, NULL, 120, NULL, NULL, NULL, NULL),
(181, 688, 'INDOOR30009', NULL, NULL, NULL, 120, NULL, NULL, NULL, NULL),
(181, 912, 'INDOOR30001', NULL, NULL, NULL, 120, NULL, NULL, NULL, NULL),
(181, 912, 'INDOOR30002', NULL, NULL, NULL, 120, NULL, NULL, NULL, NULL),
(181, 912, 'INDOOR30003', NULL, NULL, NULL, 120, NULL, NULL, NULL, NULL),
(181, 912, 'INDOOR30004', NULL, NULL, NULL, 120, NULL, NULL, NULL, NULL),
(181, 912, 'INDOOR30005', NULL, NULL, NULL, 120, NULL, NULL, NULL, NULL),
(181, 912, 'INDOOR30006', NULL, NULL, NULL, 120, NULL, NULL, NULL, NULL),
(181, 912, 'INDOOR30007', NULL, NULL, NULL, 120, NULL, NULL, NULL, NULL),
(181, 912, 'INDOOR30008', NULL, NULL, NULL, 120, NULL, NULL, NULL, NULL),
(181, 912, 'INDOOR30009', NULL, NULL, NULL, 120, NULL, NULL, NULL, NULL),
(182, 491, 'INDOOR30001', NULL, NULL, NULL, 0, NULL, NULL, NULL, NULL),
(182, 491, 'INDOOR30002', NULL, NULL, NULL, 0, NULL, NULL, NULL, NULL),
(182, 491, 'INDOOR30003', NULL, NULL, NULL, 0, NULL, NULL, NULL, NULL),
(182, 491, 'INDOOR30004', NULL, NULL, NULL, 0, NULL, NULL, NULL, NULL),
(182, 491, 'INDOOR30005', NULL, NULL, NULL, 0, NULL, NULL, NULL, NULL),
(182, 491, 'INDOOR30006', NULL, NULL, NULL, 0, NULL, NULL, NULL, NULL),
(182, 491, 'INDOOR30007', NULL, NULL, NULL, 0, NULL, NULL, NULL, NULL),
(182, 491, 'INDOOR30008', NULL, NULL, NULL, 0, NULL, NULL, NULL, NULL),
(182, 491, 'INDOOR30009', NULL, NULL, NULL, 0, NULL, NULL, NULL, NULL),
(182, 689, 'INDOOR30001', NULL, NULL, NULL, 0, NULL, NULL, NULL, NULL),
(182, 689, 'INDOOR30002', NULL, NULL, NULL, 0, NULL, NULL, NULL, NULL),
(182, 689, 'INDOOR30003', NULL, NULL, NULL, 0, NULL, NULL, NULL, NULL),
(182, 689, 'INDOOR30004', NULL, NULL, NULL, 0, NULL, NULL, NULL, NULL),
(182, 689, 'INDOOR30005', NULL, NULL, NULL, 0, NULL, NULL, NULL, NULL),
(182, 689, 'INDOOR30006', NULL, NULL, NULL, 0, NULL, NULL, NULL, NULL),
(182, 689, 'INDOOR30007', NULL, NULL, NULL, 0, NULL, NULL, NULL, NULL),
(182, 689, 'INDOOR30008', NULL, NULL, NULL, 0, NULL, NULL, NULL, NULL),
(182, 689, 'INDOOR30009', NULL, NULL, NULL, 0, NULL, NULL, NULL, NULL),
(182, 913, 'INDOOR30001', NULL, NULL, NULL, 0, NULL, NULL, NULL, NULL),
(182, 913, 'INDOOR30002', NULL, NULL, NULL, 0, NULL, NULL, NULL, NULL),
(182, 913, 'INDOOR30003', NULL, NULL, NULL, 0, NULL, NULL, NULL, NULL),
(182, 913, 'INDOOR30004', NULL, NULL, NULL, 0, NULL, NULL, NULL, NULL),
(182, 913, 'INDOOR30005', NULL, NULL, NULL, 0, NULL, NULL, NULL, NULL),
(182, 913, 'INDOOR30006', NULL, NULL, NULL, 0, NULL, NULL, NULL, NULL),
(182, 913, 'INDOOR30007', NULL, NULL, NULL, 0, NULL, NULL, NULL, NULL),
(182, 913, 'INDOOR30008', NULL, NULL, NULL, 0, NULL, NULL, NULL, NULL),
(182, 913, 'INDOOR30009', NULL, NULL, NULL, 0, NULL, NULL, NULL, NULL),
(183, 492, 'INDOOR30001', NULL, NULL, NULL, 0, NULL, NULL, NULL, NULL),
(183, 492, 'INDOOR30002', NULL, NULL, NULL, 0, NULL, NULL, NULL, NULL),
(183, 492, 'INDOOR30003', NULL, NULL, NULL, 0, NULL, NULL, NULL, NULL),
(183, 492, 'INDOOR30004', NULL, NULL, NULL, 0, NULL, NULL, NULL, NULL),
(183, 492, 'INDOOR30005', NULL, NULL, NULL, 0, NULL, NULL, NULL, NULL),
(183, 492, 'INDOOR30006', NULL, NULL, NULL, 0, NULL, NULL, NULL, NULL),
(183, 492, 'INDOOR30007', NULL, NULL, NULL, 0, NULL, NULL, NULL, NULL),
(183, 492, 'INDOOR30008', NULL, NULL, NULL, 0, NULL, NULL, NULL, NULL),
(183, 492, 'INDOOR30009', NULL, NULL, NULL, 0, NULL, NULL, NULL, NULL),
(183, 690, 'INDOOR30001', NULL, NULL, NULL, 0, NULL, NULL, NULL, NULL),
(183, 690, 'INDOOR30002', NULL, NULL, NULL, 0, NULL, NULL, NULL, NULL),
(183, 690, 'INDOOR30003', NULL, NULL, NULL, 0, NULL, NULL, NULL, NULL),
(183, 690, 'INDOOR30004', NULL, NULL, NULL, 0, NULL, NULL, NULL, NULL),
(183, 690, 'INDOOR30005', NULL, NULL, NULL, 0, NULL, NULL, NULL, NULL),
(183, 690, 'INDOOR30006', NULL, NULL, NULL, 0, NULL, NULL, NULL, NULL),
(183, 690, 'INDOOR30007', NULL, NULL, NULL, 0, NULL, NULL, NULL, NULL),
(183, 690, 'INDOOR30008', NULL, NULL, NULL, 0, NULL, NULL, NULL, NULL),
(183, 690, 'INDOOR30009', NULL, NULL, NULL, 0, NULL, NULL, NULL, NULL),
(183, 914, 'INDOOR30001', NULL, NULL, NULL, 0, NULL, NULL, NULL, NULL),
(183, 914, 'INDOOR30002', NULL, NULL, NULL, 0, NULL, NULL, NULL, NULL),
(183, 914, 'INDOOR30003', NULL, NULL, NULL, 0, NULL, NULL, NULL, NULL),
(183, 914, 'INDOOR30004', NULL, NULL, NULL, 0, NULL, NULL, NULL, NULL),
(183, 914, 'INDOOR30005', NULL, NULL, NULL, 0, NULL, NULL, NULL, NULL),
(183, 914, 'INDOOR30006', NULL, NULL, NULL, 0, NULL, NULL, NULL, NULL),
(183, 914, 'INDOOR30007', NULL, NULL, NULL, 0, NULL, NULL, NULL, NULL),
(183, 914, 'INDOOR30008', NULL, NULL, NULL, 0, NULL, NULL, NULL, NULL),
(183, 914, 'INDOOR30009', NULL, NULL, NULL, 0, NULL, NULL, NULL, NULL),
(184, 493, 'INDOOR30001', NULL, NULL, NULL, 0, NULL, NULL, NULL, NULL),
(184, 493, 'INDOOR30002', NULL, NULL, NULL, 0, NULL, NULL, NULL, NULL),
(184, 493, 'INDOOR30003', NULL, NULL, NULL, 0, NULL, NULL, NULL, NULL),
(184, 493, 'INDOOR30004', NULL, NULL, NULL, 0, NULL, NULL, NULL, NULL),
(184, 493, 'INDOOR30005', NULL, NULL, NULL, 0, NULL, NULL, NULL, NULL),
(184, 493, 'INDOOR30006', NULL, NULL, NULL, 0, NULL, NULL, NULL, NULL),
(184, 493, 'INDOOR30007', NULL, NULL, NULL, 0, NULL, NULL, NULL, NULL),
(184, 493, 'INDOOR30008', NULL, NULL, NULL, 0, NULL, NULL, NULL, NULL),
(184, 493, 'INDOOR30009', NULL, NULL, NULL, 0, NULL, NULL, NULL, NULL),
(184, 691, 'INDOOR30001', NULL, NULL, NULL, 0, NULL, NULL, NULL, NULL),
(184, 691, 'INDOOR30002', NULL, NULL, NULL, 0, NULL, NULL, NULL, NULL),
(184, 691, 'INDOOR30003', NULL, NULL, NULL, 0, NULL, NULL, NULL, NULL),
(184, 691, 'INDOOR30004', NULL, NULL, NULL, 0, NULL, NULL, NULL, NULL),
(184, 691, 'INDOOR30005', NULL, NULL, NULL, 0, NULL, NULL, NULL, NULL),
(184, 691, 'INDOOR30006', NULL, NULL, NULL, 0, NULL, NULL, NULL, NULL),
(184, 691, 'INDOOR30007', NULL, NULL, NULL, 0, NULL, NULL, NULL, NULL),
(184, 691, 'INDOOR30008', NULL, NULL, NULL, 0, NULL, NULL, NULL, NULL),
(184, 691, 'INDOOR30009', NULL, NULL, NULL, 0, NULL, NULL, NULL, NULL),
(184, 915, 'INDOOR30001', NULL, NULL, NULL, 0, NULL, NULL, NULL, NULL),
(184, 915, 'INDOOR30002', NULL, NULL, NULL, 0, NULL, NULL, NULL, NULL),
(184, 915, 'INDOOR30003', NULL, NULL, NULL, 0, NULL, NULL, NULL, NULL),
(184, 915, 'INDOOR30004', NULL, NULL, NULL, 0, NULL, NULL, NULL, NULL),
(184, 915, 'INDOOR30005', NULL, NULL, NULL, 0, NULL, NULL, NULL, NULL),
(184, 915, 'INDOOR30006', NULL, NULL, NULL, 0, NULL, NULL, NULL, NULL),
(184, 915, 'INDOOR30007', NULL, NULL, NULL, 0, NULL, NULL, NULL, NULL),
(184, 915, 'INDOOR30008', NULL, NULL, NULL, 0, NULL, NULL, NULL, NULL),
(184, 915, 'INDOOR30009', NULL, NULL, NULL, 0, NULL, NULL, NULL, NULL),
(185, 494, 'INDOOR30001', NULL, NULL, NULL, 12701, NULL, NULL, NULL, NULL),
(185, 494, 'INDOOR30002', NULL, NULL, NULL, 12701, NULL, NULL, NULL, NULL),
(185, 494, 'INDOOR30003', NULL, NULL, NULL, 12701, NULL, NULL, NULL, NULL),
(185, 494, 'INDOOR30004', NULL, NULL, NULL, 12701, NULL, NULL, NULL, NULL),
(185, 494, 'INDOOR30005', NULL, NULL, NULL, 12701, NULL, NULL, NULL, NULL),
(185, 494, 'INDOOR30006', NULL, NULL, NULL, 12701, NULL, NULL, NULL, NULL),
(185, 494, 'INDOOR30007', NULL, NULL, NULL, 12701, NULL, NULL, NULL, NULL),
(185, 494, 'INDOOR30008', NULL, NULL, NULL, 12701, NULL, NULL, NULL, NULL),
(185, 494, 'INDOOR30009', NULL, NULL, NULL, 12701, NULL, NULL, NULL, NULL),
(185, 692, 'INDOOR30001', NULL, NULL, NULL, 12701, NULL, NULL, NULL, NULL),
(185, 692, 'INDOOR30002', NULL, NULL, NULL, 12701, NULL, NULL, NULL, NULL),
(185, 692, 'INDOOR30003', NULL, NULL, NULL, 12701, NULL, NULL, NULL, NULL),
(185, 692, 'INDOOR30004', NULL, NULL, NULL, 12701, NULL, NULL, NULL, NULL),
(185, 692, 'INDOOR30005', NULL, NULL, NULL, 12701, NULL, NULL, NULL, NULL),
(185, 692, 'INDOOR30006', NULL, NULL, NULL, 12701, NULL, NULL, NULL, NULL),
(185, 692, 'INDOOR30007', NULL, NULL, NULL, 12701, NULL, NULL, NULL, NULL),
(185, 692, 'INDOOR30008', NULL, NULL, NULL, 12701, NULL, NULL, NULL, NULL),
(185, 692, 'INDOOR30009', NULL, NULL, NULL, 12701, NULL, NULL, NULL, NULL),
(185, 916, 'INDOOR30001', NULL, NULL, NULL, 12701, NULL, NULL, NULL, NULL),
(185, 916, 'INDOOR30002', NULL, NULL, NULL, 12701, NULL, NULL, NULL, NULL),
(185, 916, 'INDOOR30003', NULL, NULL, NULL, 12701, NULL, NULL, NULL, NULL),
(185, 916, 'INDOOR30004', NULL, NULL, NULL, 12701, NULL, NULL, NULL, NULL),
(185, 916, 'INDOOR30005', NULL, NULL, NULL, 12701, NULL, NULL, NULL, NULL),
(185, 916, 'INDOOR30006', NULL, NULL, NULL, 12701, NULL, NULL, NULL, NULL),
(185, 916, 'INDOOR30007', NULL, NULL, NULL, 12701, NULL, NULL, NULL, NULL),
(185, 916, 'INDOOR30008', NULL, NULL, NULL, 12701, NULL, NULL, NULL, NULL),
(185, 916, 'INDOOR30009', NULL, NULL, NULL, 12701, NULL, NULL, NULL, NULL),
(186, 495, 'INDOOR30001', NULL, NULL, NULL, 0, NULL, NULL, NULL, NULL),
(186, 495, 'INDOOR30002', NULL, NULL, NULL, 0, NULL, NULL, NULL, NULL),
(186, 495, 'INDOOR30003', NULL, NULL, NULL, 0, NULL, NULL, NULL, NULL),
(186, 495, 'INDOOR30004', NULL, NULL, NULL, 0, NULL, NULL, NULL, NULL),
(186, 495, 'INDOOR30005', NULL, NULL, NULL, 0, NULL, NULL, NULL, NULL),
(186, 495, 'INDOOR30006', NULL, NULL, NULL, 0, NULL, NULL, NULL, NULL),
(186, 495, 'INDOOR30007', NULL, NULL, NULL, 0, NULL, NULL, NULL, NULL),
(186, 495, 'INDOOR30008', NULL, NULL, NULL, 0, NULL, NULL, NULL, NULL),
(186, 495, 'INDOOR30009', NULL, NULL, NULL, 0, NULL, NULL, NULL, NULL),
(186, 693, 'INDOOR30001', NULL, NULL, NULL, 0, NULL, NULL, NULL, NULL),
(186, 693, 'INDOOR30002', NULL, NULL, NULL, 0, NULL, NULL, NULL, NULL),
(186, 693, 'INDOOR30003', NULL, NULL, NULL, 0, NULL, NULL, NULL, NULL),
(186, 693, 'INDOOR30004', NULL, NULL, NULL, 0, NULL, NULL, NULL, NULL),
(186, 693, 'INDOOR30005', NULL, NULL, NULL, 0, NULL, NULL, NULL, NULL),
(186, 693, 'INDOOR30006', NULL, NULL, NULL, 0, NULL, NULL, NULL, NULL),
(186, 693, 'INDOOR30007', NULL, NULL, NULL, 0, NULL, NULL, NULL, NULL),
(186, 693, 'INDOOR30008', NULL, NULL, NULL, 0, NULL, NULL, NULL, NULL),
(186, 693, 'INDOOR30009', NULL, NULL, NULL, 0, NULL, NULL, NULL, NULL);
INSERT INTO `noidungcongviec` (`ID_DOTBD`, `ID_THIETBI`, `MA_NOIDUNG`, `GHICHU`, `KIENNGHI`, `TRANGTHAI`, `ID_NHANVIEN`, `KETQUA`, `SOLIEUTHUCTE`, `KETQUAXULY`, `ANH`) VALUES
(186, 917, 'INDOOR30001', NULL, NULL, NULL, 0, NULL, NULL, NULL, NULL),
(186, 917, 'INDOOR30002', NULL, NULL, NULL, 0, NULL, NULL, NULL, NULL),
(186, 917, 'INDOOR30003', NULL, NULL, NULL, 0, NULL, NULL, NULL, NULL),
(186, 917, 'INDOOR30004', NULL, NULL, NULL, 0, NULL, NULL, NULL, NULL),
(186, 917, 'INDOOR30005', NULL, NULL, NULL, 0, NULL, NULL, NULL, NULL),
(186, 917, 'INDOOR30006', NULL, NULL, NULL, 0, NULL, NULL, NULL, NULL),
(186, 917, 'INDOOR30007', NULL, NULL, NULL, 0, NULL, NULL, NULL, NULL),
(186, 917, 'INDOOR30008', NULL, NULL, NULL, 0, NULL, NULL, NULL, NULL),
(186, 917, 'INDOOR30009', NULL, NULL, NULL, 0, NULL, NULL, NULL, NULL),
(187, 496, 'INDOOR30001', NULL, NULL, NULL, 120, NULL, NULL, NULL, NULL),
(187, 496, 'INDOOR30002', NULL, NULL, NULL, 120, NULL, NULL, NULL, NULL),
(187, 496, 'INDOOR30003', NULL, NULL, NULL, 120, NULL, NULL, NULL, NULL),
(187, 496, 'INDOOR30004', NULL, NULL, NULL, 120, NULL, NULL, NULL, NULL),
(187, 496, 'INDOOR30005', NULL, NULL, NULL, 120, NULL, NULL, NULL, NULL),
(187, 496, 'INDOOR30006', NULL, NULL, NULL, 120, NULL, NULL, NULL, NULL),
(187, 496, 'INDOOR30007', NULL, NULL, NULL, 120, NULL, NULL, NULL, NULL),
(187, 496, 'INDOOR30008', NULL, NULL, NULL, 120, NULL, NULL, NULL, NULL),
(187, 496, 'INDOOR30009', NULL, NULL, NULL, 120, NULL, NULL, NULL, NULL),
(187, 694, 'INDOOR30001', NULL, NULL, NULL, 120, NULL, NULL, NULL, NULL),
(187, 694, 'INDOOR30002', NULL, NULL, NULL, 120, NULL, NULL, NULL, NULL),
(187, 694, 'INDOOR30003', NULL, NULL, NULL, 120, NULL, NULL, NULL, NULL),
(187, 694, 'INDOOR30004', NULL, NULL, NULL, 120, NULL, NULL, NULL, NULL),
(187, 694, 'INDOOR30005', NULL, NULL, NULL, 120, NULL, NULL, NULL, NULL),
(187, 694, 'INDOOR30006', NULL, NULL, NULL, 120, NULL, NULL, NULL, NULL),
(187, 694, 'INDOOR30007', NULL, NULL, NULL, 120, NULL, NULL, NULL, NULL),
(187, 694, 'INDOOR30008', NULL, NULL, NULL, 120, NULL, NULL, NULL, NULL),
(187, 694, 'INDOOR30009', NULL, NULL, NULL, 120, NULL, NULL, NULL, NULL),
(187, 918, 'INDOOR30001', NULL, NULL, NULL, 120, NULL, NULL, NULL, NULL),
(187, 918, 'INDOOR30002', NULL, NULL, NULL, 120, NULL, NULL, NULL, NULL),
(187, 918, 'INDOOR30003', NULL, NULL, NULL, 120, NULL, NULL, NULL, NULL),
(187, 918, 'INDOOR30004', NULL, NULL, NULL, 120, NULL, NULL, NULL, NULL),
(187, 918, 'INDOOR30005', NULL, NULL, NULL, 120, NULL, NULL, NULL, NULL),
(187, 918, 'INDOOR30006', NULL, NULL, NULL, 120, NULL, NULL, NULL, NULL),
(187, 918, 'INDOOR30007', NULL, NULL, NULL, 120, NULL, NULL, NULL, NULL),
(187, 918, 'INDOOR30008', NULL, NULL, NULL, 120, NULL, NULL, NULL, NULL),
(187, 918, 'INDOOR30009', NULL, NULL, NULL, 120, NULL, NULL, NULL, NULL),
(188, 497, 'INDOOR30001', NULL, NULL, NULL, 75, NULL, NULL, NULL, NULL),
(188, 497, 'INDOOR30002', NULL, NULL, NULL, 75, NULL, NULL, NULL, NULL),
(188, 497, 'INDOOR30003', NULL, NULL, NULL, 75, NULL, NULL, NULL, NULL),
(188, 497, 'INDOOR30004', NULL, NULL, NULL, 75, NULL, NULL, NULL, NULL),
(188, 497, 'INDOOR30005', NULL, NULL, NULL, 75, NULL, NULL, NULL, NULL),
(188, 497, 'INDOOR30006', NULL, NULL, NULL, 75, NULL, NULL, NULL, NULL),
(188, 497, 'INDOOR30007', NULL, NULL, NULL, 75, NULL, NULL, NULL, NULL),
(188, 497, 'INDOOR30008', NULL, NULL, NULL, 75, NULL, NULL, NULL, NULL),
(188, 497, 'INDOOR30009', NULL, NULL, NULL, 75, NULL, NULL, NULL, NULL),
(188, 695, 'INDOOR30001', NULL, NULL, NULL, 75, NULL, NULL, NULL, NULL),
(188, 695, 'INDOOR30002', NULL, NULL, NULL, 75, NULL, NULL, NULL, NULL),
(188, 695, 'INDOOR30003', NULL, NULL, NULL, 75, NULL, NULL, NULL, NULL),
(188, 695, 'INDOOR30004', NULL, NULL, NULL, 75, NULL, NULL, NULL, NULL),
(188, 695, 'INDOOR30005', NULL, NULL, NULL, 75, NULL, NULL, NULL, NULL),
(188, 695, 'INDOOR30006', NULL, NULL, NULL, 75, NULL, NULL, NULL, NULL),
(188, 695, 'INDOOR30007', NULL, NULL, NULL, 75, NULL, NULL, NULL, NULL),
(188, 695, 'INDOOR30008', NULL, NULL, NULL, 75, NULL, NULL, NULL, NULL),
(188, 695, 'INDOOR30009', NULL, NULL, NULL, 75, NULL, NULL, NULL, NULL),
(188, 919, 'INDOOR30001', NULL, NULL, NULL, 75, NULL, NULL, NULL, NULL),
(188, 919, 'INDOOR30002', NULL, NULL, NULL, 75, NULL, NULL, NULL, NULL),
(188, 919, 'INDOOR30003', NULL, NULL, NULL, 75, NULL, NULL, NULL, NULL),
(188, 919, 'INDOOR30004', NULL, NULL, NULL, 75, NULL, NULL, NULL, NULL),
(188, 919, 'INDOOR30005', NULL, NULL, NULL, 75, NULL, NULL, NULL, NULL),
(188, 919, 'INDOOR30006', NULL, NULL, NULL, 75, NULL, NULL, NULL, NULL),
(188, 919, 'INDOOR30007', NULL, NULL, NULL, 75, NULL, NULL, NULL, NULL),
(188, 919, 'INDOOR30008', NULL, NULL, NULL, 75, NULL, NULL, NULL, NULL),
(188, 919, 'INDOOR30009', NULL, NULL, NULL, 75, NULL, NULL, NULL, NULL),
(189, 498, 'INDOOR30001', NULL, NULL, NULL, 0, NULL, NULL, NULL, NULL),
(189, 498, 'INDOOR30002', NULL, NULL, NULL, 0, NULL, NULL, NULL, NULL),
(189, 498, 'INDOOR30003', NULL, NULL, NULL, 0, NULL, NULL, NULL, NULL),
(189, 498, 'INDOOR30004', NULL, NULL, NULL, 0, NULL, NULL, NULL, NULL),
(189, 498, 'INDOOR30005', NULL, NULL, NULL, 0, NULL, NULL, NULL, NULL),
(189, 498, 'INDOOR30006', NULL, NULL, NULL, 0, NULL, NULL, NULL, NULL),
(189, 498, 'INDOOR30007', NULL, NULL, NULL, 0, NULL, NULL, NULL, NULL),
(189, 498, 'INDOOR30008', NULL, NULL, NULL, 0, NULL, NULL, NULL, NULL),
(189, 498, 'INDOOR30009', NULL, NULL, NULL, 0, NULL, NULL, NULL, NULL),
(189, 696, 'INDOOR30001', NULL, NULL, NULL, 0, NULL, NULL, NULL, NULL),
(189, 696, 'INDOOR30002', NULL, NULL, NULL, 0, NULL, NULL, NULL, NULL),
(189, 696, 'INDOOR30003', NULL, NULL, NULL, 0, NULL, NULL, NULL, NULL),
(189, 696, 'INDOOR30004', NULL, NULL, NULL, 0, NULL, NULL, NULL, NULL),
(189, 696, 'INDOOR30005', NULL, NULL, NULL, 0, NULL, NULL, NULL, NULL),
(189, 696, 'INDOOR30006', NULL, NULL, NULL, 0, NULL, NULL, NULL, NULL),
(189, 696, 'INDOOR30007', NULL, NULL, NULL, 0, NULL, NULL, NULL, NULL),
(189, 696, 'INDOOR30008', NULL, NULL, NULL, 0, NULL, NULL, NULL, NULL),
(189, 696, 'INDOOR30009', NULL, NULL, NULL, 0, NULL, NULL, NULL, NULL),
(189, 920, 'INDOOR30001', NULL, NULL, NULL, 0, NULL, NULL, NULL, NULL),
(189, 920, 'INDOOR30002', NULL, NULL, NULL, 0, NULL, NULL, NULL, NULL),
(189, 920, 'INDOOR30003', NULL, NULL, NULL, 0, NULL, NULL, NULL, NULL),
(189, 920, 'INDOOR30004', NULL, NULL, NULL, 0, NULL, NULL, NULL, NULL),
(189, 920, 'INDOOR30005', NULL, NULL, NULL, 0, NULL, NULL, NULL, NULL),
(189, 920, 'INDOOR30006', NULL, NULL, NULL, 0, NULL, NULL, NULL, NULL),
(189, 920, 'INDOOR30007', NULL, NULL, NULL, 0, NULL, NULL, NULL, NULL),
(189, 920, 'INDOOR30008', NULL, NULL, NULL, 0, NULL, NULL, NULL, NULL),
(189, 920, 'INDOOR30009', NULL, NULL, NULL, 0, NULL, NULL, NULL, NULL),
(190, 499, 'INDOOR30001', NULL, NULL, NULL, 0, NULL, NULL, NULL, NULL),
(190, 499, 'INDOOR30002', NULL, NULL, NULL, 0, NULL, NULL, NULL, NULL),
(190, 499, 'INDOOR30003', NULL, NULL, NULL, 0, NULL, NULL, NULL, NULL),
(190, 499, 'INDOOR30004', NULL, NULL, NULL, 0, NULL, NULL, NULL, NULL),
(190, 499, 'INDOOR30005', NULL, NULL, NULL, 0, NULL, NULL, NULL, NULL),
(190, 499, 'INDOOR30006', NULL, NULL, NULL, 0, NULL, NULL, NULL, NULL),
(190, 499, 'INDOOR30007', NULL, NULL, NULL, 0, NULL, NULL, NULL, NULL),
(190, 499, 'INDOOR30008', NULL, NULL, NULL, 0, NULL, NULL, NULL, NULL),
(190, 499, 'INDOOR30009', NULL, NULL, NULL, 0, NULL, NULL, NULL, NULL),
(190, 697, 'INDOOR30001', NULL, NULL, NULL, 0, NULL, NULL, NULL, NULL),
(190, 697, 'INDOOR30002', NULL, NULL, NULL, 0, NULL, NULL, NULL, NULL),
(190, 697, 'INDOOR30003', NULL, NULL, NULL, 0, NULL, NULL, NULL, NULL),
(190, 697, 'INDOOR30004', NULL, NULL, NULL, 0, NULL, NULL, NULL, NULL),
(190, 697, 'INDOOR30005', NULL, NULL, NULL, 0, NULL, NULL, NULL, NULL),
(190, 697, 'INDOOR30006', NULL, NULL, NULL, 0, NULL, NULL, NULL, NULL),
(190, 697, 'INDOOR30007', NULL, NULL, NULL, 0, NULL, NULL, NULL, NULL),
(190, 697, 'INDOOR30008', NULL, NULL, NULL, 0, NULL, NULL, NULL, NULL),
(190, 697, 'INDOOR30009', NULL, NULL, NULL, 0, NULL, NULL, NULL, NULL),
(190, 921, 'INDOOR30001', NULL, NULL, NULL, 0, NULL, NULL, NULL, NULL),
(190, 921, 'INDOOR30002', NULL, NULL, NULL, 0, NULL, NULL, NULL, NULL),
(190, 921, 'INDOOR30003', NULL, NULL, NULL, 0, NULL, NULL, NULL, NULL),
(190, 921, 'INDOOR30004', NULL, NULL, NULL, 0, NULL, NULL, NULL, NULL),
(190, 921, 'INDOOR30005', NULL, NULL, NULL, 0, NULL, NULL, NULL, NULL),
(190, 921, 'INDOOR30006', NULL, NULL, NULL, 0, NULL, NULL, NULL, NULL),
(190, 921, 'INDOOR30007', NULL, NULL, NULL, 0, NULL, NULL, NULL, NULL),
(190, 921, 'INDOOR30008', NULL, NULL, NULL, 0, NULL, NULL, NULL, NULL),
(190, 921, 'INDOOR30009', NULL, NULL, NULL, 0, NULL, NULL, NULL, NULL),
(191, 500, 'INDOOR30001', NULL, NULL, NULL, 0, NULL, NULL, NULL, NULL),
(191, 500, 'INDOOR30002', NULL, NULL, NULL, 0, NULL, NULL, NULL, NULL),
(191, 500, 'INDOOR30003', NULL, NULL, NULL, 0, NULL, NULL, NULL, NULL),
(191, 500, 'INDOOR30004', NULL, NULL, NULL, 0, NULL, NULL, NULL, NULL),
(191, 500, 'INDOOR30005', NULL, NULL, NULL, 0, NULL, NULL, NULL, NULL),
(191, 500, 'INDOOR30006', NULL, NULL, NULL, 0, NULL, NULL, NULL, NULL),
(191, 500, 'INDOOR30007', NULL, NULL, NULL, 0, NULL, NULL, NULL, NULL),
(191, 500, 'INDOOR30008', NULL, NULL, NULL, 0, NULL, NULL, NULL, NULL),
(191, 500, 'INDOOR30009', NULL, NULL, NULL, 0, NULL, NULL, NULL, NULL),
(191, 698, 'INDOOR30001', NULL, NULL, NULL, 0, NULL, NULL, NULL, NULL),
(191, 698, 'INDOOR30002', NULL, NULL, NULL, 0, NULL, NULL, NULL, NULL),
(191, 698, 'INDOOR30003', NULL, NULL, NULL, 0, NULL, NULL, NULL, NULL),
(191, 698, 'INDOOR30004', NULL, NULL, NULL, 0, NULL, NULL, NULL, NULL),
(191, 698, 'INDOOR30005', NULL, NULL, NULL, 0, NULL, NULL, NULL, NULL),
(191, 698, 'INDOOR30006', NULL, NULL, NULL, 0, NULL, NULL, NULL, NULL),
(191, 698, 'INDOOR30007', NULL, NULL, NULL, 0, NULL, NULL, NULL, NULL),
(191, 698, 'INDOOR30008', NULL, NULL, NULL, 0, NULL, NULL, NULL, NULL),
(191, 698, 'INDOOR30009', NULL, NULL, NULL, 0, NULL, NULL, NULL, NULL),
(191, 922, 'INDOOR30001', NULL, NULL, NULL, 0, NULL, NULL, NULL, NULL),
(191, 922, 'INDOOR30002', NULL, NULL, NULL, 0, NULL, NULL, NULL, NULL),
(191, 922, 'INDOOR30003', NULL, NULL, NULL, 0, NULL, NULL, NULL, NULL),
(191, 922, 'INDOOR30004', NULL, NULL, NULL, 0, NULL, NULL, NULL, NULL),
(191, 922, 'INDOOR30005', NULL, NULL, NULL, 0, NULL, NULL, NULL, NULL),
(191, 922, 'INDOOR30006', NULL, NULL, NULL, 0, NULL, NULL, NULL, NULL),
(191, 922, 'INDOOR30007', NULL, NULL, NULL, 0, NULL, NULL, NULL, NULL),
(191, 922, 'INDOOR30008', NULL, NULL, NULL, 0, NULL, NULL, NULL, NULL),
(191, 922, 'INDOOR30009', NULL, NULL, NULL, 0, NULL, NULL, NULL, NULL),
(192, 501, 'INDOOR30001', NULL, NULL, NULL, 120, NULL, NULL, NULL, NULL),
(192, 501, 'INDOOR30002', NULL, NULL, NULL, 120, NULL, NULL, NULL, NULL),
(192, 501, 'INDOOR30003', NULL, NULL, NULL, 120, NULL, NULL, NULL, NULL),
(192, 501, 'INDOOR30004', NULL, NULL, NULL, 120, NULL, NULL, NULL, NULL),
(192, 501, 'INDOOR30005', NULL, NULL, NULL, 120, NULL, NULL, NULL, NULL),
(192, 501, 'INDOOR30006', NULL, NULL, NULL, 120, NULL, NULL, NULL, NULL),
(192, 501, 'INDOOR30007', NULL, NULL, NULL, 120, NULL, NULL, NULL, NULL),
(192, 501, 'INDOOR30008', NULL, NULL, NULL, 120, NULL, NULL, NULL, NULL),
(192, 501, 'INDOOR30009', NULL, NULL, NULL, 120, NULL, NULL, NULL, NULL),
(192, 699, 'INDOOR30001', NULL, NULL, NULL, 120, NULL, NULL, NULL, NULL),
(192, 699, 'INDOOR30002', NULL, NULL, NULL, 120, NULL, NULL, NULL, NULL),
(192, 699, 'INDOOR30003', NULL, NULL, NULL, 120, NULL, NULL, NULL, NULL),
(192, 699, 'INDOOR30004', NULL, NULL, NULL, 120, NULL, NULL, NULL, NULL),
(192, 699, 'INDOOR30005', NULL, NULL, NULL, 120, NULL, NULL, NULL, NULL),
(192, 699, 'INDOOR30006', NULL, NULL, NULL, 120, NULL, NULL, NULL, NULL),
(192, 699, 'INDOOR30007', NULL, NULL, NULL, 120, NULL, NULL, NULL, NULL),
(192, 699, 'INDOOR30008', NULL, NULL, NULL, 120, NULL, NULL, NULL, NULL),
(192, 699, 'INDOOR30009', NULL, NULL, NULL, 120, NULL, NULL, NULL, NULL),
(192, 923, 'INDOOR30001', NULL, NULL, NULL, 120, NULL, NULL, NULL, NULL),
(192, 923, 'INDOOR30002', NULL, NULL, NULL, 120, NULL, NULL, NULL, NULL),
(192, 923, 'INDOOR30003', NULL, NULL, NULL, 120, NULL, NULL, NULL, NULL),
(192, 923, 'INDOOR30004', NULL, NULL, NULL, 120, NULL, NULL, NULL, NULL),
(192, 923, 'INDOOR30005', NULL, NULL, NULL, 120, NULL, NULL, NULL, NULL),
(192, 923, 'INDOOR30006', NULL, NULL, NULL, 120, NULL, NULL, NULL, NULL),
(192, 923, 'INDOOR30007', NULL, NULL, NULL, 120, NULL, NULL, NULL, NULL),
(192, 923, 'INDOOR30008', NULL, NULL, NULL, 120, NULL, NULL, NULL, NULL),
(192, 923, 'INDOOR30009', NULL, NULL, NULL, 120, NULL, NULL, NULL, NULL),
(193, 502, 'INDOOR30001', NULL, NULL, NULL, 0, NULL, NULL, NULL, NULL),
(193, 502, 'INDOOR30002', NULL, NULL, NULL, 0, NULL, NULL, NULL, NULL),
(193, 502, 'INDOOR30003', NULL, NULL, NULL, 0, NULL, NULL, NULL, NULL),
(193, 502, 'INDOOR30004', NULL, NULL, NULL, 0, NULL, NULL, NULL, NULL),
(193, 502, 'INDOOR30005', NULL, NULL, NULL, 0, NULL, NULL, NULL, NULL),
(193, 502, 'INDOOR30006', NULL, NULL, NULL, 0, NULL, NULL, NULL, NULL),
(193, 502, 'INDOOR30007', NULL, NULL, NULL, 0, NULL, NULL, NULL, NULL),
(193, 502, 'INDOOR30008', NULL, NULL, NULL, 0, NULL, NULL, NULL, NULL),
(193, 502, 'INDOOR30009', NULL, NULL, NULL, 0, NULL, NULL, NULL, NULL),
(193, 700, 'INDOOR30001', NULL, NULL, NULL, 0, NULL, NULL, NULL, NULL),
(193, 700, 'INDOOR30002', NULL, NULL, NULL, 0, NULL, NULL, NULL, NULL),
(193, 700, 'INDOOR30003', NULL, NULL, NULL, 0, NULL, NULL, NULL, NULL),
(193, 700, 'INDOOR30004', NULL, NULL, NULL, 0, NULL, NULL, NULL, NULL),
(193, 700, 'INDOOR30005', NULL, NULL, NULL, 0, NULL, NULL, NULL, NULL),
(193, 700, 'INDOOR30006', NULL, NULL, NULL, 0, NULL, NULL, NULL, NULL),
(193, 700, 'INDOOR30007', NULL, NULL, NULL, 0, NULL, NULL, NULL, NULL),
(193, 700, 'INDOOR30008', NULL, NULL, NULL, 0, NULL, NULL, NULL, NULL),
(193, 700, 'INDOOR30009', NULL, NULL, NULL, 0, NULL, NULL, NULL, NULL),
(193, 924, 'INDOOR30001', NULL, NULL, NULL, 0, NULL, NULL, NULL, NULL),
(193, 924, 'INDOOR30002', NULL, NULL, NULL, 0, NULL, NULL, NULL, NULL),
(193, 924, 'INDOOR30003', NULL, NULL, NULL, 0, NULL, NULL, NULL, NULL),
(193, 924, 'INDOOR30004', NULL, NULL, NULL, 0, NULL, NULL, NULL, NULL),
(193, 924, 'INDOOR30005', NULL, NULL, NULL, 0, NULL, NULL, NULL, NULL),
(193, 924, 'INDOOR30006', NULL, NULL, NULL, 0, NULL, NULL, NULL, NULL),
(193, 924, 'INDOOR30007', NULL, NULL, NULL, 0, NULL, NULL, NULL, NULL),
(193, 924, 'INDOOR30008', NULL, NULL, NULL, 0, NULL, NULL, NULL, NULL),
(193, 924, 'INDOOR30009', NULL, NULL, NULL, 0, NULL, NULL, NULL, NULL),
(194, 503, 'INDOOR30001', NULL, NULL, NULL, 15, NULL, NULL, NULL, NULL),
(194, 503, 'INDOOR30002', NULL, NULL, NULL, 15, NULL, NULL, NULL, NULL),
(194, 503, 'INDOOR30003', NULL, NULL, NULL, 15, NULL, NULL, NULL, NULL),
(194, 503, 'INDOOR30004', NULL, NULL, NULL, 15, NULL, NULL, NULL, NULL),
(194, 503, 'INDOOR30005', NULL, NULL, NULL, 15, NULL, NULL, NULL, NULL),
(194, 503, 'INDOOR30006', NULL, NULL, NULL, 15, NULL, NULL, NULL, NULL),
(194, 503, 'INDOOR30007', NULL, NULL, NULL, 15, NULL, NULL, NULL, NULL),
(194, 503, 'INDOOR30008', NULL, NULL, NULL, 15, NULL, NULL, NULL, NULL),
(194, 503, 'INDOOR30009', NULL, NULL, NULL, 15, NULL, NULL, NULL, NULL),
(194, 701, 'INDOOR30001', NULL, NULL, NULL, 15, NULL, NULL, NULL, NULL),
(194, 701, 'INDOOR30002', NULL, NULL, NULL, 15, NULL, NULL, NULL, NULL),
(194, 701, 'INDOOR30003', NULL, NULL, NULL, 15, NULL, NULL, NULL, NULL),
(194, 701, 'INDOOR30004', NULL, NULL, NULL, 15, NULL, NULL, NULL, NULL),
(194, 701, 'INDOOR30005', NULL, NULL, NULL, 15, NULL, NULL, NULL, NULL),
(194, 701, 'INDOOR30006', NULL, NULL, NULL, 15, NULL, NULL, NULL, NULL),
(194, 701, 'INDOOR30007', NULL, NULL, NULL, 15, NULL, NULL, NULL, NULL),
(194, 701, 'INDOOR30008', NULL, NULL, NULL, 15, NULL, NULL, NULL, NULL),
(194, 701, 'INDOOR30009', NULL, NULL, NULL, 15, NULL, NULL, NULL, NULL),
(194, 925, 'INDOOR30001', NULL, NULL, NULL, 15, NULL, NULL, NULL, NULL),
(194, 925, 'INDOOR30002', NULL, NULL, NULL, 15, NULL, NULL, NULL, NULL),
(194, 925, 'INDOOR30003', NULL, NULL, NULL, 15, NULL, NULL, NULL, NULL),
(194, 925, 'INDOOR30004', NULL, NULL, NULL, 15, NULL, NULL, NULL, NULL),
(194, 925, 'INDOOR30005', NULL, NULL, NULL, 15, NULL, NULL, NULL, NULL),
(194, 925, 'INDOOR30006', NULL, NULL, NULL, 15, NULL, NULL, NULL, NULL),
(194, 925, 'INDOOR30007', NULL, NULL, NULL, 15, NULL, NULL, NULL, NULL),
(194, 925, 'INDOOR30008', NULL, NULL, NULL, 15, NULL, NULL, NULL, NULL),
(194, 925, 'INDOOR30009', NULL, NULL, NULL, 15, NULL, NULL, NULL, NULL),
(195, 504, 'INDOOR30001', NULL, NULL, NULL, 0, NULL, NULL, NULL, NULL),
(195, 504, 'INDOOR30002', NULL, NULL, NULL, 0, NULL, NULL, NULL, NULL),
(195, 504, 'INDOOR30003', NULL, NULL, NULL, 0, NULL, NULL, NULL, NULL),
(195, 504, 'INDOOR30004', NULL, NULL, NULL, 0, NULL, NULL, NULL, NULL),
(195, 504, 'INDOOR30005', NULL, NULL, NULL, 0, NULL, NULL, NULL, NULL),
(195, 504, 'INDOOR30006', NULL, NULL, NULL, 0, NULL, NULL, NULL, NULL),
(195, 504, 'INDOOR30007', NULL, NULL, NULL, 0, NULL, NULL, NULL, NULL),
(195, 504, 'INDOOR30008', NULL, NULL, NULL, 0, NULL, NULL, NULL, NULL),
(195, 504, 'INDOOR30009', NULL, NULL, NULL, 0, NULL, NULL, NULL, NULL),
(195, 702, 'INDOOR30001', NULL, NULL, NULL, 0, NULL, NULL, NULL, NULL),
(195, 702, 'INDOOR30002', NULL, NULL, NULL, 0, NULL, NULL, NULL, NULL),
(195, 702, 'INDOOR30003', NULL, NULL, NULL, 0, NULL, NULL, NULL, NULL),
(195, 702, 'INDOOR30004', NULL, NULL, NULL, 0, NULL, NULL, NULL, NULL),
(195, 702, 'INDOOR30005', NULL, NULL, NULL, 0, NULL, NULL, NULL, NULL),
(195, 702, 'INDOOR30006', NULL, NULL, NULL, 0, NULL, NULL, NULL, NULL),
(195, 702, 'INDOOR30007', NULL, NULL, NULL, 0, NULL, NULL, NULL, NULL),
(195, 702, 'INDOOR30008', NULL, NULL, NULL, 0, NULL, NULL, NULL, NULL),
(195, 702, 'INDOOR30009', NULL, NULL, NULL, 0, NULL, NULL, NULL, NULL),
(195, 926, 'INDOOR30001', NULL, NULL, NULL, 0, NULL, NULL, NULL, NULL),
(195, 926, 'INDOOR30002', NULL, NULL, NULL, 0, NULL, NULL, NULL, NULL),
(195, 926, 'INDOOR30003', NULL, NULL, NULL, 0, NULL, NULL, NULL, NULL),
(195, 926, 'INDOOR30004', NULL, NULL, NULL, 0, NULL, NULL, NULL, NULL),
(195, 926, 'INDOOR30005', NULL, NULL, NULL, 0, NULL, NULL, NULL, NULL),
(195, 926, 'INDOOR30006', NULL, NULL, NULL, 0, NULL, NULL, NULL, NULL),
(195, 926, 'INDOOR30007', NULL, NULL, NULL, 0, NULL, NULL, NULL, NULL),
(195, 926, 'INDOOR30008', NULL, NULL, NULL, 0, NULL, NULL, NULL, NULL),
(195, 926, 'INDOOR30009', NULL, NULL, NULL, 0, NULL, NULL, NULL, NULL),
(196, 505, 'INDOOR30001', NULL, NULL, NULL, 12701, NULL, NULL, NULL, NULL),
(196, 505, 'INDOOR30002', NULL, NULL, NULL, 12701, NULL, NULL, NULL, NULL),
(196, 505, 'INDOOR30003', NULL, NULL, NULL, 12701, NULL, NULL, NULL, NULL),
(196, 505, 'INDOOR30004', NULL, NULL, NULL, 12701, NULL, NULL, NULL, NULL),
(196, 505, 'INDOOR30005', NULL, NULL, NULL, 12701, NULL, NULL, NULL, NULL),
(196, 505, 'INDOOR30006', NULL, NULL, NULL, 12701, NULL, NULL, NULL, NULL),
(196, 505, 'INDOOR30007', NULL, NULL, NULL, 12701, NULL, NULL, NULL, NULL),
(196, 505, 'INDOOR30008', NULL, NULL, NULL, 12701, NULL, NULL, NULL, NULL),
(196, 505, 'INDOOR30009', NULL, NULL, NULL, 12701, NULL, NULL, NULL, NULL),
(196, 703, 'INDOOR30001', NULL, NULL, NULL, 12701, NULL, NULL, NULL, NULL),
(196, 703, 'INDOOR30002', NULL, NULL, NULL, 12701, NULL, NULL, NULL, NULL),
(196, 703, 'INDOOR30003', NULL, NULL, NULL, 12701, NULL, NULL, NULL, NULL),
(196, 703, 'INDOOR30004', NULL, NULL, NULL, 12701, NULL, NULL, NULL, NULL),
(196, 703, 'INDOOR30005', NULL, NULL, NULL, 12701, NULL, NULL, NULL, NULL),
(196, 703, 'INDOOR30006', NULL, NULL, NULL, 12701, NULL, NULL, NULL, NULL),
(196, 703, 'INDOOR30007', NULL, NULL, NULL, 12701, NULL, NULL, NULL, NULL),
(196, 703, 'INDOOR30008', NULL, NULL, NULL, 12701, NULL, NULL, NULL, NULL),
(196, 703, 'INDOOR30009', NULL, NULL, NULL, 12701, NULL, NULL, NULL, NULL),
(196, 927, 'INDOOR30001', NULL, NULL, NULL, 12701, NULL, NULL, NULL, NULL),
(196, 927, 'INDOOR30002', NULL, NULL, NULL, 12701, NULL, NULL, NULL, NULL),
(196, 927, 'INDOOR30003', NULL, NULL, NULL, 12701, NULL, NULL, NULL, NULL),
(196, 927, 'INDOOR30004', NULL, NULL, NULL, 12701, NULL, NULL, NULL, NULL),
(196, 927, 'INDOOR30005', NULL, NULL, NULL, 12701, NULL, NULL, NULL, NULL),
(196, 927, 'INDOOR30006', NULL, NULL, NULL, 12701, NULL, NULL, NULL, NULL),
(196, 927, 'INDOOR30007', NULL, NULL, NULL, 12701, NULL, NULL, NULL, NULL),
(196, 927, 'INDOOR30008', NULL, NULL, NULL, 12701, NULL, NULL, NULL, NULL),
(196, 927, 'INDOOR30009', NULL, NULL, NULL, 12701, NULL, NULL, NULL, NULL),
(197, 506, 'INDOOR30001', NULL, NULL, NULL, 0, NULL, NULL, NULL, NULL),
(197, 506, 'INDOOR30002', NULL, NULL, NULL, 0, NULL, NULL, NULL, NULL),
(197, 506, 'INDOOR30003', NULL, NULL, NULL, 0, NULL, NULL, NULL, NULL),
(197, 506, 'INDOOR30004', NULL, NULL, NULL, 0, NULL, NULL, NULL, NULL),
(197, 506, 'INDOOR30005', NULL, NULL, NULL, 0, NULL, NULL, NULL, NULL),
(197, 506, 'INDOOR30006', NULL, NULL, NULL, 0, NULL, NULL, NULL, NULL),
(197, 506, 'INDOOR30007', NULL, NULL, NULL, 0, NULL, NULL, NULL, NULL),
(197, 506, 'INDOOR30008', NULL, NULL, NULL, 0, NULL, NULL, NULL, NULL),
(197, 506, 'INDOOR30009', NULL, NULL, NULL, 0, NULL, NULL, NULL, NULL),
(197, 712, 'INDOOR30001', NULL, NULL, NULL, 0, NULL, NULL, NULL, NULL),
(197, 712, 'INDOOR30002', NULL, NULL, NULL, 0, NULL, NULL, NULL, NULL),
(197, 712, 'INDOOR30003', NULL, NULL, NULL, 0, NULL, NULL, NULL, NULL),
(197, 712, 'INDOOR30004', NULL, NULL, NULL, 0, NULL, NULL, NULL, NULL),
(197, 712, 'INDOOR30005', NULL, NULL, NULL, 0, NULL, NULL, NULL, NULL),
(197, 712, 'INDOOR30006', NULL, NULL, NULL, 0, NULL, NULL, NULL, NULL),
(197, 712, 'INDOOR30007', NULL, NULL, NULL, 0, NULL, NULL, NULL, NULL),
(197, 712, 'INDOOR30008', NULL, NULL, NULL, 0, NULL, NULL, NULL, NULL),
(197, 712, 'INDOOR30009', NULL, NULL, NULL, 0, NULL, NULL, NULL, NULL),
(197, 935, 'INDOOR30001', NULL, NULL, NULL, 0, NULL, NULL, NULL, NULL),
(197, 935, 'INDOOR30002', NULL, NULL, NULL, 0, NULL, NULL, NULL, NULL),
(197, 935, 'INDOOR30003', NULL, NULL, NULL, 0, NULL, NULL, NULL, NULL),
(197, 935, 'INDOOR30004', NULL, NULL, NULL, 0, NULL, NULL, NULL, NULL),
(197, 935, 'INDOOR30005', NULL, NULL, NULL, 0, NULL, NULL, NULL, NULL),
(197, 935, 'INDOOR30006', NULL, NULL, NULL, 0, NULL, NULL, NULL, NULL),
(197, 935, 'INDOOR30007', NULL, NULL, NULL, 0, NULL, NULL, NULL, NULL),
(197, 935, 'INDOOR30008', NULL, NULL, NULL, 0, NULL, NULL, NULL, NULL),
(197, 935, 'INDOOR30009', NULL, NULL, NULL, 0, NULL, NULL, NULL, NULL),
(198, 507, 'INDOOR30001', NULL, NULL, NULL, 120, NULL, NULL, NULL, NULL),
(198, 507, 'INDOOR30002', NULL, NULL, NULL, 120, NULL, NULL, NULL, NULL),
(198, 507, 'INDOOR30003', NULL, NULL, NULL, 120, NULL, NULL, NULL, NULL),
(198, 507, 'INDOOR30004', NULL, NULL, NULL, 120, NULL, NULL, NULL, NULL),
(198, 507, 'INDOOR30005', NULL, NULL, NULL, 120, NULL, NULL, NULL, NULL),
(198, 507, 'INDOOR30006', NULL, NULL, NULL, 120, NULL, NULL, NULL, NULL),
(198, 507, 'INDOOR30007', NULL, NULL, NULL, 120, NULL, NULL, NULL, NULL),
(198, 507, 'INDOOR30008', NULL, NULL, NULL, 120, NULL, NULL, NULL, NULL),
(198, 507, 'INDOOR30009', NULL, NULL, NULL, 120, NULL, NULL, NULL, NULL),
(198, 717, 'INDOOR30001', NULL, NULL, NULL, 120, NULL, NULL, NULL, NULL),
(198, 717, 'INDOOR30002', NULL, NULL, NULL, 120, NULL, NULL, NULL, NULL),
(198, 717, 'INDOOR30003', NULL, NULL, NULL, 120, NULL, NULL, NULL, NULL),
(198, 717, 'INDOOR30004', NULL, NULL, NULL, 120, NULL, NULL, NULL, NULL),
(198, 717, 'INDOOR30005', NULL, NULL, NULL, 120, NULL, NULL, NULL, NULL),
(198, 717, 'INDOOR30006', NULL, NULL, NULL, 120, NULL, NULL, NULL, NULL),
(198, 717, 'INDOOR30007', NULL, NULL, NULL, 120, NULL, NULL, NULL, NULL),
(198, 717, 'INDOOR30008', NULL, NULL, NULL, 120, NULL, NULL, NULL, NULL),
(198, 717, 'INDOOR30009', NULL, NULL, NULL, 120, NULL, NULL, NULL, NULL),
(199, 508, 'INDOOR30001', NULL, NULL, NULL, 75, NULL, NULL, NULL, NULL),
(199, 508, 'INDOOR30002', NULL, NULL, NULL, 75, NULL, NULL, NULL, NULL),
(199, 508, 'INDOOR30003', NULL, NULL, NULL, 75, NULL, NULL, NULL, NULL),
(199, 508, 'INDOOR30004', NULL, NULL, NULL, 75, NULL, NULL, NULL, NULL),
(199, 508, 'INDOOR30005', NULL, NULL, NULL, 75, NULL, NULL, NULL, NULL),
(199, 508, 'INDOOR30006', NULL, NULL, NULL, 75, NULL, NULL, NULL, NULL),
(199, 508, 'INDOOR30007', NULL, NULL, NULL, 75, NULL, NULL, NULL, NULL),
(199, 508, 'INDOOR30008', NULL, NULL, NULL, 75, NULL, NULL, NULL, NULL),
(199, 508, 'INDOOR30009', NULL, NULL, NULL, 75, NULL, NULL, NULL, NULL),
(199, 721, 'INDOOR30001', NULL, NULL, NULL, 75, NULL, NULL, NULL, NULL),
(199, 721, 'INDOOR30002', NULL, NULL, NULL, 75, NULL, NULL, NULL, NULL),
(199, 721, 'INDOOR30003', NULL, NULL, NULL, 75, NULL, NULL, NULL, NULL),
(199, 721, 'INDOOR30004', NULL, NULL, NULL, 75, NULL, NULL, NULL, NULL),
(199, 721, 'INDOOR30005', NULL, NULL, NULL, 75, NULL, NULL, NULL, NULL),
(199, 721, 'INDOOR30006', NULL, NULL, NULL, 75, NULL, NULL, NULL, NULL),
(199, 721, 'INDOOR30007', NULL, NULL, NULL, 75, NULL, NULL, NULL, NULL),
(199, 721, 'INDOOR30008', NULL, NULL, NULL, 75, NULL, NULL, NULL, NULL),
(199, 721, 'INDOOR30009', NULL, NULL, NULL, 75, NULL, NULL, NULL, NULL),
(199, 943, 'INDOOR30001', NULL, NULL, NULL, 75, NULL, NULL, NULL, NULL),
(199, 943, 'INDOOR30002', NULL, NULL, NULL, 75, NULL, NULL, NULL, NULL),
(199, 943, 'INDOOR30003', NULL, NULL, NULL, 75, NULL, NULL, NULL, NULL),
(199, 943, 'INDOOR30004', NULL, NULL, NULL, 75, NULL, NULL, NULL, NULL),
(199, 943, 'INDOOR30005', NULL, NULL, NULL, 75, NULL, NULL, NULL, NULL),
(199, 943, 'INDOOR30006', NULL, NULL, NULL, 75, NULL, NULL, NULL, NULL),
(199, 943, 'INDOOR30007', NULL, NULL, NULL, 75, NULL, NULL, NULL, NULL),
(199, 943, 'INDOOR30008', NULL, NULL, NULL, 75, NULL, NULL, NULL, NULL),
(199, 943, 'INDOOR30009', NULL, NULL, NULL, 75, NULL, NULL, NULL, NULL),
(200, 509, 'INDOOR30001', NULL, NULL, NULL, 0, NULL, NULL, NULL, NULL),
(200, 509, 'INDOOR30002', NULL, NULL, NULL, 0, NULL, NULL, NULL, NULL),
(200, 509, 'INDOOR30003', NULL, NULL, NULL, 0, NULL, NULL, NULL, NULL),
(200, 509, 'INDOOR30004', NULL, NULL, NULL, 0, NULL, NULL, NULL, NULL),
(200, 509, 'INDOOR30005', NULL, NULL, NULL, 0, NULL, NULL, NULL, NULL),
(200, 509, 'INDOOR30006', NULL, NULL, NULL, 0, NULL, NULL, NULL, NULL),
(200, 509, 'INDOOR30007', NULL, NULL, NULL, 0, NULL, NULL, NULL, NULL),
(200, 509, 'INDOOR30008', NULL, NULL, NULL, 0, NULL, NULL, NULL, NULL),
(200, 509, 'INDOOR30009', NULL, NULL, NULL, 0, NULL, NULL, NULL, NULL),
(200, 722, 'INDOOR30001', NULL, NULL, NULL, 0, NULL, NULL, NULL, NULL),
(200, 722, 'INDOOR30002', NULL, NULL, NULL, 0, NULL, NULL, NULL, NULL),
(200, 722, 'INDOOR30003', NULL, NULL, NULL, 0, NULL, NULL, NULL, NULL),
(200, 722, 'INDOOR30004', NULL, NULL, NULL, 0, NULL, NULL, NULL, NULL),
(200, 722, 'INDOOR30005', NULL, NULL, NULL, 0, NULL, NULL, NULL, NULL),
(200, 722, 'INDOOR30006', NULL, NULL, NULL, 0, NULL, NULL, NULL, NULL),
(200, 722, 'INDOOR30007', NULL, NULL, NULL, 0, NULL, NULL, NULL, NULL),
(200, 722, 'INDOOR30008', NULL, NULL, NULL, 0, NULL, NULL, NULL, NULL),
(200, 722, 'INDOOR30009', NULL, NULL, NULL, 0, NULL, NULL, NULL, NULL),
(200, 944, 'INDOOR30001', NULL, NULL, NULL, 0, NULL, NULL, NULL, NULL),
(200, 944, 'INDOOR30002', NULL, NULL, NULL, 0, NULL, NULL, NULL, NULL),
(200, 944, 'INDOOR30003', NULL, NULL, NULL, 0, NULL, NULL, NULL, NULL),
(200, 944, 'INDOOR30004', NULL, NULL, NULL, 0, NULL, NULL, NULL, NULL),
(200, 944, 'INDOOR30005', NULL, NULL, NULL, 0, NULL, NULL, NULL, NULL),
(200, 944, 'INDOOR30006', NULL, NULL, NULL, 0, NULL, NULL, NULL, NULL),
(200, 944, 'INDOOR30007', NULL, NULL, NULL, 0, NULL, NULL, NULL, NULL),
(200, 944, 'INDOOR30008', NULL, NULL, NULL, 0, NULL, NULL, NULL, NULL),
(200, 944, 'INDOOR30009', NULL, NULL, NULL, 0, NULL, NULL, NULL, NULL),
(201, 704, 'INDOOR30001', NULL, NULL, NULL, 0, NULL, NULL, NULL, NULL),
(201, 704, 'INDOOR30002', NULL, NULL, NULL, 0, NULL, NULL, NULL, NULL),
(201, 704, 'INDOOR30003', NULL, NULL, NULL, 0, NULL, NULL, NULL, NULL),
(201, 704, 'INDOOR30004', NULL, NULL, NULL, 0, NULL, NULL, NULL, NULL),
(201, 704, 'INDOOR30005', NULL, NULL, NULL, 0, NULL, NULL, NULL, NULL),
(201, 704, 'INDOOR30006', NULL, NULL, NULL, 0, NULL, NULL, NULL, NULL),
(201, 704, 'INDOOR30007', NULL, NULL, NULL, 0, NULL, NULL, NULL, NULL),
(201, 704, 'INDOOR30008', NULL, NULL, NULL, 0, NULL, NULL, NULL, NULL),
(201, 704, 'INDOOR30009', NULL, NULL, NULL, 0, NULL, NULL, NULL, NULL),
(202, 705, 'INDOOR30001', NULL, NULL, NULL, 0, NULL, NULL, NULL, NULL),
(202, 705, 'INDOOR30002', NULL, NULL, NULL, 0, NULL, NULL, NULL, NULL),
(202, 705, 'INDOOR30003', NULL, NULL, NULL, 0, NULL, NULL, NULL, NULL),
(202, 705, 'INDOOR30004', NULL, NULL, NULL, 0, NULL, NULL, NULL, NULL),
(202, 705, 'INDOOR30005', NULL, NULL, NULL, 0, NULL, NULL, NULL, NULL),
(202, 705, 'INDOOR30006', NULL, NULL, NULL, 0, NULL, NULL, NULL, NULL),
(202, 705, 'INDOOR30007', NULL, NULL, NULL, 0, NULL, NULL, NULL, NULL),
(202, 705, 'INDOOR30008', NULL, NULL, NULL, 0, NULL, NULL, NULL, NULL),
(202, 705, 'INDOOR30009', NULL, NULL, NULL, 0, NULL, NULL, NULL, NULL),
(202, 928, 'INDOOR30001', NULL, NULL, NULL, 0, NULL, NULL, NULL, NULL),
(202, 928, 'INDOOR30002', NULL, NULL, NULL, 0, NULL, NULL, NULL, NULL),
(202, 928, 'INDOOR30003', NULL, NULL, NULL, 0, NULL, NULL, NULL, NULL),
(202, 928, 'INDOOR30004', NULL, NULL, NULL, 0, NULL, NULL, NULL, NULL),
(202, 928, 'INDOOR30005', NULL, NULL, NULL, 0, NULL, NULL, NULL, NULL),
(202, 928, 'INDOOR30006', NULL, NULL, NULL, 0, NULL, NULL, NULL, NULL),
(202, 928, 'INDOOR30007', NULL, NULL, NULL, 0, NULL, NULL, NULL, NULL),
(202, 928, 'INDOOR30008', NULL, NULL, NULL, 0, NULL, NULL, NULL, NULL),
(202, 928, 'INDOOR30009', NULL, NULL, NULL, 0, NULL, NULL, NULL, NULL),
(203, 706, 'INDOOR30001', NULL, NULL, 'cho_xac_nhan', 120, NULL, NULL, NULL, NULL),
(203, 706, 'INDOOR30002', NULL, NULL, 'cho_xac_nhan', 120, NULL, NULL, NULL, NULL),
(203, 706, 'INDOOR30003', NULL, NULL, 'cho_xac_nhan', 120, NULL, NULL, NULL, NULL),
(203, 706, 'INDOOR30004', NULL, NULL, 'cho_xac_nhan', 120, NULL, NULL, NULL, NULL),
(203, 706, 'INDOOR30005', NULL, NULL, 'cho_xac_nhan', 120, NULL, NULL, NULL, NULL),
(203, 706, 'INDOOR30006', NULL, NULL, 'cho_xac_nhan', 120, NULL, NULL, NULL, NULL),
(203, 706, 'INDOOR30007', NULL, NULL, 'cho_xac_nhan', 120, NULL, NULL, NULL, NULL),
(203, 706, 'INDOOR30008', NULL, NULL, 'cho_xac_nhan', 120, NULL, NULL, NULL, NULL),
(203, 706, 'INDOOR30009', NULL, NULL, 'cho_xac_nhan', 120, NULL, NULL, NULL, NULL),
(203, 929, 'INDOOR30001', NULL, NULL, 'cho_xac_nhan', 120, NULL, NULL, NULL, NULL),
(203, 929, 'INDOOR30002', NULL, NULL, 'cho_xac_nhan', 120, NULL, NULL, NULL, NULL),
(203, 929, 'INDOOR30003', NULL, NULL, 'cho_xac_nhan', 120, NULL, NULL, NULL, NULL),
(203, 929, 'INDOOR30004', NULL, NULL, NULL, 120, NULL, NULL, NULL, NULL),
(203, 929, 'INDOOR30005', NULL, NULL, NULL, 120, NULL, NULL, NULL, NULL),
(203, 929, 'INDOOR30006', NULL, NULL, NULL, 120, NULL, NULL, NULL, NULL),
(203, 929, 'INDOOR30007', NULL, NULL, NULL, 120, NULL, NULL, NULL, NULL),
(203, 929, 'INDOOR30008', NULL, NULL, NULL, 120, NULL, NULL, NULL, NULL),
(203, 929, 'INDOOR30009', NULL, NULL, NULL, 120, NULL, NULL, NULL, NULL),
(204, 707, 'INDOOR30001', NULL, NULL, NULL, 0, NULL, NULL, NULL, NULL),
(204, 707, 'INDOOR30002', NULL, NULL, NULL, 0, NULL, NULL, NULL, NULL),
(204, 707, 'INDOOR30003', NULL, NULL, NULL, 0, NULL, NULL, NULL, NULL),
(204, 707, 'INDOOR30004', NULL, NULL, NULL, 0, NULL, NULL, NULL, NULL),
(204, 707, 'INDOOR30005', NULL, NULL, NULL, 0, NULL, NULL, NULL, NULL),
(204, 707, 'INDOOR30006', NULL, NULL, NULL, 0, NULL, NULL, NULL, NULL),
(204, 707, 'INDOOR30007', NULL, NULL, NULL, 0, NULL, NULL, NULL, NULL),
(204, 707, 'INDOOR30008', NULL, NULL, NULL, 0, NULL, NULL, NULL, NULL),
(204, 707, 'INDOOR30009', NULL, NULL, NULL, 0, NULL, NULL, NULL, NULL),
(204, 930, 'INDOOR30001', NULL, NULL, NULL, 0, NULL, NULL, NULL, NULL),
(204, 930, 'INDOOR30002', NULL, NULL, NULL, 0, NULL, NULL, NULL, NULL),
(204, 930, 'INDOOR30003', NULL, NULL, NULL, 0, NULL, NULL, NULL, NULL),
(204, 930, 'INDOOR30004', NULL, NULL, NULL, 0, NULL, NULL, NULL, NULL),
(204, 930, 'INDOOR30005', NULL, NULL, NULL, 0, NULL, NULL, NULL, NULL),
(204, 930, 'INDOOR30006', NULL, NULL, NULL, 0, NULL, NULL, NULL, NULL),
(204, 930, 'INDOOR30007', NULL, NULL, NULL, 0, NULL, NULL, NULL, NULL),
(204, 930, 'INDOOR30008', NULL, NULL, NULL, 0, NULL, NULL, NULL, NULL),
(204, 930, 'INDOOR30009', NULL, NULL, NULL, 0, NULL, NULL, NULL, NULL),
(205, 708, 'INDOOR30001', NULL, NULL, NULL, 15, NULL, NULL, NULL, NULL),
(205, 708, 'INDOOR30002', NULL, NULL, NULL, 15, NULL, NULL, NULL, NULL),
(205, 708, 'INDOOR30003', NULL, NULL, NULL, 15, NULL, NULL, NULL, NULL),
(205, 708, 'INDOOR30004', NULL, NULL, NULL, 15, NULL, NULL, NULL, NULL),
(205, 708, 'INDOOR30005', NULL, NULL, NULL, 15, NULL, NULL, NULL, NULL),
(205, 708, 'INDOOR30006', NULL, NULL, NULL, 15, NULL, NULL, NULL, NULL),
(205, 708, 'INDOOR30007', NULL, NULL, NULL, 15, NULL, NULL, NULL, NULL),
(205, 708, 'INDOOR30008', NULL, NULL, NULL, 15, NULL, NULL, NULL, NULL),
(205, 708, 'INDOOR30009', NULL, NULL, NULL, 15, NULL, NULL, NULL, NULL),
(205, 931, 'INDOOR30001', NULL, NULL, NULL, 15, NULL, NULL, NULL, NULL),
(205, 931, 'INDOOR30002', NULL, NULL, NULL, 15, NULL, NULL, NULL, NULL),
(205, 931, 'INDOOR30003', NULL, NULL, NULL, 15, NULL, NULL, NULL, NULL),
(205, 931, 'INDOOR30004', NULL, NULL, NULL, 15, NULL, NULL, NULL, NULL),
(205, 931, 'INDOOR30005', NULL, NULL, NULL, 15, NULL, NULL, NULL, NULL),
(205, 931, 'INDOOR30006', NULL, NULL, NULL, 15, NULL, NULL, NULL, NULL),
(205, 931, 'INDOOR30007', NULL, NULL, NULL, 15, NULL, NULL, NULL, NULL),
(205, 931, 'INDOOR30008', NULL, NULL, NULL, 15, NULL, NULL, NULL, NULL),
(205, 931, 'INDOOR30009', NULL, NULL, NULL, 15, NULL, NULL, NULL, NULL),
(206, 709, 'INDOOR30001', NULL, NULL, NULL, 0, NULL, NULL, NULL, NULL),
(206, 709, 'INDOOR30002', NULL, NULL, NULL, 0, NULL, NULL, NULL, NULL),
(206, 709, 'INDOOR30003', NULL, NULL, NULL, 0, NULL, NULL, NULL, NULL),
(206, 709, 'INDOOR30004', NULL, NULL, NULL, 0, NULL, NULL, NULL, NULL),
(206, 709, 'INDOOR30005', NULL, NULL, NULL, 0, NULL, NULL, NULL, NULL),
(206, 709, 'INDOOR30006', NULL, NULL, NULL, 0, NULL, NULL, NULL, NULL),
(206, 709, 'INDOOR30007', NULL, NULL, NULL, 0, NULL, NULL, NULL, NULL),
(206, 709, 'INDOOR30008', NULL, NULL, NULL, 0, NULL, NULL, NULL, NULL),
(206, 709, 'INDOOR30009', NULL, NULL, NULL, 0, NULL, NULL, NULL, NULL),
(206, 932, 'INDOOR30001', NULL, NULL, NULL, 0, NULL, NULL, NULL, NULL),
(206, 932, 'INDOOR30002', NULL, NULL, NULL, 0, NULL, NULL, NULL, NULL),
(206, 932, 'INDOOR30003', NULL, NULL, NULL, 0, NULL, NULL, NULL, NULL),
(206, 932, 'INDOOR30004', NULL, NULL, NULL, 0, NULL, NULL, NULL, NULL),
(206, 932, 'INDOOR30005', NULL, NULL, NULL, 0, NULL, NULL, NULL, NULL),
(206, 932, 'INDOOR30006', NULL, NULL, NULL, 0, NULL, NULL, NULL, NULL),
(206, 932, 'INDOOR30007', NULL, NULL, NULL, 0, NULL, NULL, NULL, NULL),
(206, 932, 'INDOOR30008', NULL, NULL, NULL, 0, NULL, NULL, NULL, NULL),
(206, 932, 'INDOOR30009', NULL, NULL, NULL, 0, NULL, NULL, NULL, NULL),
(207, 710, 'INDOOR30001', NULL, NULL, NULL, 12701, NULL, NULL, NULL, NULL),
(207, 710, 'INDOOR30002', NULL, NULL, NULL, 12701, NULL, NULL, NULL, NULL),
(207, 710, 'INDOOR30003', NULL, NULL, NULL, 12701, NULL, NULL, NULL, NULL),
(207, 710, 'INDOOR30004', NULL, NULL, NULL, 12701, NULL, NULL, NULL, NULL),
(207, 710, 'INDOOR30005', NULL, NULL, NULL, 12701, NULL, NULL, NULL, NULL),
(207, 710, 'INDOOR30006', NULL, NULL, NULL, 12701, NULL, NULL, NULL, NULL),
(207, 710, 'INDOOR30007', NULL, NULL, NULL, 12701, NULL, NULL, NULL, NULL),
(207, 710, 'INDOOR30008', NULL, NULL, NULL, 12701, NULL, NULL, NULL, NULL),
(207, 710, 'INDOOR30009', NULL, NULL, NULL, 12701, NULL, NULL, NULL, NULL),
(207, 933, 'INDOOR30001', NULL, NULL, NULL, 12701, NULL, NULL, NULL, NULL),
(207, 933, 'INDOOR30002', NULL, NULL, NULL, 12701, NULL, NULL, NULL, NULL),
(207, 933, 'INDOOR30003', NULL, NULL, NULL, 12701, NULL, NULL, NULL, NULL),
(207, 933, 'INDOOR30004', NULL, NULL, NULL, 12701, NULL, NULL, NULL, NULL),
(207, 933, 'INDOOR30005', NULL, NULL, NULL, 12701, NULL, NULL, NULL, NULL),
(207, 933, 'INDOOR30006', NULL, NULL, NULL, 12701, NULL, NULL, NULL, NULL),
(207, 933, 'INDOOR30007', NULL, NULL, NULL, 12701, NULL, NULL, NULL, NULL),
(207, 933, 'INDOOR30008', NULL, NULL, NULL, 12701, NULL, NULL, NULL, NULL),
(207, 933, 'INDOOR30009', NULL, NULL, NULL, 12701, NULL, NULL, NULL, NULL),
(208, 711, 'INDOOR30001', NULL, NULL, NULL, 0, NULL, NULL, NULL, NULL),
(208, 711, 'INDOOR30002', NULL, NULL, NULL, 0, NULL, NULL, NULL, NULL),
(208, 711, 'INDOOR30003', NULL, NULL, NULL, 0, NULL, NULL, NULL, NULL),
(208, 711, 'INDOOR30004', NULL, NULL, NULL, 0, NULL, NULL, NULL, NULL),
(208, 711, 'INDOOR30005', NULL, NULL, NULL, 0, NULL, NULL, NULL, NULL),
(208, 711, 'INDOOR30006', NULL, NULL, NULL, 0, NULL, NULL, NULL, NULL),
(208, 711, 'INDOOR30007', NULL, NULL, NULL, 0, NULL, NULL, NULL, NULL),
(208, 711, 'INDOOR30008', NULL, NULL, NULL, 0, NULL, NULL, NULL, NULL),
(208, 711, 'INDOOR30009', NULL, NULL, NULL, 0, NULL, NULL, NULL, NULL),
(208, 934, 'INDOOR30001', NULL, NULL, NULL, 0, NULL, NULL, NULL, NULL),
(208, 934, 'INDOOR30002', NULL, NULL, NULL, 0, NULL, NULL, NULL, NULL),
(208, 934, 'INDOOR30003', NULL, NULL, NULL, 0, NULL, NULL, NULL, NULL),
(208, 934, 'INDOOR30004', NULL, NULL, NULL, 0, NULL, NULL, NULL, NULL),
(208, 934, 'INDOOR30005', NULL, NULL, NULL, 0, NULL, NULL, NULL, NULL),
(208, 934, 'INDOOR30006', NULL, NULL, NULL, 0, NULL, NULL, NULL, NULL),
(208, 934, 'INDOOR30007', NULL, NULL, NULL, 0, NULL, NULL, NULL, NULL),
(208, 934, 'INDOOR30008', NULL, NULL, NULL, 0, NULL, NULL, NULL, NULL),
(208, 934, 'INDOOR30009', NULL, NULL, NULL, 0, NULL, NULL, NULL, NULL),
(209, 713, 'INDOOR30001', NULL, NULL, NULL, 120, NULL, NULL, NULL, NULL),
(209, 713, 'INDOOR30002', NULL, NULL, NULL, 120, NULL, NULL, NULL, NULL),
(209, 713, 'INDOOR30003', NULL, NULL, NULL, 120, NULL, NULL, NULL, NULL),
(209, 713, 'INDOOR30004', NULL, NULL, NULL, 120, NULL, NULL, NULL, NULL),
(209, 713, 'INDOOR30005', NULL, NULL, NULL, 120, NULL, NULL, NULL, NULL),
(209, 713, 'INDOOR30006', NULL, NULL, NULL, 120, NULL, NULL, NULL, NULL),
(209, 713, 'INDOOR30007', NULL, NULL, NULL, 120, NULL, NULL, NULL, NULL),
(209, 713, 'INDOOR30008', NULL, NULL, NULL, 120, NULL, NULL, NULL, NULL),
(209, 713, 'INDOOR30009', NULL, NULL, NULL, 120, NULL, NULL, NULL, NULL),
(209, 936, 'INDOOR30001', NULL, NULL, NULL, 120, NULL, NULL, NULL, NULL),
(209, 936, 'INDOOR30002', NULL, NULL, NULL, 120, NULL, NULL, NULL, NULL),
(209, 936, 'INDOOR30003', NULL, NULL, NULL, 120, NULL, NULL, NULL, NULL),
(209, 936, 'INDOOR30004', NULL, NULL, NULL, 120, NULL, NULL, NULL, NULL),
(209, 936, 'INDOOR30005', NULL, NULL, NULL, 120, NULL, NULL, NULL, NULL),
(209, 936, 'INDOOR30006', NULL, NULL, NULL, 120, NULL, NULL, NULL, NULL),
(209, 936, 'INDOOR30007', NULL, NULL, NULL, 120, NULL, NULL, NULL, NULL),
(209, 936, 'INDOOR30008', NULL, NULL, NULL, 120, NULL, NULL, NULL, NULL),
(209, 936, 'INDOOR30009', NULL, NULL, NULL, 120, NULL, NULL, NULL, NULL),
(210, 714, 'INDOOR30001', NULL, NULL, NULL, 0, NULL, NULL, NULL, NULL),
(210, 714, 'INDOOR30002', NULL, NULL, NULL, 0, NULL, NULL, NULL, NULL),
(210, 714, 'INDOOR30003', NULL, NULL, NULL, 0, NULL, NULL, NULL, NULL),
(210, 714, 'INDOOR30004', NULL, NULL, NULL, 0, NULL, NULL, NULL, NULL),
(210, 714, 'INDOOR30005', NULL, NULL, NULL, 0, NULL, NULL, NULL, NULL),
(210, 714, 'INDOOR30006', NULL, NULL, NULL, 0, NULL, NULL, NULL, NULL),
(210, 714, 'INDOOR30007', NULL, NULL, NULL, 0, NULL, NULL, NULL, NULL),
(210, 714, 'INDOOR30008', NULL, NULL, NULL, 0, NULL, NULL, NULL, NULL),
(210, 714, 'INDOOR30009', NULL, NULL, NULL, 0, NULL, NULL, NULL, NULL),
(210, 937, 'INDOOR30001', NULL, NULL, NULL, 0, NULL, NULL, NULL, NULL),
(210, 937, 'INDOOR30002', NULL, NULL, NULL, 0, NULL, NULL, NULL, NULL),
(210, 937, 'INDOOR30003', NULL, NULL, NULL, 0, NULL, NULL, NULL, NULL),
(210, 937, 'INDOOR30004', NULL, NULL, NULL, 0, NULL, NULL, NULL, NULL),
(210, 937, 'INDOOR30005', NULL, NULL, NULL, 0, NULL, NULL, NULL, NULL),
(210, 937, 'INDOOR30006', NULL, NULL, NULL, 0, NULL, NULL, NULL, NULL),
(210, 937, 'INDOOR30007', NULL, NULL, NULL, 0, NULL, NULL, NULL, NULL),
(210, 937, 'INDOOR30008', NULL, NULL, NULL, 0, NULL, NULL, NULL, NULL),
(210, 937, 'INDOOR30009', NULL, NULL, NULL, 0, NULL, NULL, NULL, NULL),
(211, 715, 'INDOOR30001', NULL, NULL, NULL, 0, NULL, NULL, NULL, NULL),
(211, 715, 'INDOOR30002', NULL, NULL, NULL, 0, NULL, NULL, NULL, NULL),
(211, 715, 'INDOOR30003', NULL, NULL, NULL, 0, NULL, NULL, NULL, NULL),
(211, 715, 'INDOOR30004', NULL, NULL, NULL, 0, NULL, NULL, NULL, NULL),
(211, 715, 'INDOOR30005', NULL, NULL, NULL, 0, NULL, NULL, NULL, NULL),
(211, 715, 'INDOOR30006', NULL, NULL, NULL, 0, NULL, NULL, NULL, NULL),
(211, 715, 'INDOOR30007', NULL, NULL, NULL, 0, NULL, NULL, NULL, NULL),
(211, 715, 'INDOOR30008', NULL, NULL, NULL, 0, NULL, NULL, NULL, NULL),
(211, 715, 'INDOOR30009', NULL, NULL, NULL, 0, NULL, NULL, NULL, NULL),
(211, 938, 'INDOOR30001', NULL, NULL, NULL, 0, NULL, NULL, NULL, NULL),
(211, 938, 'INDOOR30002', NULL, NULL, NULL, 0, NULL, NULL, NULL, NULL),
(211, 938, 'INDOOR30003', NULL, NULL, NULL, 0, NULL, NULL, NULL, NULL),
(211, 938, 'INDOOR30004', NULL, NULL, NULL, 0, NULL, NULL, NULL, NULL),
(211, 938, 'INDOOR30005', NULL, NULL, NULL, 0, NULL, NULL, NULL, NULL),
(211, 938, 'INDOOR30006', NULL, NULL, NULL, 0, NULL, NULL, NULL, NULL),
(211, 938, 'INDOOR30007', NULL, NULL, NULL, 0, NULL, NULL, NULL, NULL),
(211, 938, 'INDOOR30008', NULL, NULL, NULL, 0, NULL, NULL, NULL, NULL),
(211, 938, 'INDOOR30009', NULL, NULL, NULL, 0, NULL, NULL, NULL, NULL),
(212, 716, 'INDOOR30001', NULL, NULL, NULL, 0, NULL, NULL, NULL, NULL),
(212, 716, 'INDOOR30002', NULL, NULL, NULL, 0, NULL, NULL, NULL, NULL),
(212, 716, 'INDOOR30003', NULL, NULL, NULL, 0, NULL, NULL, NULL, NULL),
(212, 716, 'INDOOR30004', NULL, NULL, NULL, 0, NULL, NULL, NULL, NULL),
(212, 716, 'INDOOR30005', NULL, NULL, NULL, 0, NULL, NULL, NULL, NULL),
(212, 716, 'INDOOR30006', NULL, NULL, NULL, 0, NULL, NULL, NULL, NULL),
(212, 716, 'INDOOR30007', NULL, NULL, NULL, 0, NULL, NULL, NULL, NULL),
(212, 716, 'INDOOR30008', NULL, NULL, NULL, 0, NULL, NULL, NULL, NULL),
(212, 716, 'INDOOR30009', NULL, NULL, NULL, 0, NULL, NULL, NULL, NULL),
(212, 939, 'INDOOR30001', NULL, NULL, NULL, 0, NULL, NULL, NULL, NULL),
(212, 939, 'INDOOR30002', NULL, NULL, NULL, 0, NULL, NULL, NULL, NULL),
(212, 939, 'INDOOR30003', NULL, NULL, NULL, 0, NULL, NULL, NULL, NULL),
(212, 939, 'INDOOR30004', NULL, NULL, NULL, 0, NULL, NULL, NULL, NULL),
(212, 939, 'INDOOR30005', NULL, NULL, NULL, 0, NULL, NULL, NULL, NULL),
(212, 939, 'INDOOR30006', NULL, NULL, NULL, 0, NULL, NULL, NULL, NULL),
(212, 939, 'INDOOR30007', NULL, NULL, NULL, 0, NULL, NULL, NULL, NULL),
(212, 939, 'INDOOR30008', NULL, NULL, NULL, 0, NULL, NULL, NULL, NULL),
(212, 939, 'INDOOR30009', NULL, NULL, NULL, 0, NULL, NULL, NULL, NULL),
(213, 718, 'INDOOR30001', NULL, NULL, NULL, 12701, NULL, NULL, NULL, NULL),
(213, 718, 'INDOOR30002', NULL, NULL, NULL, 12701, NULL, NULL, NULL, NULL),
(213, 718, 'INDOOR30003', NULL, NULL, NULL, 12701, NULL, NULL, NULL, NULL),
(213, 718, 'INDOOR30004', NULL, NULL, NULL, 12701, NULL, NULL, NULL, NULL),
(213, 718, 'INDOOR30005', NULL, NULL, NULL, 12701, NULL, NULL, NULL, NULL),
(213, 718, 'INDOOR30006', NULL, NULL, NULL, 12701, NULL, NULL, NULL, NULL),
(213, 718, 'INDOOR30007', NULL, NULL, NULL, 12701, NULL, NULL, NULL, NULL),
(213, 718, 'INDOOR30008', NULL, NULL, NULL, 12701, NULL, NULL, NULL, NULL),
(213, 718, 'INDOOR30009', NULL, NULL, NULL, 12701, NULL, NULL, NULL, NULL),
(213, 940, 'INDOOR30001', NULL, NULL, NULL, 12701, NULL, NULL, NULL, NULL),
(213, 940, 'INDOOR30002', NULL, NULL, NULL, 12701, NULL, NULL, NULL, NULL),
(213, 940, 'INDOOR30003', NULL, NULL, NULL, 12701, NULL, NULL, NULL, NULL),
(213, 940, 'INDOOR30004', NULL, NULL, NULL, 12701, NULL, NULL, NULL, NULL),
(213, 940, 'INDOOR30005', NULL, NULL, NULL, 12701, NULL, NULL, NULL, NULL),
(213, 940, 'INDOOR30006', NULL, NULL, NULL, 12701, NULL, NULL, NULL, NULL),
(213, 940, 'INDOOR30007', NULL, NULL, NULL, 12701, NULL, NULL, NULL, NULL),
(213, 940, 'INDOOR30008', NULL, NULL, NULL, 12701, NULL, NULL, NULL, NULL),
(213, 940, 'INDOOR30009', NULL, NULL, NULL, 12701, NULL, NULL, NULL, NULL),
(214, 719, 'INDOOR30001', NULL, NULL, NULL, 0, NULL, NULL, NULL, NULL),
(214, 719, 'INDOOR30002', NULL, NULL, NULL, 0, NULL, NULL, NULL, NULL),
(214, 719, 'INDOOR30003', NULL, NULL, NULL, 0, NULL, NULL, NULL, NULL),
(214, 719, 'INDOOR30004', NULL, NULL, NULL, 0, NULL, NULL, NULL, NULL),
(214, 719, 'INDOOR30005', NULL, NULL, NULL, 0, NULL, NULL, NULL, NULL),
(214, 719, 'INDOOR30006', NULL, NULL, NULL, 0, NULL, NULL, NULL, NULL),
(214, 719, 'INDOOR30007', NULL, NULL, NULL, 0, NULL, NULL, NULL, NULL),
(214, 719, 'INDOOR30008', NULL, NULL, NULL, 0, NULL, NULL, NULL, NULL),
(214, 719, 'INDOOR30009', NULL, NULL, NULL, 0, NULL, NULL, NULL, NULL),
(214, 941, 'INDOOR30001', NULL, NULL, NULL, 0, NULL, NULL, NULL, NULL),
(214, 941, 'INDOOR30002', NULL, NULL, NULL, 0, NULL, NULL, NULL, NULL),
(214, 941, 'INDOOR30003', NULL, NULL, NULL, 0, NULL, NULL, NULL, NULL),
(214, 941, 'INDOOR30004', NULL, NULL, NULL, 0, NULL, NULL, NULL, NULL),
(214, 941, 'INDOOR30005', NULL, NULL, NULL, 0, NULL, NULL, NULL, NULL),
(214, 941, 'INDOOR30006', NULL, NULL, NULL, 0, NULL, NULL, NULL, NULL),
(214, 941, 'INDOOR30007', NULL, NULL, NULL, 0, NULL, NULL, NULL, NULL),
(214, 941, 'INDOOR30008', NULL, NULL, NULL, 0, NULL, NULL, NULL, NULL),
(214, 941, 'INDOOR30009', NULL, NULL, NULL, 0, NULL, NULL, NULL, NULL),
(215, 720, 'INDOOR30001', NULL, NULL, NULL, 15, NULL, NULL, NULL, NULL),
(215, 720, 'INDOOR30002', NULL, NULL, NULL, 15, NULL, NULL, NULL, NULL),
(215, 720, 'INDOOR30003', NULL, NULL, NULL, 15, NULL, NULL, NULL, NULL),
(215, 720, 'INDOOR30004', NULL, NULL, NULL, 15, NULL, NULL, NULL, NULL),
(215, 720, 'INDOOR30005', NULL, NULL, NULL, 15, NULL, NULL, NULL, NULL),
(215, 720, 'INDOOR30006', NULL, NULL, NULL, 15, NULL, NULL, NULL, NULL),
(215, 720, 'INDOOR30007', NULL, NULL, NULL, 15, NULL, NULL, NULL, NULL),
(215, 720, 'INDOOR30008', NULL, NULL, NULL, 15, NULL, NULL, NULL, NULL),
(215, 720, 'INDOOR30009', NULL, NULL, NULL, 15, NULL, NULL, NULL, NULL),
(215, 942, 'INDOOR30001', NULL, NULL, NULL, 15, NULL, NULL, NULL, NULL),
(215, 942, 'INDOOR30002', NULL, NULL, NULL, 15, NULL, NULL, NULL, NULL),
(215, 942, 'INDOOR30003', NULL, NULL, NULL, 15, NULL, NULL, NULL, NULL),
(215, 942, 'INDOOR30004', NULL, NULL, NULL, 15, NULL, NULL, NULL, NULL),
(215, 942, 'INDOOR30005', NULL, NULL, NULL, 15, NULL, NULL, NULL, NULL),
(215, 942, 'INDOOR30006', NULL, NULL, NULL, 15, NULL, NULL, NULL, NULL),
(215, 942, 'INDOOR30007', NULL, NULL, NULL, 15, NULL, NULL, NULL, NULL),
(215, 942, 'INDOOR30008', NULL, NULL, NULL, 15, NULL, NULL, NULL, NULL),
(215, 942, 'INDOOR30009', NULL, NULL, NULL, 15, NULL, NULL, NULL, NULL),
(216, 723, 'INDOOR30001', NULL, NULL, NULL, 0, NULL, NULL, NULL, NULL),
(216, 723, 'INDOOR30002', NULL, NULL, NULL, 0, NULL, NULL, NULL, NULL),
(216, 723, 'INDOOR30003', NULL, NULL, NULL, 0, NULL, NULL, NULL, NULL),
(216, 723, 'INDOOR30004', NULL, NULL, NULL, 0, NULL, NULL, NULL, NULL),
(216, 723, 'INDOOR30005', NULL, NULL, NULL, 0, NULL, NULL, NULL, NULL),
(216, 723, 'INDOOR30006', NULL, NULL, NULL, 0, NULL, NULL, NULL, NULL),
(216, 723, 'INDOOR30007', NULL, NULL, NULL, 0, NULL, NULL, NULL, NULL),
(216, 723, 'INDOOR30008', NULL, NULL, NULL, 0, NULL, NULL, NULL, NULL),
(216, 723, 'INDOOR30009', NULL, NULL, NULL, 0, NULL, NULL, NULL, NULL),
(217, 724, 'INDOOR30001', NULL, NULL, NULL, 12701, NULL, NULL, NULL, NULL),
(217, 724, 'INDOOR30002', NULL, NULL, NULL, 12701, NULL, NULL, NULL, NULL),
(217, 724, 'INDOOR30003', NULL, NULL, NULL, 12701, NULL, NULL, NULL, NULL),
(217, 724, 'INDOOR30004', NULL, NULL, NULL, 12701, NULL, NULL, NULL, NULL),
(217, 724, 'INDOOR30005', NULL, NULL, NULL, 12701, NULL, NULL, NULL, NULL),
(217, 724, 'INDOOR30006', NULL, NULL, NULL, 12701, NULL, NULL, NULL, NULL),
(217, 724, 'INDOOR30007', NULL, NULL, NULL, 12701, NULL, NULL, NULL, NULL),
(217, 724, 'INDOOR30008', NULL, NULL, NULL, 12701, NULL, NULL, NULL, NULL),
(217, 724, 'INDOOR30009', NULL, NULL, NULL, 12701, NULL, NULL, NULL, NULL),
(218, 725, 'INDOOR30001', NULL, NULL, NULL, 0, NULL, NULL, NULL, NULL),
(218, 725, 'INDOOR30002', NULL, NULL, NULL, 0, NULL, NULL, NULL, NULL),
(218, 725, 'INDOOR30003', NULL, NULL, NULL, 0, NULL, NULL, NULL, NULL),
(218, 725, 'INDOOR30004', NULL, NULL, NULL, 0, NULL, NULL, NULL, NULL),
(218, 725, 'INDOOR30005', NULL, NULL, NULL, 0, NULL, NULL, NULL, NULL),
(218, 725, 'INDOOR30006', NULL, NULL, NULL, 0, NULL, NULL, NULL, NULL),
(218, 725, 'INDOOR30007', NULL, NULL, NULL, 0, NULL, NULL, NULL, NULL),
(218, 725, 'INDOOR30008', NULL, NULL, NULL, 0, NULL, NULL, NULL, NULL),
(218, 725, 'INDOOR30009', NULL, NULL, NULL, 0, NULL, NULL, NULL, NULL),
(218, 945, 'INDOOR30001', NULL, NULL, NULL, 0, NULL, NULL, NULL, NULL),
(218, 945, 'INDOOR30002', NULL, NULL, NULL, 0, NULL, NULL, NULL, NULL),
(218, 945, 'INDOOR30003', NULL, NULL, NULL, 0, NULL, NULL, NULL, NULL),
(218, 945, 'INDOOR30004', NULL, NULL, NULL, 0, NULL, NULL, NULL, NULL),
(218, 945, 'INDOOR30005', NULL, NULL, NULL, 0, NULL, NULL, NULL, NULL),
(218, 945, 'INDOOR30006', NULL, NULL, NULL, 0, NULL, NULL, NULL, NULL),
(218, 945, 'INDOOR30007', NULL, NULL, NULL, 0, NULL, NULL, NULL, NULL),
(218, 945, 'INDOOR30008', NULL, NULL, NULL, 0, NULL, NULL, NULL, NULL),
(218, 945, 'INDOOR30009', NULL, NULL, NULL, 0, NULL, NULL, NULL, NULL),
(219, 726, 'INDOOR30001', NULL, NULL, NULL, 120, NULL, NULL, NULL, NULL),
(219, 726, 'INDOOR30002', NULL, NULL, NULL, 120, NULL, NULL, NULL, NULL),
(219, 726, 'INDOOR30003', NULL, NULL, NULL, 120, NULL, NULL, NULL, NULL),
(219, 726, 'INDOOR30004', NULL, NULL, NULL, 120, NULL, NULL, NULL, NULL),
(219, 726, 'INDOOR30005', NULL, NULL, NULL, 120, NULL, NULL, NULL, NULL),
(219, 726, 'INDOOR30006', NULL, NULL, NULL, 120, NULL, NULL, NULL, NULL),
(219, 726, 'INDOOR30007', NULL, NULL, NULL, 120, NULL, NULL, NULL, NULL),
(219, 726, 'INDOOR30008', NULL, NULL, NULL, 120, NULL, NULL, NULL, NULL),
(219, 726, 'INDOOR30009', NULL, NULL, NULL, 120, NULL, NULL, NULL, NULL),
(219, 946, 'INDOOR30001', NULL, NULL, NULL, 120, NULL, NULL, NULL, NULL),
(219, 946, 'INDOOR30002', NULL, NULL, NULL, 120, NULL, NULL, NULL, NULL),
(219, 946, 'INDOOR30003', NULL, NULL, NULL, 120, NULL, NULL, NULL, NULL),
(219, 946, 'INDOOR30004', NULL, NULL, NULL, 120, NULL, NULL, NULL, NULL),
(219, 946, 'INDOOR30005', NULL, NULL, NULL, 120, NULL, NULL, NULL, NULL),
(219, 946, 'INDOOR30006', NULL, NULL, NULL, 120, NULL, NULL, NULL, NULL),
(219, 946, 'INDOOR30007', NULL, NULL, NULL, 120, NULL, NULL, NULL, NULL),
(219, 946, 'INDOOR30008', NULL, NULL, NULL, 120, NULL, NULL, NULL, NULL),
(219, 946, 'INDOOR30009', NULL, NULL, NULL, 120, NULL, NULL, NULL, NULL),
(220, 727, 'INDOOR30001', NULL, NULL, NULL, 75, NULL, NULL, NULL, NULL),
(220, 727, 'INDOOR30002', NULL, NULL, NULL, 75, NULL, NULL, NULL, NULL),
(220, 727, 'INDOOR30003', NULL, NULL, NULL, 75, NULL, NULL, NULL, NULL),
(220, 727, 'INDOOR30004', NULL, NULL, NULL, 75, NULL, NULL, NULL, NULL),
(220, 727, 'INDOOR30005', NULL, NULL, NULL, 75, NULL, NULL, NULL, NULL),
(220, 727, 'INDOOR30006', NULL, NULL, NULL, 75, NULL, NULL, NULL, NULL),
(220, 727, 'INDOOR30007', NULL, NULL, NULL, 75, NULL, NULL, NULL, NULL);
INSERT INTO `noidungcongviec` (`ID_DOTBD`, `ID_THIETBI`, `MA_NOIDUNG`, `GHICHU`, `KIENNGHI`, `TRANGTHAI`, `ID_NHANVIEN`, `KETQUA`, `SOLIEUTHUCTE`, `KETQUAXULY`, `ANH`) VALUES
(220, 727, 'INDOOR30008', NULL, NULL, NULL, 75, NULL, NULL, NULL, NULL),
(220, 727, 'INDOOR30009', NULL, NULL, NULL, 75, NULL, NULL, NULL, NULL),
(221, 728, 'INDOOR30001', NULL, NULL, NULL, 0, NULL, NULL, NULL, NULL),
(221, 728, 'INDOOR30002', NULL, NULL, NULL, 0, NULL, NULL, NULL, NULL),
(221, 728, 'INDOOR30003', NULL, NULL, NULL, 0, NULL, NULL, NULL, NULL),
(221, 728, 'INDOOR30004', NULL, NULL, NULL, 0, NULL, NULL, NULL, NULL),
(221, 728, 'INDOOR30005', NULL, NULL, NULL, 0, NULL, NULL, NULL, NULL),
(221, 728, 'INDOOR30006', NULL, NULL, NULL, 0, NULL, NULL, NULL, NULL),
(221, 728, 'INDOOR30007', NULL, NULL, NULL, 0, NULL, NULL, NULL, NULL),
(221, 728, 'INDOOR30008', NULL, NULL, NULL, 0, NULL, NULL, NULL, NULL),
(221, 728, 'INDOOR30009', NULL, NULL, NULL, 0, NULL, NULL, NULL, NULL),
(221, 947, 'INDOOR30001', NULL, NULL, NULL, 0, NULL, NULL, NULL, NULL),
(221, 947, 'INDOOR30002', NULL, NULL, NULL, 0, NULL, NULL, NULL, NULL),
(221, 947, 'INDOOR30003', NULL, NULL, NULL, 0, NULL, NULL, NULL, NULL),
(221, 947, 'INDOOR30004', NULL, NULL, NULL, 0, NULL, NULL, NULL, NULL),
(221, 947, 'INDOOR30005', NULL, NULL, NULL, 0, NULL, NULL, NULL, NULL),
(221, 947, 'INDOOR30006', NULL, NULL, NULL, 0, NULL, NULL, NULL, NULL),
(221, 947, 'INDOOR30007', NULL, NULL, NULL, 0, NULL, NULL, NULL, NULL),
(221, 947, 'INDOOR30008', NULL, NULL, NULL, 0, NULL, NULL, NULL, NULL),
(221, 947, 'INDOOR30009', NULL, NULL, NULL, 0, NULL, NULL, NULL, NULL),
(222, 729, 'INDOOR30001', NULL, NULL, NULL, 0, NULL, NULL, NULL, NULL),
(222, 729, 'INDOOR30002', NULL, NULL, NULL, 0, NULL, NULL, NULL, NULL),
(222, 729, 'INDOOR30003', NULL, NULL, NULL, 0, NULL, NULL, NULL, NULL),
(222, 729, 'INDOOR30004', NULL, NULL, NULL, 0, NULL, NULL, NULL, NULL),
(222, 729, 'INDOOR30005', NULL, NULL, NULL, 0, NULL, NULL, NULL, NULL),
(222, 729, 'INDOOR30006', NULL, NULL, NULL, 0, NULL, NULL, NULL, NULL),
(222, 729, 'INDOOR30007', NULL, NULL, NULL, 0, NULL, NULL, NULL, NULL),
(222, 729, 'INDOOR30008', NULL, NULL, NULL, 0, NULL, NULL, NULL, NULL),
(222, 729, 'INDOOR30009', NULL, NULL, NULL, 0, NULL, NULL, NULL, NULL),
(223, 730, 'INDOOR30001', NULL, NULL, NULL, 0, NULL, NULL, NULL, NULL),
(223, 730, 'INDOOR30002', NULL, NULL, NULL, 0, NULL, NULL, NULL, NULL),
(223, 730, 'INDOOR30003', NULL, NULL, NULL, 0, NULL, NULL, NULL, NULL),
(223, 730, 'INDOOR30004', NULL, NULL, NULL, 0, NULL, NULL, NULL, NULL),
(223, 730, 'INDOOR30005', NULL, NULL, NULL, 0, NULL, NULL, NULL, NULL),
(223, 730, 'INDOOR30006', NULL, NULL, NULL, 0, NULL, NULL, NULL, NULL),
(223, 730, 'INDOOR30007', NULL, NULL, NULL, 0, NULL, NULL, NULL, NULL),
(223, 730, 'INDOOR30008', NULL, NULL, NULL, 0, NULL, NULL, NULL, NULL),
(223, 730, 'INDOOR30009', NULL, NULL, NULL, 0, NULL, NULL, NULL, NULL),
(224, 731, 'INDOOR30001', NULL, NULL, NULL, 120, NULL, NULL, NULL, NULL),
(224, 731, 'INDOOR30002', NULL, NULL, NULL, 120, NULL, NULL, NULL, NULL),
(224, 731, 'INDOOR30003', NULL, NULL, NULL, 120, NULL, NULL, NULL, NULL),
(224, 731, 'INDOOR30004', NULL, NULL, NULL, 120, NULL, NULL, NULL, NULL),
(224, 731, 'INDOOR30005', NULL, NULL, NULL, 120, NULL, NULL, NULL, NULL),
(224, 731, 'INDOOR30006', NULL, NULL, NULL, 120, NULL, NULL, NULL, NULL),
(224, 731, 'INDOOR30007', NULL, NULL, NULL, 120, NULL, NULL, NULL, NULL),
(224, 731, 'INDOOR30008', NULL, NULL, NULL, 120, NULL, NULL, NULL, NULL),
(224, 731, 'INDOOR30009', NULL, NULL, NULL, 120, NULL, NULL, NULL, NULL),
(224, 948, 'INDOOR30001', NULL, NULL, NULL, 120, NULL, NULL, NULL, NULL),
(224, 948, 'INDOOR30002', NULL, NULL, NULL, 120, NULL, NULL, NULL, NULL),
(224, 948, 'INDOOR30003', NULL, NULL, NULL, 120, NULL, NULL, NULL, NULL),
(224, 948, 'INDOOR30004', NULL, NULL, NULL, 120, NULL, NULL, NULL, NULL),
(224, 948, 'INDOOR30005', NULL, NULL, NULL, 120, NULL, NULL, NULL, NULL),
(224, 948, 'INDOOR30006', NULL, NULL, NULL, 120, NULL, NULL, NULL, NULL),
(224, 948, 'INDOOR30007', NULL, NULL, NULL, 120, NULL, NULL, NULL, NULL),
(224, 948, 'INDOOR30008', NULL, NULL, NULL, 120, NULL, NULL, NULL, NULL),
(224, 948, 'INDOOR30009', NULL, NULL, NULL, 120, NULL, NULL, NULL, NULL),
(225, 732, 'INDOOR30001', NULL, NULL, NULL, 0, NULL, NULL, NULL, NULL),
(225, 732, 'INDOOR30002', NULL, NULL, NULL, 0, NULL, NULL, NULL, NULL),
(225, 732, 'INDOOR30003', NULL, NULL, NULL, 0, NULL, NULL, NULL, NULL),
(225, 732, 'INDOOR30004', NULL, NULL, NULL, 0, NULL, NULL, NULL, NULL),
(225, 732, 'INDOOR30005', NULL, NULL, NULL, 0, NULL, NULL, NULL, NULL),
(225, 732, 'INDOOR30006', NULL, NULL, NULL, 0, NULL, NULL, NULL, NULL),
(225, 732, 'INDOOR30007', NULL, NULL, NULL, 0, NULL, NULL, NULL, NULL),
(225, 732, 'INDOOR30008', NULL, NULL, NULL, 0, NULL, NULL, NULL, NULL),
(225, 732, 'INDOOR30009', NULL, NULL, NULL, 0, NULL, NULL, NULL, NULL),
(226, 733, 'INDOOR30001', NULL, NULL, NULL, 15, NULL, NULL, NULL, NULL),
(226, 733, 'INDOOR30002', NULL, NULL, NULL, 15, NULL, NULL, NULL, NULL),
(226, 733, 'INDOOR30003', NULL, NULL, NULL, 15, NULL, NULL, NULL, NULL),
(226, 733, 'INDOOR30004', NULL, NULL, NULL, 15, NULL, NULL, NULL, NULL),
(226, 733, 'INDOOR30005', NULL, NULL, NULL, 15, NULL, NULL, NULL, NULL),
(226, 733, 'INDOOR30006', NULL, NULL, NULL, 15, NULL, NULL, NULL, NULL),
(226, 733, 'INDOOR30007', NULL, NULL, NULL, 15, NULL, NULL, NULL, NULL),
(226, 733, 'INDOOR30008', NULL, NULL, NULL, 15, NULL, NULL, NULL, NULL),
(226, 733, 'INDOOR30009', NULL, NULL, NULL, 15, NULL, NULL, NULL, NULL),
(227, 734, 'INDOOR30001', NULL, NULL, NULL, 0, NULL, NULL, NULL, NULL),
(227, 734, 'INDOOR30002', NULL, NULL, NULL, 0, NULL, NULL, NULL, NULL),
(227, 734, 'INDOOR30003', NULL, NULL, NULL, 0, NULL, NULL, NULL, NULL),
(227, 734, 'INDOOR30004', NULL, NULL, NULL, 0, NULL, NULL, NULL, NULL),
(227, 734, 'INDOOR30005', NULL, NULL, NULL, 0, NULL, NULL, NULL, NULL),
(227, 734, 'INDOOR30006', NULL, NULL, NULL, 0, NULL, NULL, NULL, NULL),
(227, 734, 'INDOOR30007', NULL, NULL, NULL, 0, NULL, NULL, NULL, NULL),
(227, 734, 'INDOOR30008', NULL, NULL, NULL, 0, NULL, NULL, NULL, NULL),
(227, 734, 'INDOOR30009', NULL, NULL, NULL, 0, NULL, NULL, NULL, NULL),
(227, 949, 'INDOOR30001', NULL, NULL, NULL, 0, NULL, NULL, NULL, NULL),
(227, 949, 'INDOOR30002', NULL, NULL, NULL, 0, NULL, NULL, NULL, NULL),
(227, 949, 'INDOOR30003', NULL, NULL, NULL, 0, NULL, NULL, NULL, NULL),
(227, 949, 'INDOOR30004', NULL, NULL, NULL, 0, NULL, NULL, NULL, NULL),
(227, 949, 'INDOOR30005', NULL, NULL, NULL, 0, NULL, NULL, NULL, NULL),
(227, 949, 'INDOOR30006', NULL, NULL, NULL, 0, NULL, NULL, NULL, NULL),
(227, 949, 'INDOOR30007', NULL, NULL, NULL, 0, NULL, NULL, NULL, NULL),
(227, 949, 'INDOOR30008', NULL, NULL, NULL, 0, NULL, NULL, NULL, NULL),
(227, 949, 'INDOOR30009', NULL, NULL, NULL, 0, NULL, NULL, NULL, NULL),
(228, 735, 'INDOOR30001', NULL, NULL, NULL, 12701, NULL, NULL, NULL, NULL),
(228, 735, 'INDOOR30002', NULL, NULL, NULL, 12701, NULL, NULL, NULL, NULL),
(228, 735, 'INDOOR30003', NULL, NULL, NULL, 12701, NULL, NULL, NULL, NULL),
(228, 735, 'INDOOR30004', NULL, NULL, NULL, 12701, NULL, NULL, NULL, NULL),
(228, 735, 'INDOOR30005', NULL, NULL, NULL, 12701, NULL, NULL, NULL, NULL),
(228, 735, 'INDOOR30006', NULL, NULL, NULL, 12701, NULL, NULL, NULL, NULL),
(228, 735, 'INDOOR30007', NULL, NULL, NULL, 12701, NULL, NULL, NULL, NULL),
(228, 735, 'INDOOR30008', NULL, NULL, NULL, 12701, NULL, NULL, NULL, NULL),
(228, 735, 'INDOOR30009', NULL, NULL, NULL, 12701, NULL, NULL, NULL, NULL),
(228, 950, 'INDOOR30001', NULL, NULL, NULL, 12701, NULL, NULL, NULL, NULL),
(228, 950, 'INDOOR30002', NULL, NULL, NULL, 12701, NULL, NULL, NULL, NULL),
(228, 950, 'INDOOR30003', NULL, NULL, NULL, 12701, NULL, NULL, NULL, NULL),
(228, 950, 'INDOOR30004', NULL, NULL, NULL, 12701, NULL, NULL, NULL, NULL),
(228, 950, 'INDOOR30005', NULL, NULL, NULL, 12701, NULL, NULL, NULL, NULL),
(228, 950, 'INDOOR30006', NULL, NULL, NULL, 12701, NULL, NULL, NULL, NULL),
(228, 950, 'INDOOR30007', NULL, NULL, NULL, 12701, NULL, NULL, NULL, NULL),
(228, 950, 'INDOOR30008', NULL, NULL, NULL, 12701, NULL, NULL, NULL, NULL),
(228, 950, 'INDOOR30009', NULL, NULL, NULL, 12701, NULL, NULL, NULL, NULL),
(229, 736, 'INDOOR30001', NULL, NULL, NULL, 0, NULL, NULL, NULL, NULL),
(229, 736, 'INDOOR30002', NULL, NULL, NULL, 0, NULL, NULL, NULL, NULL),
(229, 736, 'INDOOR30003', NULL, NULL, NULL, 0, NULL, NULL, NULL, NULL),
(229, 736, 'INDOOR30004', NULL, NULL, NULL, 0, NULL, NULL, NULL, NULL),
(229, 736, 'INDOOR30005', NULL, NULL, NULL, 0, NULL, NULL, NULL, NULL),
(229, 736, 'INDOOR30006', NULL, NULL, NULL, 0, NULL, NULL, NULL, NULL),
(229, 736, 'INDOOR30007', NULL, NULL, NULL, 0, NULL, NULL, NULL, NULL),
(229, 736, 'INDOOR30008', NULL, NULL, NULL, 0, NULL, NULL, NULL, NULL),
(229, 736, 'INDOOR30009', NULL, NULL, NULL, 0, NULL, NULL, NULL, NULL),
(229, 951, 'INDOOR30001', NULL, NULL, NULL, 0, NULL, NULL, NULL, NULL),
(229, 951, 'INDOOR30002', NULL, NULL, NULL, 0, NULL, NULL, NULL, NULL),
(229, 951, 'INDOOR30003', NULL, NULL, NULL, 0, NULL, NULL, NULL, NULL),
(229, 951, 'INDOOR30004', NULL, NULL, NULL, 0, NULL, NULL, NULL, NULL),
(229, 951, 'INDOOR30005', NULL, NULL, NULL, 0, NULL, NULL, NULL, NULL),
(229, 951, 'INDOOR30006', NULL, NULL, NULL, 0, NULL, NULL, NULL, NULL),
(229, 951, 'INDOOR30007', NULL, NULL, NULL, 0, NULL, NULL, NULL, NULL),
(229, 951, 'INDOOR30008', NULL, NULL, NULL, 0, NULL, NULL, NULL, NULL),
(229, 951, 'INDOOR30009', NULL, NULL, NULL, 0, NULL, NULL, NULL, NULL),
(230, 737, 'INDOOR30001', NULL, NULL, NULL, 120, NULL, NULL, NULL, NULL),
(230, 737, 'INDOOR30002', NULL, NULL, NULL, 120, NULL, NULL, NULL, NULL),
(230, 737, 'INDOOR30003', NULL, NULL, NULL, 120, NULL, NULL, NULL, NULL),
(230, 737, 'INDOOR30004', NULL, NULL, NULL, 120, NULL, NULL, NULL, NULL),
(230, 737, 'INDOOR30005', NULL, NULL, NULL, 120, NULL, NULL, NULL, NULL),
(230, 737, 'INDOOR30006', NULL, NULL, NULL, 120, NULL, NULL, NULL, NULL),
(230, 737, 'INDOOR30007', NULL, NULL, NULL, 120, NULL, NULL, NULL, NULL),
(230, 737, 'INDOOR30008', NULL, NULL, NULL, 120, NULL, NULL, NULL, NULL),
(230, 737, 'INDOOR30009', NULL, NULL, NULL, 120, NULL, NULL, NULL, NULL),
(230, 952, 'INDOOR30001', NULL, NULL, NULL, 120, NULL, NULL, NULL, NULL),
(230, 952, 'INDOOR30002', NULL, NULL, NULL, 120, NULL, NULL, NULL, NULL),
(230, 952, 'INDOOR30003', NULL, NULL, NULL, 120, NULL, NULL, NULL, NULL),
(230, 952, 'INDOOR30004', NULL, NULL, NULL, 120, NULL, NULL, NULL, NULL),
(230, 952, 'INDOOR30005', NULL, NULL, NULL, 120, NULL, NULL, NULL, NULL),
(230, 952, 'INDOOR30006', NULL, NULL, NULL, 120, NULL, NULL, NULL, NULL),
(230, 952, 'INDOOR30007', NULL, NULL, NULL, 120, NULL, NULL, NULL, NULL),
(230, 952, 'INDOOR30008', NULL, NULL, NULL, 120, NULL, NULL, NULL, NULL),
(230, 952, 'INDOOR30009', NULL, NULL, NULL, 120, NULL, NULL, NULL, NULL);

-- --------------------------------------------------------

--
-- Cấu trúc bảng cho bảng `profile_baoduong`
--

DROP TABLE IF EXISTS `profile_baoduong`;
CREATE TABLE IF NOT EXISTS `profile_baoduong` (
  `ID` int(11) NOT NULL AUTO_INCREMENT,
  `TEN_PROFILE` varchar(255) NOT NULL,
  PRIMARY KEY (`ID`)
) ENGINE=InnoDB AUTO_INCREMENT=6 DEFAULT CHARSET=utf8;

--
-- Đang đổ dữ liệu cho bảng `profile_baoduong`
--

INSERT INTO `profile_baoduong` (`ID`, `TEN_PROFILE`) VALUES
(1, 'Bảo dưỡng Indoor cấp 3'),
(2, 'Bảo dưỡng Outdoor cấp 1'),
(3, 'Kiểm tra vệ sinh nhà trạm'),
(4, 'Bảo dưỡng vệ sinh OLT theo quý'),
(5, 'Bảo dưỡng vệ sinh MANE theo quý');

-- --------------------------------------------------------

--
-- Cấu trúc bảng cho bảng `profile_baoduong_noidung`
--

DROP TABLE IF EXISTS `profile_baoduong_noidung`;
CREATE TABLE IF NOT EXISTS `profile_baoduong_noidung` (
  `ID_PROFILE` int(11) NOT NULL,
  `MA_NOIDUNG` varchar(32) NOT NULL,
  PRIMARY KEY (`ID_PROFILE`,`MA_NOIDUNG`),
  KEY `fk_ndbt` (`MA_NOIDUNG`)
) ENGINE=InnoDB DEFAULT CHARSET=utf8;

--
-- Đang đổ dữ liệu cho bảng `profile_baoduong_noidung`
--

INSERT INTO `profile_baoduong_noidung` (`ID_PROFILE`, `MA_NOIDUNG`) VALUES
(1, 'INDOOR30001'),
(1, 'INDOOR30002'),
(1, 'INDOOR30003'),
(1, 'INDOOR30004'),
(1, 'INDOOR30005'),
(1, 'INDOOR30006'),
(1, 'INDOOR30007'),
(1, 'INDOOR30008'),
(1, 'INDOOR30009'),
(3, 'KTNT_0001'),
(3, 'KTNT_0002'),
(3, 'KTNT_0003'),
(3, 'KTNT_0004'),
(3, 'KTNT_0005'),
(3, 'KTNT_0006'),
(3, 'KTNT_0007'),
(5, 'MAN0002'),
(5, 'MAN0007'),
(5, 'MAN0008'),
(5, 'MAN0009'),
(4, 'OLT0001'),
(4, 'OLT0002'),
(2, 'OUTDOOR0001'),
(2, 'OUTDOOR0002'),
(2, 'OUTDOOR0003'),
(2, 'OUTDOOR0004'),
(2, 'OUTDOOR0005'),
(2, 'OUTDOOR0006'),
(2, 'OUTDOOR0007'),
(2, 'OUTDOOR0008'),
(2, 'OUTDOOR0009'),
(2, 'OUTDOOR0010'),
(2, 'OUTDOOR0011'),
(2, 'OUTDOOR0012'),
(2, 'OUTDOOR0013'),
(2, 'OUTDOOR0014'),
(2, 'OUTDOOR0015');

-- --------------------------------------------------------

--
-- Cấu trúc bảng cho bảng `thietbi`
--

DROP TABLE IF EXISTS `thietbi`;
CREATE TABLE IF NOT EXISTS `thietbi` (
  `ID_THIETBI` int(11) NOT NULL AUTO_INCREMENT,
  `MA_THIETBI` varchar(32) NOT NULL,
  `TEN_THIETBI` varchar(255) NOT NULL,
  `ID_NHOM` int(11) DEFAULT NULL,
  `HANGSX` varchar(255) DEFAULT NULL,
  `THONGSOKT` text NOT NULL,
  `PHUKIEN` text,
  PRIMARY KEY (`ID_THIETBI`),
  KEY `FK_NHOMTBI` (`ID_NHOM`)
) ENGINE=InnoDB AUTO_INCREMENT=155 DEFAULT CHARSET=utf8;

--
-- Đang đổ dữ liệu cho bảng `thietbi`
--

INSERT INTO `thietbi` (`ID_THIETBI`, `MA_THIETBI`, `TEN_THIETBI`, `ID_NHOM`, `HANGSX`, `THONGSOKT`, `PHUKIEN`) VALUES
(1, 'ALCATEL-1642', 'ALCATEL-1642', 9, '﻿ALCATEL', 'ALCATEL-1642', NULL),
(2, 'ALCATEL-1660', 'ALCATEL-1660', 9, 'ALCATEL', 'ALCATEL-1660', NULL),
(3, 'ALCATEL-1662', 'ALCATEL-1662', 9, 'ALCATEL', 'ALCATEL-1662', NULL),
(4, 'FLASHWARE', 'FLASHWARE', 9, 'FLASHWARE', 'FLASHWARE', NULL),
(5, 'FLX-150', 'FLX-150', 9, 'FLX', 'FLX-150', NULL),
(6, 'OSN-500', 'OSN-500', 9, 'OSN', 'OSN-500', NULL),
(7, 'AGG\r\n', 'AGG\r\n', 8, 'AGG', 'AGG', NULL),
(8, 'UPE', 'UPE\r\n', 8, 'UPE', 'UPE', NULL),
(9, 'L2SW', 'L2SW', 10, 'L2SW', 'L2SW', NULL),
(10, 'GPON', 'GPON', 7, 'GPON', 'GPON', NULL),
(51, '﻿EMERSON PS48300-3B/2900-X1', 'Tủ nguồn ﻿EMERSON PS48300-3B/2900-X1', 5, '﻿EMERSON', ' PS48300-3B/2900-X1', NULL),
(52, 'EMERSON PS48300-3B/2900', 'Tủ nguồn EMERSON PS48300-3B/2900', 5, 'EMERSON', ' PS48300-3B/2900', NULL),
(53, 'HUAWEI TP48300P', 'Tủ nguồn HUAWEI TP48300P', 5, 'HUAWEI', ' TP48300P', NULL),
(54, 'ZTE', 'Tủ nguồn ZTE', 5, 'ZTE', '', NULL),
(55, 'DELTA', 'Tủ nguồn DELTA', 5, 'DELTA', '', NULL),
(56, 'NETSURE 731 A41', 'Tủ nguồn NETSURE 731 A41', 5, 'NETSURE', ' 731 A41', NULL),
(57, 'AGISON', 'Tủ nguồn AGISON', 5, 'AGISON', '', NULL),
(58, 'EMERSON PS48100-2A/25', 'Tủ nguồn EMERSON PS48100-2A/25', 5, 'EMERSON', ' PS48100-2A/25', NULL),
(59, 'HARMER', 'Tủ nguồn HARMER', 5, 'HARMER', '', NULL),
(60, 'ZTE ZXDU68 T601V4 (600A)', 'Tủ nguồn ZTE ZXDU68 T601V4 (600A)', 5, 'ZTE', ' ZXDU68 T601V4 (600A)', NULL),
(61, 'ACTURA 48330', 'Tủ nguồn ACTURA 48330', 5, 'ACTURA', ' 48330', NULL),
(62, 'EMERSON PS48150-3B/1800', 'Tủ nguồn EMERSON PS48150-3B/1800', 5, 'EMERSON', ' PS48150-3B/1800', NULL),
(63, 'UNIPOWER', 'Tủ nguồn UNIPOWER', 5, 'UNIPOWER', '', NULL),
(64, 'MFU 48400', 'Tủ nguồn MFU 48400', 5, 'MFU', ' 48400', NULL),
(65, 'AST', 'Tủ nguồn AST', 5, 'AST', '', NULL),
(66, 'EMERSON 48100 2A/25', 'Tủ nguồn EMERSON 48100 2A/25', 5, 'EMERSON', ' 48100 2A/25', NULL),
(67, 'FLATPACK 1500', 'Tủ nguồn FLATPACK 1500', 5, 'FLATPACK', ' 1500', NULL),
(68, 'MPR-25', 'Tủ nguồn MPR-25', 5, 'MPR-25', '', NULL),
(69, 'AGISION', 'Tủ nguồn AGISION', 5, 'AGISION', '', NULL),
(70, 'ZTE ', 'Tủ nguồn ZTE ', 5, 'ZTE', ' ', NULL),
(71, '﻿Leoch 2V-400Ah', 'Accu ﻿Leoch 2V-400Ah', 6, '﻿Leoch', ' 2V-400Ah', NULL),
(72, 'K&V 12V-150AH', 'Accu K&V 12V-150AH', 6, 'K&V', ' 12V-150AH', NULL),
(73, 'Narada 2V-500Ah', 'Accu Narada 2V-500Ah', 6, 'Narada', ' 2V-500Ah', NULL),
(74, 'GFM 2V-400AH', 'Accu GFM 2V-400AH', 6, 'GFM', ' 2V-400AH', NULL),
(75, 'Posmax 2V-300Ah', 'Accu Posmax 2V-300Ah', 6, 'Posmax', ' 2V-300Ah', NULL),
(76, 'Narada 2V-260AH', 'Accu Narada 2V-260AH', 6, 'Narada', ' 2V-260AH', NULL),
(77, 'Posmax 12V-150Ah', 'Accu Posmax 12V-150Ah', 6, 'Posmax', ' 12V-150Ah', NULL),
(78, 'Hawker 2V-400Ah', 'Accu Hawker 2V-400Ah', 6, 'Hawker', ' 2V-400Ah', NULL),
(79, 'K&V 12V-200Ah', 'Accu K&V 12V-200Ah', 6, 'K&V', ' 12V-200Ah', NULL),
(80, 'Shoto 2V-200Ah', 'Accu Shoto 2V-200Ah', 6, 'Shoto', ' 2V-200Ah', NULL),
(81, 'Posmax 12V-200Ah', 'Accu Posmax 12V-200Ah', 6, 'Posmax', ' 12V-200Ah', NULL),
(82, 'Vision 12v-200Ah', 'Accu Vision 12v-200Ah', 6, 'Vision', ' 12v-200Ah', NULL),
(83, 'FIAM 2V-400AH', 'Accu FIAM 2V-400AH', 6, 'FIAM', ' 2V-400AH', NULL),
(84, 'Narada 2V-440Ah', 'Accu Narada 2V-440Ah', 6, 'Narada', ' 2V-440Ah', NULL),
(85, 'Leoch 12V-200Ah', 'Accu Leoch 12V-200Ah', 6, 'Leoch', ' 12V-200Ah', NULL),
(86, 'Phoenix 2V-440Ah', 'Accu Phoenix 2V-440Ah', 6, 'Phoenix', ' 2V-440Ah', NULL),
(87, 'Phoenix 12V-200Ah', 'Accu Phoenix 12V-200Ah', 6, 'Phoenix', ' 12V-200Ah', NULL),
(88, 'Posmax 2V-400Ah', 'Accu Posmax 2V-400Ah', 6, 'Posmax', ' 2V-400Ah', NULL),
(89, 'Vision 12V-150Ah', 'Accu Vision 12V-150Ah', 6, 'Vision', ' 12V-150Ah', NULL),
(90, 'Shoto 12V-150Ah', 'Accu Shoto 12V-150Ah', 6, 'Shoto', ' 12V-150Ah', NULL),
(91, 'Leoch 2V-300Ah', 'Accu Leoch 2V-300Ah', 6, 'Leoch', ' 2V-300Ah', NULL),
(92, 'Shoto 2V-400Ah', 'Accu Shoto 2V-400Ah', 6, 'Shoto', ' 2V-400Ah', NULL),
(93, 'Vision 2V-500Ah', 'Accu Vision 2V-500Ah', 6, 'Vision', ' 2V-500Ah', NULL),
(94, 'K&V 2V-400Ah', 'Accu K&V 2V-400Ah', 6, 'K&V', ' 2V-400Ah', NULL),
(95, 'EPI 2V-500Ah', 'Accu EPI 2V-500Ah', 6, 'EPI', ' 2V-500Ah', NULL),
(96, 'A602 2V/1500AH', 'Accu A602 2V/1500AH', 6, 'A602', ' 2V/1500AH', NULL),
(97, 'Vision 12v-50Ah', 'Accu Vision 12v-50Ah', 6, 'Vision', ' 12v-50Ah', NULL),
(98, 'Vision 2V-300Ah', 'Accu Vision 2V-300Ah', 6, 'Vision', ' 2V-300Ah', NULL),
(99, 'Haze 2V-300AH', 'Accu Haze 2V-300AH', 6, 'Haze', ' 2V-300AH', NULL),
(100, 'Shoto 2V-300Ah', 'Accu Shoto 2V-300Ah', 6, 'Shoto', ' 2V-300Ah', NULL),
(101, 'Emerson 12V-100Ah', 'Accu Emerson 12V-100Ah', 6, 'Emerson', ' 12V-100Ah', NULL),
(102, 'Shoto 12V-100AH', 'Accu Shoto 12V-100AH', 6, 'Shoto', ' 12V-100AH', NULL),
(103, 'Vision 2V-400Ah', 'Accu Vision 2V-400Ah', 6, 'Vision', ' 2V-400Ah', NULL),
(104, 'ENERSYS', 'Accu ENERSYS', 6, 'ENERSYS', '', NULL),
(105, 'K&V 2V-300Ah', 'Accu K&V 2V-300Ah', 6, 'K&V', ' 2V-300Ah', NULL),
(106, 'Shoto 12V-200Ah', 'Accu Shoto 12V-200Ah', 6, 'Shoto', ' 12V-200Ah', NULL),
(107, 'Narada 2V-300Ah', 'Accu Narada 2V-300Ah', 6, 'Narada', ' 2V-300Ah', NULL),
(108, 'Narada 2V-400AH', 'Accu Narada 2V-400AH', 6, 'Narada', ' 2V-400AH', NULL),
(109, 'PowerSafe 12V-100Ah', 'Accu Power Safe 12V-100Ah', 6, 'PowerSafe', '12V-100Ah', NULL),
(110, 'TELION', 'Accu TELION', 6, 'TELION', '', NULL),
(111, 'CSHT', 'Cơ sở hạ tầng', 13, 'VNPT_QNM', '', ''),
(112, 'BTS', 'BTS 2G', 14, '', '', ''),
(113, 'nodeB', 'nodeB 3G', 14, '', '', 'RRU, AAU, dây nhảy quang, dây nguồn DC'),
(114, 'eNodeB', 'eNodeB 4G', 14, '', '', ''),
(115, 'MX960', 'MX960', 8, 'Juniper', 'Type Device: UPE', NULL),
(116, 'MX2010', 'MX2010', 8, 'Juniper', 'Type Device: PE-AGG', NULL),
(117, 'NE40E4', 'NE40E4', 8, 'Huawei', 'Type Device: Repeater', NULL),
(118, '7360 ISAM FX-4', '7360 ISAM FX-4', 7, 'Nokia', 'Type Device: GPON ALU', NULL),
(119, '7360 ISAM FX-8', '7360 ISAM FX-8', 7, 'Nokia', 'Type Device: GPON ALU', NULL),
(120, 'VOM-4E1', 'VOM-4E1', 15, 'VOM', '', ''),
(121, 'IP_DSLAM', 'IP DSLAM', 16, '', '', ''),
(122, 'ATM', 'ATM', 16, '', '', ''),
(123, 'MXU', 'MXU', 16, 'MXU', '', ''),
(124, 'Capo 05KVA-1P', 'Capo 05KVA-1P', 1, 'Capo', 'Capo 05KVA-1P', NULL),
(125, 'Capo 11KVA-1P', 'Capo 11KVA-1P', 1, 'Capo', 'Capo 11KVA-1P', NULL),
(126, 'Capo 15KVA-1P', 'Capo 15KVA-1P', 1, 'Capo', 'Capo 15KVA-1P', NULL),
(127, 'Capo 20KVA-3P', 'Capo 20KVA-3P', 1, 'Capo', 'Capo 20KVA-3P', NULL),
(128, 'Capo 45KVA-3P', 'Capo 45KVA-3P', 1, 'Capo', 'Capo 45KVA-3P', NULL),
(129, 'Capo 60KVA-3P', 'Capo 60KVA-3P', 1, 'Capo', 'Capo 60KVA-3P', NULL),
(130, 'Caterpillar 300KVA-3P', 'Caterpillar 300KVA-3P', 1, 'Caterpillar', 'Caterpillar 300KVA-3P', NULL),
(131, 'Denyo 8KVA-1P', 'Denyo 8KVA-1P', 1, 'Denyo', 'Denyo 8KVA-1P', NULL),
(132, 'Elemax 5.6KVA-1P', 'Elemax 5.6KVA-1P', 1, 'Elemax', 'Elemax 5.6KVA-1P', NULL),
(133, 'Elemax 8.5KVA-1P', 'Elemax 8.5KVA-1P', 1, 'Elemax', 'Elemax 8.5KVA-1P', NULL),
(134, 'Honda 15KVA-1P', 'Honda 15KVA-1P', 1, 'Honda', 'Honda 15KVA-1P', NULL),
(135, 'Honda 30KVA-3P', 'Honda 30KVA-3P', 1, 'Honda', 'Honda 30KVA-3P', NULL),
(136, 'Komatsu 170KVA-3P', 'Komatsu 170KVA-3P', 1, 'Komatsu', 'Komatsu 170KVA-3P', NULL),
(137, 'Komatsu 50KVA-3P', 'Komatsu 50KVA-3P', 1, 'Komatsu', 'Komatsu 50KVA-3P', NULL),
(138, 'Komatsu 70KVA-3P', 'Komatsu 70KVA-3P', 1, 'Komatsu', 'Komatsu 70KVA-3P', NULL),
(139, 'Kubota 10KVA-3P', 'Kubota 10KVA-3P', 1, 'Kubota', 'Kubota 10KVA-3P', NULL),
(140, 'Kubota 15KVA-1P', 'Kubota 15KVA-1P', 1, 'Kubota', 'Kubota 15KVA-1P', NULL),
(141, 'Kubota 23KVA-3P', 'Kubota 23KVA-3P', 1, 'Kubota', 'Kubota 23KVA-3P', NULL),
(142, 'Kubota 5KVA-1P', 'Kubota 5KVA-1P', 1, 'Kubota', 'Kubota 5KVA-1P', NULL),
(143, 'Kubota 8KVA-1P', 'Kubota 8KVA-1P', 1, 'Kubota', 'Kubota 8KVA-1P', NULL),
(144, 'Lifter - Pramac 30KVA-3P', 'Lifter - Pramac 30KVA-3P', 1, 'Lifter', 'Lifter - Pramac 30KVA-3P', NULL),
(145, 'Lifter 20KVA-3P', 'Lifter 20KVA-3P', 1, 'Lifter', 'Lifter 20KVA-3P', NULL),
(146, 'Pramac 30KVA-3P', 'Pramac 30KVA-3P', 1, 'Pramac', 'Pramac 30KVA-3P', NULL),
(147, 'Toyo Kubota 15KVA-1P', 'Toyo Kubota 15KVA-1P', 1, 'Toyo', 'Toyo Kubota 15KVA-1P', NULL),
(148, 'Toyo Kubota 30KVA-3P', 'Toyo Kubota 30KVA-3P', 1, 'Toyo', 'Toyo Kubota 30KVA-3P', NULL),
(149, 'Honda 5 KVA-1P', 'Honda 5 KVA-1P', 1, 'Honda', 'Honda 5 KVA-1P', NULL),
(150, 'Honda 5.5KVA 1P', 'Honda 5.5KVA 1P', 1, 'Honda', 'Honda 5.5KVA 1P', NULL),
(151, 'Depco Power', 'Depco Power', 1, 'Depco', 'Depco Power 10KVA', NULL),
(152, 'Nenjo 10KVA 1P', 'Nenjo 10KVA 1P', 1, 'Nenjo', 'Nenjo 10KVA 1P', NULL),
(153, 'Longgen 10KVA 1P', 'Longgen 10KVA 1P', 1, 'Longgen', 'Longen 10KVA 1P', NULL),
(154, 'Kubota 10KVA-1P', 'Kubota 10KVA-1P', 1, 'Kubota', 'Kubota 10KVA-1P', NULL);

-- --------------------------------------------------------

--
-- Cấu trúc bảng cho bảng `thietbitram`
--

DROP TABLE IF EXISTS `thietbitram`;
CREATE TABLE IF NOT EXISTS `thietbitram` (
  `ID_THIETBI` int(11) NOT NULL AUTO_INCREMENT,
  `ID_LOAITB` int(11) DEFAULT NULL,
  `ID_TRAM` int(11) DEFAULT NULL,
  `TEN_MA` varchar(255) NOT NULL,
  `SERIAL_MAC` varchar(255) NOT NULL,
  `NGAYSX` date NOT NULL,
  `NGAYSD` date NOT NULL,
  `LANBAODUONGTRUOC` date DEFAULT NULL,
  `LANBAODUONGTIEP` date DEFAULT NULL,
  `temp` text,
  PRIMARY KEY (`ID_THIETBI`),
  UNIQUE KEY `SERIAL_MAC` (`SERIAL_MAC`),
  KEY `FK_THIETBI-TRAM` (`ID_TRAM`),
  KEY `FK_LOAITBI` (`ID_LOAITB`)
) ENGINE=InnoDB AUTO_INCREMENT=1423 DEFAULT CHARSET=utf8;

--
-- Đang đổ dữ liệu cho bảng `thietbitram`
--

INSERT INTO `thietbitram` (`ID_THIETBI`, `ID_LOAITB`, `ID_TRAM`, `TEN_MA`, `SERIAL_MAC`, `NGAYSX`, `NGAYSD`, `LANBAODUONGTRUOC`, `LANBAODUONGTIEP`, `temp`) VALUES
(1, 1, 12, '', 'PVTI_ALCATEL-1642', '2020-03-10', '2020-03-10', '2020-03-10', NULL, 'PVTI'),
(2, 1, 16, '', 'PDCU_ALCATEL-1642', '2020-03-10', '2020-03-10', '2020-03-10', NULL, 'PDCU'),
(3, 1, 18, '', 'PQTG_ALCATEL-1642', '2020-03-10', '2020-03-10', '2020-03-10', NULL, 'PQTG'),
(4, 1, 22, '', 'PBDA_ALCATEL-1642', '2020-03-10', '2020-03-10', '2020-03-10', NULL, 'PBDA'),
(5, 1, 24, '', 'PPVN_ALCATEL-1642', '2020-03-10', '2020-03-10', '2020-03-10', NULL, 'PPVN'),
(6, 1, 29, '', 'PX6P_ALCATEL-1642', '2020-03-10', '2020-03-10', '2020-03-10', NULL, 'PX6P'),
(7, 1, 31, '', 'PDPT_ALCATEL-1642', '2020-03-10', '2020-03-10', '2020-03-10', NULL, 'PDPT'),
(8, 1, 33, '', 'PDCA_ALCATEL-1642', '2020-03-10', '2020-03-10', '2020-03-10', NULL, 'PDCA'),
(9, 1, 40, '', 'PHPT_ALCATEL-1642', '2020-03-10', '2020-03-10', '2020-03-10', NULL, 'PHPT'),
(10, 1, 46, '', 'PLMT_ALCATEL-1642', '2020-03-10', '2020-03-10', '2020-03-10', NULL, 'PLMT'),
(11, 1, 53, '', 'PDAO_ALCATEL-1642', '2020-03-10', '2020-03-10', '2020-03-10', NULL, 'PDAO'),
(12, 1, 55, '', 'PK35_ALCATEL-1642', '2020-03-10', '2020-03-10', '2020-03-10', NULL, 'PK35'),
(13, 1, 62, '', 'DTNI_ALCATEL-1642', '2020-03-10', '2020-03-10', '2020-03-10', NULL, 'DTNI'),
(14, 1, 64, '', 'DCLG_ALCATEL-1642', '2020-03-10', '2020-03-10', '2020-03-10', NULL, 'DCLG'),
(15, 1, 67, '', 'DHTG_ALCATEL-1642', '2020-03-10', '2020-03-10', '2020-03-10', NULL, 'DHTG'),
(16, 1, 77, '', 'DNTI_ALCATEL-1642', '2020-03-10', '2020-03-10', '2020-03-10', NULL, 'DNTI'),
(17, 1, 83, '', 'DBT2_ALCATEL-1642', '2020-03-10', '2020-03-10', '2020-03-10', NULL, 'DBT2'),
(18, 1, 85, '', 'DTCG_ALCATEL-1642', '2020-03-10', '2020-03-10', '2020-03-10', NULL, 'DTCG'),
(19, 1, 87, '', 'DDMH_ALCATEL-1642', '2020-03-10', '2020-03-10', '2020-03-10', NULL, 'DDMH'),
(20, 1, 89, '', 'DHDG_ALCATEL-1642', '2020-03-10', '2020-03-10', '2020-03-10', NULL, 'DHDG'),
(21, 1, 91, '', 'DBTG_ALCATEL-1642', '2020-03-10', '2020-03-10', '2020-03-10', NULL, 'DBTG'),
(22, 1, 93, '', 'DDHI_ALCATEL-1642', '2020-03-10', '2020-03-10', '2020-03-10', NULL, 'DDHI'),
(23, 1, 99, '', 'DXLO_ALCATEL-1642', '2020-03-10', '2020-03-10', '2020-03-10', NULL, 'DXLO'),
(24, 1, 102, '', 'DNSH_ALCATEL-1642', '2020-03-10', '2020-03-10', '2020-03-10', NULL, 'DNSH'),
(25, 1, 106, '', 'DVDG_ALCATEL-1642', '2020-03-10', '2020-03-10', '2020-03-10', NULL, 'DVDG'),
(26, 1, 110, '', 'DGTM_ALCATEL-1642', '2020-03-10', '2020-03-10', '2020-03-10', NULL, 'DGTM'),
(27, 1, 112, '', 'DTIH_ALCATEL-1642', '2020-03-10', '2020-03-10', '2020-03-10', NULL, 'DTIH'),
(28, 1, 114, '', 'DDSS_ALCATEL-1642', '2020-03-10', '2020-03-10', '2020-03-10', NULL, 'DDSS'),
(29, 1, 121, '', 'PLKT_ALCATEL-1642', '2020-03-10', '2020-03-10', '2020-03-10', NULL, 'PLKT'),
(30, 1, 123, '', 'P6BT_ALCATEL-1642', '2020-03-10', '2020-03-10', '2020-03-10', NULL, 'P6BT'),
(31, 1, 125, '', 'PHBT_ALCATEL-1642', '2020-03-10', '2020-03-10', '2020-03-10', NULL, 'PHBT'),
(32, 1, 127, '', 'PQLU_ALCATEL-1642', '2020-03-10', '2020-03-10', '2020-03-10', NULL, 'PQLU'),
(33, 1, 131, '', 'P304_ALCATEL-1642', '2020-03-10', '2020-03-10', '2020-03-10', NULL, 'P304'),
(34, 1, 134, '', 'PTPU_ALCATEL-1642', '2020-03-10', '2020-03-10', '2020-03-10', NULL, 'PTPU'),
(35, 1, 145, '', 'DTNG_ALCATEL-1642', '2020-03-10', '2020-03-10', '2020-03-10', NULL, 'DTNG'),
(36, 1, 147, '', 'DYNM_ALCATEL-1642', '2020-03-10', '2020-03-10', '2020-03-10', NULL, 'DYNM'),
(37, 1, 154, '', 'DDTM_ALCATEL-1642', '2020-03-10', '2020-03-10', '2020-03-10', NULL, 'DDTM'),
(38, 1, 157, '', 'LVT2_ALCATEL-1642', '2020-03-10', '2020-03-10', '2020-03-10', NULL, 'LVT2'),
(39, 1, 169, '', 'LPDA_ALCATEL-1642', '2020-03-10', '2020-03-10', '2020-03-10', NULL, 'LPDA'),
(40, 1, 171, '', 'LNKG_ALCATEL-1642', '2020-03-10', '2020-03-10', '2020-03-10', NULL, 'LNKG'),
(41, 1, 175, '', 'LDUY_ALCATEL-1642', '2020-03-10', '2020-03-10', '2020-03-10', NULL, 'LDUY'),
(42, 1, 177, '', 'LCOL_ALCATEL-1642', '2020-03-10', '2020-03-10', '2020-03-10', NULL, 'LCOL'),
(43, 1, 188, '', 'LMXA_ALCATEL-1642', '2020-03-10', '2020-03-10', '2020-03-10', NULL, 'LMXA'),
(44, 1, 201, '', 'LCL2_ALCATEL-1642', '2020-03-10', '2020-03-10', '2020-03-10', NULL, 'LCL2'),
(45, 1, 207, '', 'LQNI_ALCATEL-1642', '2020-03-10', '2020-03-10', '2020-03-10', NULL, 'LQNI'),
(46, 1, 211, '', 'LCLY_ALCATEL-1642', '2020-03-10', '2020-03-10', '2020-03-10', NULL, 'LCLY'),
(47, 1, 213, '', 'LDLY_ALCATEL-1642', '2020-03-10', '2020-03-10', '2020-03-10', NULL, 'LDLY'),
(48, 1, 217, '', 'LTSG_ALCATEL-1642', '2020-03-10', '2020-03-10', '2020-03-10', NULL, 'LTSG'),
(49, 1, 219, '', 'LDL2_ALCATEL-1642', '2020-03-10', '2020-03-10', '2020-03-10', NULL, 'LDL2'),
(50, 1, 221, '', 'LNTC_ALCATEL-1642', '2020-03-10', '2020-03-10', '2020-03-10', NULL, 'LNTC'),
(51, 1, 240, '', 'LNHU_ALCATEL-1642', '2020-03-10', '2020-03-10', '2020-03-10', NULL, 'LNHU'),
(52, 1, 242, '', 'LPPC_ALCATEL-1642', '2020-03-10', '2020-03-10', '2020-03-10', NULL, 'LPPC'),
(53, 1, 244, '', 'LNTN_ALCATEL-1642', '2020-03-10', '2020-03-10', '2020-03-10', NULL, 'LNTN'),
(54, 1, 246, '', 'LNTH_ALCATEL-1642', '2020-03-10', '2020-03-10', '2020-03-10', NULL, 'LNTH'),
(55, 1, 250, '', 'LHHU_ALCATEL-1642', '2020-03-10', '2020-03-10', '2020-03-10', NULL, 'LHHU'),
(56, 1, 253, '', 'LPCC_ALCATEL-1642', '2020-03-10', '2020-03-10', '2020-03-10', NULL, 'LPCC'),
(57, 1, 256, '', 'DILJ_ALCATEL-1642', '2020-03-10', '2020-03-10', '2020-03-10', NULL, 'DILJ'),
(58, 1, 258, '', 'DXCN_ALCATEL-1642', '2020-03-10', '2020-03-10', '2020-03-10', NULL, 'DXCN'),
(59, 1, 261, '', 'DYTU_ALCATEL-1642', '2020-03-10', '2020-03-10', '2020-03-10', NULL, 'DYTU'),
(60, 1, 263, '', 'DDDM_ALCATEL-1642', '2020-03-10', '2020-03-10', '2020-03-10', NULL, 'DDDM'),
(61, 1, 265, '', 'DMKO_ALCATEL-1642', '2020-03-10', '2020-03-10', '2020-03-10', NULL, 'DMKO'),
(62, 1, 267, '', 'DCNI_ALCATEL-1642', '2020-03-10', '2020-03-10', '2020-03-10', NULL, 'DCNI'),
(63, 1, 269, '', 'DCGT_ALCATEL-1642', '2020-03-10', '2020-03-10', '2020-03-10', NULL, 'DCGT'),
(64, 1, 271, '', 'DTVN_ALCATEL-1642', '2020-03-10', '2020-03-10', '2020-03-10', NULL, 'DTVN'),
(65, 1, 273, '', 'DCMY_ALCATEL-1642', '2020-03-10', '2020-03-10', '2020-03-10', NULL, 'DCMY'),
(66, 1, 275, '', 'DMBC_ALCATEL-1642', '2020-03-10', '2020-03-10', '2020-03-10', NULL, 'DMBC'),
(67, 1, 277, '', 'DCGG_ALCATEL-1642', '2020-03-10', '2020-03-10', '2020-03-10', NULL, 'DCGG'),
(68, 1, 279, '', 'DMNM_ALCATEL-1642', '2020-03-10', '2020-03-10', '2020-03-10', NULL, 'DMNM'),
(69, 1, 284, '', 'DKCN_ALCATEL-1642', '2020-03-10', '2020-03-10', '2020-03-10', NULL, 'DKCN'),
(70, 1, 286, '', 'DDDT_ALCATEL-1642', '2020-03-10', '2020-03-10', '2020-03-10', NULL, 'DDDT'),
(71, 1, 301, '', 'BBLG_ALCATEL-1642', '2020-03-10', '2020-03-10', '2020-03-10', NULL, 'BBLG'),
(72, 1, 305, '', 'BTXA_ALCATEL-1642', '2020-03-10', '2020-03-10', '2020-03-10', NULL, 'BTXA'),
(73, 1, 310, '', 'BBTH_ALCATEL-1642', '2020-03-10', '2020-03-10', '2020-03-10', NULL, 'BBTH'),
(74, 1, 312, '', 'BAMY_ALCATEL-1642', '2020-03-10', '2020-03-10', '2020-03-10', NULL, 'BAMY'),
(75, 1, 314, '', 'BX2T_ALCATEL-1642', '2020-03-10', '2020-03-10', '2020-03-10', NULL, 'BX2T'),
(76, 1, 316, '', 'BDOX_ALCATEL-1642', '2020-03-10', '2020-03-10', '2020-03-10', NULL, 'BDOX'),
(77, 1, 325, '', 'BDDU_ALCATEL-1642', '2020-03-10', '2020-03-10', '2020-03-10', NULL, 'BDDU'),
(78, 1, 329, '', 'BBNA_ALCATEL-1642', '2020-03-10', '2020-03-10', '2020-03-10', NULL, 'BBNA'),
(79, 1, 331, '', 'BHCG_ALCATEL-1642', '2020-03-10', '2020-03-10', '2020-03-10', NULL, 'BHCG'),
(80, 1, 336, '', 'BNKE_ALCATEL-1642', '2020-03-10', '2020-03-10', '2020-03-10', NULL, 'BNKE'),
(81, 1, 339, '', 'PTBD_ALCATEL-1642', '2020-03-10', '2020-03-10', '2020-03-10', NULL, 'PTBD'),
(82, 1, 341, '', 'PLHP_ALCATEL-1642', '2020-03-10', '2020-03-10', '2020-03-10', NULL, 'PLHP'),
(83, 1, 343, '', 'PPV2_ALCATEL-1642', '2020-03-10', '2020-03-10', '2020-03-10', NULL, 'PPV2'),
(84, 1, 349, '', 'PDNA_ALCATEL-1642', '2020-03-10', '2020-03-10', '2020-03-10', NULL, 'PDNA'),
(85, 1, 354, '', 'PHQC_ALCATEL-1642', '2020-03-10', '2020-03-10', '2020-03-10', NULL, 'PHQC'),
(86, 1, 358, '', 'PNHT_ALCATEL-1642', '2020-03-10', '2020-03-10', '2020-03-10', NULL, 'PNHT'),
(87, 1, 360, '', 'PTHN_ALCATEL-1642', '2020-03-10', '2020-03-10', '2020-03-10', NULL, 'PTHN'),
(88, 1, 373, '', 'KBLH_ALCATEL-1642', '2020-03-10', '2020-03-10', '2020-03-10', NULL, 'KBLH'),
(89, 1, 375, '', 'KLSN_ALCATEL-1642', '2020-03-10', '2020-03-10', '2020-03-10', NULL, 'KLSN'),
(90, 1, 377, '', 'KVXA_ALCATEL-1642', '2020-03-10', '2020-03-10', '2020-03-10', NULL, 'KVXA'),
(91, 1, 379, '', 'KKBH_ALCATEL-1642', '2020-03-10', '2020-03-10', '2020-03-10', NULL, 'KKBH'),
(92, 1, 381, '', 'KNSN_ALCATEL-1642', '2020-03-10', '2020-03-10', '2020-03-10', NULL, 'KNSN'),
(93, 1, 386, '', 'KDHS_ALCATEL-1642', '2020-03-10', '2020-03-10', '2020-03-10', NULL, 'KDHS'),
(94, 1, 388, '', 'KNS2_ALCATEL-1642', '2020-03-10', '2020-03-10', '2020-03-10', NULL, 'KNS2'),
(95, 1, 390, '', 'KKT3_ALCATEL-1642', '2020-03-10', '2020-03-10', '2020-03-10', NULL, 'KKT3'),
(96, 1, 392, '', 'KKT2_ALCATEL-1642', '2020-03-10', '2020-03-10', '2020-03-10', NULL, 'KKT2'),
(97, 1, 405, '', 'KTLI_ALCATEL-1642', '2020-03-10', '2020-03-10', '2020-03-10', NULL, 'KTLI'),
(98, 1, 407, '', 'KDHA_ALCATEL-1642', '2020-03-10', '2020-03-10', '2020-03-10', NULL, 'KDHA'),
(99, 1, 409, '', 'KTLH_ALCATEL-1642', '2020-03-10', '2020-03-10', '2020-03-10', NULL, 'KTLH'),
(100, 1, 411, '', 'KNUY_ALCATEL-1642', '2020-03-10', '2020-03-10', '2020-03-10', NULL, 'KNUY'),
(101, 1, 413, '', 'KTSN_ALCATEL-1642', '2020-03-10', '2020-03-10', '2020-03-10', NULL, 'KTSN'),
(102, 1, 418, '', 'KTTI_ALCATEL-1642', '2020-03-10', '2020-03-10', '2020-03-10', NULL, 'KTTI'),
(103, 1, 423, '', 'KHTY_ALCATEL-1642', '2020-03-10', '2020-03-10', '2020-03-10', NULL, 'KHTY'),
(104, 1, 425, '', 'KDCG_ALCATEL-1642', '2020-03-10', '2020-03-10', '2020-03-10', NULL, 'KDCG'),
(105, 1, 427, '', 'KNTU_ALCATEL-1642', '2020-03-10', '2020-03-10', '2020-03-10', NULL, 'KNTU'),
(106, 1, 435, '', 'TTPG_ALCATEL-1642', '2020-03-10', '2020-03-10', '2020-03-10', NULL, 'TTPG'),
(107, 1, 439, '', 'TTBH_ALCATEL-1642', '2020-03-10', '2020-03-10', '2020-03-10', NULL, 'TTBH'),
(108, 1, 441, '', 'TTHN_ALCATEL-1642', '2020-03-10', '2020-03-10', '2020-03-10', NULL, 'TTHN'),
(109, 1, 443, '', 'TTTY_ALCATEL-1642', '2020-03-10', '2020-03-10', '2020-03-10', NULL, 'TTTY'),
(110, 1, 445, '', 'TKKE_ALCATEL-1642', '2020-03-10', '2020-03-10', '2020-03-10', NULL, 'TKKE'),
(111, 1, 451, '', 'TTB2_ALCATEL-1642', '2020-03-10', '2020-03-10', '2020-03-10', NULL, 'TTB2'),
(112, 1, 457, '', 'TTLU_ALCATEL-1642', '2020-03-10', '2020-03-10', '2020-03-10', NULL, 'TTLU'),
(113, 1, 459, '', 'TLSN_ALCATEL-1642', '2020-03-10', '2020-03-10', '2020-03-10', NULL, 'TLSN'),
(114, 1, 464, '', 'TTNE_ALCATEL-1642', '2020-03-10', '2020-03-10', '2020-03-10', NULL, 'TTNE'),
(115, 1, 468, '', 'TLTN_ALCATEL-1642', '2020-03-10', '2020-03-10', '2020-03-10', NULL, 'TLTN'),
(116, 1, 470, '', 'TLTC_ALCATEL-1642', '2020-03-10', '2020-03-10', '2020-03-10', NULL, 'TLTC'),
(117, 1, 475, '', 'TTNG_ALCATEL-1642', '2020-03-10', '2020-03-10', '2020-03-10', NULL, 'TTNG'),
(118, 1, 481, '', 'TTT2_ALCATEL-1642', '2020-03-10', '2020-03-10', '2020-03-10', NULL, 'TTT2'),
(119, 1, 483, '', 'TXMG_ALCATEL-1642', '2020-03-10', '2020-03-10', '2020-03-10', NULL, 'TXMG'),
(120, 1, 485, '', 'TTHI_ALCATEL-1642', '2020-03-10', '2020-03-10', '2020-03-10', NULL, 'TTHI'),
(121, 1, 487, '', 'TPCA_ALCATEL-1642', '2020-03-10', '2020-03-10', '2020-03-10', NULL, 'TPCA'),
(122, 1, 490, '', 'TTAN_ALCATEL-1642', '2020-03-10', '2020-03-10', '2020-03-10', NULL, 'TTAN'),
(123, 1, 492, '', 'TTNN_ALCATEL-1642', '2020-03-10', '2020-03-10', '2020-03-10', NULL, 'TTNN'),
(124, 1, 501, '', 'BAL2_ALCATEL-1642', '2020-03-10', '2020-03-10', '2020-03-10', NULL, 'BAL2'),
(125, 1, 503, '', 'BLSN_ALCATEL-1642', '2020-03-10', '2020-03-10', '2020-03-10', NULL, 'BLSN'),
(126, 1, 505, '', 'BADO_ALCATEL-1642', '2020-03-10', '2020-03-10', '2020-03-10', NULL, 'BADO'),
(127, 1, 509, '', 'BALO_ALCATEL-1642', '2020-03-10', '2020-03-10', '2020-03-10', NULL, 'BALO'),
(128, 1, 512, '', 'BTIH_ALCATEL-1642', '2020-03-10', '2020-03-10', '2020-03-10', NULL, 'BTIH'),
(129, 1, 517, '', 'KPTH_ALCATEL-1642', '2020-03-10', '2020-03-10', '2020-03-10', NULL, 'KPTH'),
(130, 1, 519, '', 'KTLG_ALCATEL-1642', '2020-03-10', '2020-03-10', '2020-03-10', NULL, 'KTLG'),
(131, 1, 521, '', 'KKPG_ALCATEL-1642', '2020-03-10', '2020-03-10', '2020-03-10', NULL, 'KKPG'),
(132, 1, 523, '', 'KBS2_ALCATEL-1642', '2020-03-10', '2020-03-10', '2020-03-10', NULL, 'KBS2'),
(133, 1, 525, '', 'KBSO_ALCATEL-1642', '2020-03-10', '2020-03-10', '2020-03-10', NULL, 'KBSO'),
(134, 1, 528, '', 'KBS3_ALCATEL-1642', '2020-03-10', '2020-03-10', '2020-03-10', NULL, 'KBS3'),
(135, 1, 530, '', 'KBS4_ALCATEL-1642', '2020-03-10', '2020-03-10', '2020-03-10', NULL, 'KBS4'),
(136, 1, 539, '', 'TLPG_ALCATEL-1642', '2020-03-10', '2020-03-10', '2020-03-10', NULL, 'TLPG'),
(137, 1, 541, '', 'TPDG_ALCATEL-1642', '2020-03-10', '2020-03-10', '2020-03-10', NULL, 'TPDG'),
(138, 1, 544, '', 'TBTO_ALCATEL-1642', '2020-03-10', '2020-03-10', '2020-03-10', NULL, 'TBTO'),
(139, 1, 555, '', 'BBCU_ALCATEL-1642', '2020-03-10', '2020-03-10', '2020-03-10', NULL, 'BBCU'),
(140, 1, 557, '', 'BNLU_ALCATEL-1642', '2020-03-10', '2020-03-10', '2020-03-10', NULL, 'BNLU'),
(141, 1, 559, '', 'BANH_ALCATEL-1642', '2020-03-10', '2020-03-10', '2020-03-10', NULL, 'BANH'),
(142, 1, 563, '', 'BBDE_ALCATEL-1642', '2020-03-10', '2020-03-10', '2020-03-10', NULL, 'BBDE'),
(143, 1, 565, '', 'BVBN_ALCATEL-1642', '2020-03-10', '2020-03-10', '2020-03-10', NULL, 'BVBN'),
(144, 1, 568, '', 'BVB2_ALCATEL-1642', '2020-03-10', '2020-03-10', '2020-03-10', NULL, 'BVB2'),
(145, 1, 570, '', 'BX8A_ALCATEL-1642', '2020-03-10', '2020-03-10', '2020-03-10', NULL, 'BX8A'),
(146, 1, 581, '', 'PLET_ALCATEL-1642', '2020-03-10', '2020-03-10', '2020-03-10', NULL, 'PLET'),
(147, 1, 583, '', 'PLTN_ALCATEL-1642', '2020-03-10', '2020-03-10', '2020-03-10', NULL, 'PLTN'),
(148, 1, 585, '', 'PMKI_ALCATEL-1642', '2020-03-10', '2020-03-10', '2020-03-10', NULL, 'PMKI'),
(149, 1, 589, '', 'PVLO_ALCATEL-1642', '2020-03-10', '2020-03-10', '2020-03-10', NULL, 'PVLO'),
(150, 1, 591, '', 'PVKU_ALCATEL-1642', '2020-03-10', '2020-03-10', '2020-03-10', NULL, 'PVKU'),
(151, 1, 596, '', 'PTXA_ALCATEL-1642', '2020-03-10', '2020-03-10', '2020-03-10', NULL, 'PTXA'),
(152, 1, 608, '', 'KKKQ_ALCATEL-1642', '2020-03-10', '2020-03-10', '2020-03-10', NULL, 'KKKQ'),
(153, 1, 610, '', 'KTH2_ALCATEL-1642', '2020-03-10', '2020-03-10', '2020-03-10', NULL, 'KTH2'),
(154, 1, 615, '', 'TNKN_ALCATEL-1642', '2020-03-10', '2020-03-10', '2020-03-10', NULL, 'TNKN'),
(155, 1, 617, '', 'TDBI_ALCATEL-1642', '2020-03-10', '2020-03-10', '2020-03-10', NULL, 'TDBI'),
(156, 1, 619, '', 'TTTN_ALCATEL-1642', '2020-03-10', '2020-03-10', '2020-03-10', NULL, 'TTTN'),
(157, 1, 621, '', 'TTTM_ALCATEL-1642', '2020-03-10', '2020-03-10', '2020-03-10', NULL, 'TTTM'),
(158, 1, 623, '', 'TPTG_ALCATEL-1642', '2020-03-10', '2020-03-10', '2020-03-10', NULL, 'TPTG'),
(159, 1, 627, '', 'PTHD_ALCATEL-1642', '2020-03-10', '2020-03-10', '2020-03-10', NULL, 'PTHD'),
(160, 1, 631, '', 'PTCU_ALCATEL-1642', '2020-03-10', '2020-03-10', '2020-03-10', NULL, 'PTCU'),
(161, 1, 633, '', 'PTC2_ALCATEL-1642', '2020-03-10', '2020-03-10', '2020-03-10', NULL, 'PTC2'),
(162, 1, 639, '', 'PCTI_ALCATEL-1642', '2020-03-10', '2020-03-10', '2020-03-10', NULL, 'PCTI'),
(163, 1, 653, '', 'LNLY_ALCATEL-1642', '2020-03-10', '2020-03-10', '2020-03-10', NULL, 'LNLY'),
(164, 1, 655, '', 'LVLY_ALCATEL-1642', '2020-03-10', '2020-03-10', '2020-03-10', NULL, 'LVLY'),
(165, 1, 25287, '', 'PVCM_ALCATEL-1642', '2020-03-10', '2020-03-10', '2020-03-10', NULL, 'PVCM'),
(166, 1, 25309, '', 'KBSV_ALCATEL-1642', '2020-03-10', '2020-03-10', '2020-03-10', NULL, 'KBSV'),
(167, 1, 25310, '', 'LCXA_ALCATEL-1642', '2020-03-10', '2020-03-10', '2020-03-10', NULL, 'LCXA'),
(168, 1, 25313, '', 'DKC3_ALCATEL-1642', '2020-03-10', '2020-03-10', '2020-03-10', NULL, 'DKC3'),
(169, 1, 25328, '', 'LDTT_ALCATEL-1642', '2020-03-10', '2020-03-10', '2020-03-10', NULL, 'LDTT'),
(170, 1, 25333, '', 'TDUL_ALCATEL-1642', '2020-03-10', '2020-03-10', '2020-03-10', NULL, 'TDUL'),
(171, 1, 25334, '', 'TBTN_ALCATEL-1642', '2020-03-10', '2020-03-10', '2020-03-10', NULL, 'TBTN'),
(172, 1, 25336, '', 'DYKK_ALCATEL-1642', '2020-03-10', '2020-03-10', '2020-03-10', NULL, 'DYKK'),
(173, 1, 25337, '', 'DSMA_ALCATEL-1642', '2020-03-10', '2020-03-10', '2020-03-10', NULL, 'DSMA'),
(174, 1, 25338, '', 'TTTG_ALCATEL-1642', '2020-03-10', '2020-03-10', '2020-03-10', NULL, 'TTTG'),
(175, 1, 25339, '', 'TTG2_ALCATEL-1642', '2020-03-10', '2020-03-10', '2020-03-10', NULL, 'TTG2'),
(176, 1, 25340, '', 'KQIS_ALCATEL-1642', '2020-03-10', '2020-03-10', '2020-03-10', NULL, 'KQIS'),
(177, 2, 134, '', 'PTPU_ALCATEL-1660', '2020-03-10', '2020-03-10', '2020-03-10', NULL, 'PTPU'),
(178, 2, 149, '', 'DDSN_ALCATEL-1660', '2020-03-10', '2020-03-10', '2020-03-10', NULL, 'DDSN'),
(179, 2, 179, '', 'LVTU_ALCATEL-1660', '2020-03-10', '2020-03-10', '2020-03-10', NULL, 'LVTU'),
(180, 2, 209, '', 'LCKG_ALCATEL-1660', '2020-03-10', '2020-03-10', '2020-03-10', NULL, 'LCKG'),
(181, 2, 248, '', 'LCCH_ALCATEL-1660', '2020-03-10', '2020-03-10', '2020-03-10', NULL, 'LCCH'),
(182, 2, 281, '', 'DHMC_ALCATEL-1660', '2020-03-10', '2020-03-10', '2020-03-10', NULL, 'DHMC'),
(183, 2, 303, '', 'BBMY_ALCATEL-1660', '2020-03-10', '2020-03-10', '2020-03-10', NULL, 'BBMY'),
(184, 2, 447, '', 'TCGG_ALCATEL-1660', '2020-03-10', '2020-03-10', '2020-03-10', NULL, 'TCGG'),
(185, 2, 461, '', 'TCNA_ALCATEL-1660', '2020-03-10', '2020-03-10', '2020-03-10', NULL, 'TCNA'),
(186, 2, 507, '', 'BBHG_ALCATEL-1660', '2020-03-10', '2020-03-10', '2020-03-10', NULL, 'BBHG'),
(187, 2, 561, '', 'BANI_ALCATEL-1660', '2020-03-10', '2020-03-10', '2020-03-10', NULL, 'BANI'),
(188, 3, 95, '', 'DTTN_ALCATEL-1662', '2020-03-10', '2020-03-10', '2020-03-10', NULL, 'DTTN'),
(189, 3, 97, '', 'DDVN_ALCATEL-1662', '2020-03-10', '2020-03-10', '2020-03-10', NULL, 'DDVN'),
(190, 3, 134, '', 'PTPU_ALCATEL-1662', '2020-03-10', '2020-03-10', '2020-03-10', NULL, 'PTPU'),
(191, 3, 383, '', 'KQUE_ALCATEL-1662', '2020-03-10', '2020-03-10', '2020-03-10', NULL, 'KQUE'),
(192, 3, 413, '', 'KTSN_ALCATEL-1662', '2020-03-10', '2020-03-10', '2020-03-10', NULL, 'KTSN'),
(193, 3, 415, '', 'KLHO_ALCATEL-1662', '2020-03-10', '2020-03-10', '2020-03-10', NULL, 'KLHO'),
(194, 3, 429, '', 'KCSG_ALCATEL-1662', '2020-03-10', '2020-03-10', '2020-03-10', NULL, 'KCSG'),
(195, 3, 605, '', 'KTSO_ALCATEL-1662', '2020-03-10', '2020-03-10', '2020-03-10', NULL, 'KTSO'),
(196, 4, 143, '', 'DCSN_FLASHWARE', '2020-03-10', '2020-03-10', '2020-03-10', NULL, 'DCSN'),
(197, 4, 173, '', 'LNCH_FLASHWARE', '2020-03-10', '2020-03-10', '2020-03-10', NULL, 'LNCH'),
(198, 5, 20, '', 'PLHA_FLX-150', '2020-03-10', '2020-03-10', '2020-03-10', NULL, 'PLHA'),
(199, 5, 42, '', 'PTHA_FLX-150', '2020-03-10', '2020-03-10', '2020-03-10', NULL, 'PTHA'),
(200, 5, 46, '', 'PLMT_FLX-150', '2020-03-10', '2020-03-10', '2020-03-10', NULL, 'PLMT'),
(201, 5, 48, '', 'PHSN_FLX-150', '2020-03-10', '2020-03-10', '2020-03-10', NULL, 'PHSN'),
(202, 5, 134, '', 'PTPU_FLX-150', '2020-03-10', '2020-03-10', '2020-03-10', NULL, 'PTPU'),
(203, 5, 141, '', 'DTHI_FLX-150', '2020-03-10', '2020-03-10', '2020-03-10', NULL, 'DTHI'),
(204, 5, 167, '', 'LTNG_FLX-150', '2020-03-10', '2020-03-10', '2020-03-10', NULL, 'LTNG'),
(205, 5, 181, '', 'LNBH_FLX-150', '2020-03-10', '2020-03-10', '2020-03-10', NULL, 'LNBH'),
(206, 5, 205, '', 'LNHG_FLX-150', '2020-03-10', '2020-03-10', '2020-03-10', NULL, 'LNHG'),
(207, 5, 238, '', 'LXKE_FLX-150', '2020-03-10', '2020-03-10', '2020-03-10', NULL, 'LXKE'),
(208, 5, 307, '', 'BTLG_FLX-150', '2020-03-10', '2020-03-10', '2020-03-10', NULL, 'BTLG'),
(209, 5, 327, '', 'BDXA_FLX-150', '2020-03-10', '2020-03-10', '2020-03-10', NULL, 'BDXA'),
(210, 5, 333, '', 'BCSG_FLX-150', '2020-03-10', '2020-03-10', '2020-03-10', NULL, 'BCSG'),
(211, 5, 347, '', 'PCSN_FLX-150', '2020-03-10', '2020-03-10', '2020-03-10', NULL, 'PCSN'),
(212, 5, 466, '', 'TCTG_FLX-150', '2020-03-10', '2020-03-10', '2020-03-10', NULL, 'TCTG'),
(213, 5, 487, '', 'TPCA_FLX-150', '2020-03-10', '2020-03-10', '2020-03-10', NULL, 'TPCA'),
(214, 5, 541, '', 'TPDG_FLX-150', '2020-03-10', '2020-03-10', '2020-03-10', NULL, 'TPDG'),
(215, 5, 587, '', 'PNTD_FLX-150', '2020-03-10', '2020-03-10', '2020-03-10', NULL, 'PNTD'),
(216, 5, 623, '', 'TPTG_FLX-150', '2020-03-10', '2020-03-10', '2020-03-10', NULL, 'TPTG'),
(217, 5, 635, '', 'PLCG_FLX-150', '2020-03-10', '2020-03-10', '2020-03-10', NULL, 'PLCG'),
(218, 5, 651, '', 'LHLY_FLX-150', '2020-03-10', '2020-03-10', '2020-03-10', NULL, 'LHLY'),
(219, 5, 657, '', 'LCHL_FLX-150', '2020-03-10', '2020-03-10', '2020-03-10', NULL, 'LCHL'),
(220, 6, 102, '', 'DNSH_OSN-500', '2020-03-10', '2020-03-10', '2020-03-10', NULL, 'DNSH'),
(221, 6, 116, '', 'DDGT_OSN-500', '2020-03-10', '2020-03-10', '2020-03-10', NULL, 'DDGT'),
(222, 6, 532, '', 'KX5B_OSN-500', '2020-03-10', '2020-03-10', '2020-03-10', NULL, 'KX5B'),
(223, 6, 534, '', 'KBX6B_OSN-500', '2020-03-10', '2020-03-10', '2020-03-10', NULL, 'KBX6B'),
(224, 7, 134, '', 'PTPU_AGG', '2020-03-10', '2020-03-10', '2020-03-10', NULL, 'PTPU'),
(225, 7, 149, '', 'DDSN_AGG', '2020-03-10', '2020-03-10', '2020-03-10', NULL, 'DDSN'),
(226, 8, 97, '', 'DDVN_UPE', '2020-03-10', '2020-03-10', '2020-03-10', NULL, 'DDVN'),
(227, 8, 134, '', 'PTPU_UPE', '2020-03-10', '2020-03-10', '2020-03-10', NULL, 'PTPU'),
(228, 8, 149, '', 'DDSN_UPE', '2020-03-10', '2020-03-10', '2020-03-10', NULL, 'DDSN'),
(229, 8, 179, '', 'LVTU_UPE', '2020-03-10', '2020-03-10', '2020-03-10', NULL, 'LVTU'),
(230, 8, 246, '', 'LNTH_UPE', '2020-03-10', '2020-03-10', '2020-03-10', NULL, 'LNTH'),
(231, 8, 281, '', 'DHMC_UPE', '2020-03-10', '2020-03-10', '2020-03-10', NULL, 'DHMC'),
(232, 8, 303, '', 'BBMY_UPE', '2020-03-10', '2020-03-10', '2020-03-10', NULL, 'BBMY'),
(233, 8, 383, '', 'KQUE_UPE', '2020-03-10', '2020-03-10', '2020-03-10', NULL, 'KQUE'),
(234, 8, 447, '', 'TCGG_UPE', '2020-03-10', '2020-03-10', '2020-03-10', NULL, 'TCGG'),
(235, 8, 487, '', 'TPCA_UPE', '2020-03-10', '2020-03-10', '2020-03-10', NULL, 'TPCA'),
(236, 8, 561, '', 'BANI_UPE', '2020-03-10', '2020-03-10', '2020-03-10', NULL, 'BANI'),
(237, 8, 587, '', 'PNTD_UPE', '2020-03-10', '2020-03-10', '2020-03-10', NULL, 'PNTD'),
(238, 9, 22, '', 'PBDA_L2SW', '2020-03-10', '2020-03-10', '2020-03-10', NULL, 'PBDA'),
(239, 9, 24, '', 'PPVN_L2SW', '2020-03-10', '2020-03-10', '2020-03-10', NULL, 'PPVN'),
(240, 9, 46, '', 'PLMT_L2SW', '2020-03-10', '2020-03-10', '2020-03-10', NULL, 'PLMT'),
(241, 9, 48, '', 'PHSN_L2SW', '2020-03-10', '2020-03-10', '2020-03-10', NULL, 'PHSN'),
(242, 9, 64, '', 'DCLG_L2SW', '2020-03-10', '2020-03-10', '2020-03-10', NULL, 'DCLG'),
(243, 9, 77, '', 'DNTI_L2SW', '2020-03-10', '2020-03-10', '2020-03-10', NULL, 'DNTI'),
(244, 9, 95, '', 'DTTN_L2SW', '2020-03-10', '2020-03-10', '2020-03-10', NULL, 'DTTN'),
(245, 9, 97, '', 'DDVN_L2SW', '2020-03-10', '2020-03-10', '2020-03-10', NULL, 'DDVN'),
(246, 9, 102, '', 'DNSH_L2SW', '2020-03-10', '2020-03-10', '2020-03-10', NULL, 'DNSH'),
(247, 9, 123, '', 'P6BT_L2SW', '2020-03-10', '2020-03-10', '2020-03-10', NULL, 'P6BT'),
(248, 9, 125, '', 'PHBT_L2SW', '2020-03-10', '2020-03-10', '2020-03-10', NULL, 'PHBT'),
(249, 9, 127, '', 'PQLU_L2SW', '2020-03-10', '2020-03-10', '2020-03-10', NULL, 'PQLU'),
(250, 9, 131, '', 'P304_L2SW', '2020-03-10', '2020-03-10', '2020-03-10', NULL, 'P304'),
(251, 9, 134, '', 'PTPU_L2SW', '2020-03-10', '2020-03-10', '2020-03-10', NULL, 'PTPU'),
(252, 9, 149, '', 'DDSN_L2SW', '2020-03-10', '2020-03-10', '2020-03-10', NULL, 'DDSN'),
(253, 9, 171, '', 'LNKG_L2SW', '2020-03-10', '2020-03-10', '2020-03-10', NULL, 'LNKG'),
(254, 9, 173, '', 'LNCH_L2SW', '2020-03-10', '2020-03-10', '2020-03-10', NULL, 'LNCH'),
(255, 9, 179, '', 'LVTU_L2SW', '2020-03-10', '2020-03-10', '2020-03-10', NULL, 'LVTU'),
(256, 9, 205, '', 'LNHG_L2SW', '2020-03-10', '2020-03-10', '2020-03-10', NULL, 'LNHG'),
(257, 9, 209, '', 'LCKG_L2SW', '2020-03-10', '2020-03-10', '2020-03-10', NULL, 'LCKG'),
(258, 9, 211, '', 'LCLY_L2SW', '2020-03-10', '2020-03-10', '2020-03-10', NULL, 'LCLY'),
(259, 9, 244, '', 'LNTN_L2SW', '2020-03-10', '2020-03-10', '2020-03-10', NULL, 'LNTN'),
(260, 9, 248, '', 'LCCH_L2SW', '2020-03-10', '2020-03-10', '2020-03-10', NULL, 'LCCH'),
(261, 9, 250, '', 'LHHU_L2SW', '2020-03-10', '2020-03-10', '2020-03-10', NULL, 'LHHU'),
(262, 9, 271, '', 'DTVN_L2SW', '2020-03-10', '2020-03-10', '2020-03-10', NULL, 'DTVN'),
(263, 9, 279, '', 'DMNM_L2SW', '2020-03-10', '2020-03-10', '2020-03-10', NULL, 'DMNM'),
(264, 9, 281, '', 'DHMC_L2SW', '2020-03-10', '2020-03-10', '2020-03-10', NULL, 'DHMC'),
(265, 9, 284, '', 'DKCN_L2SW', '2020-03-10', '2020-03-10', '2020-03-10', NULL, 'DKCN'),
(266, 9, 303, '', 'BBMY_L2SW', '2020-03-10', '2020-03-10', '2020-03-10', NULL, 'BBMY'),
(267, 9, 307, '', 'BTLG_L2SW', '2020-03-10', '2020-03-10', '2020-03-10', NULL, 'BTLG'),
(268, 9, 327, '', 'BDXA_L2SW', '2020-03-10', '2020-03-10', '2020-03-10', NULL, 'BDXA'),
(269, 9, 329, '', 'BBNA_L2SW', '2020-03-10', '2020-03-10', '2020-03-10', NULL, 'BBNA'),
(270, 9, 333, '', 'BCSG_L2SW', '2020-03-10', '2020-03-10', '2020-03-10', NULL, 'BCSG'),
(271, 9, 339, '', 'PTBD_L2SW', '2020-03-10', '2020-03-10', '2020-03-10', NULL, 'PTBD'),
(272, 9, 341, '', 'PLHP_L2SW', '2020-03-10', '2020-03-10', '2020-03-10', NULL, 'PLHP'),
(273, 9, 343, '', 'PPV2_L2SW', '2020-03-10', '2020-03-10', '2020-03-10', NULL, 'PPV2'),
(274, 9, 347, '', 'PCSN_L2SW', '2020-03-10', '2020-03-10', '2020-03-10', NULL, 'PCSN'),
(275, 9, 354, '', 'PHQC_L2SW', '2020-03-10', '2020-03-10', '2020-03-10', NULL, 'PHQC'),
(276, 9, 375, '', 'KLSN_L2SW', '2020-03-10', '2020-03-10', '2020-03-10', NULL, 'KLSN'),
(277, 9, 377, '', 'KVXA_L2SW', '2020-03-10', '2020-03-10', '2020-03-10', NULL, 'KVXA'),
(278, 9, 383, '', 'KQUE_L2SW', '2020-03-10', '2020-03-10', '2020-03-10', NULL, 'KQUE'),
(279, 9, 413, '', 'KTSN_L2SW', '2020-03-10', '2020-03-10', '2020-03-10', NULL, 'KTSN'),
(280, 9, 415, '', 'KLHO_L2SW', '2020-03-10', '2020-03-10', '2020-03-10', NULL, 'KLHO'),
(281, 9, 425, '', 'KDCG_L2SW', '2020-03-10', '2020-03-10', '2020-03-10', NULL, 'KDCG'),
(282, 9, 429, '', 'KCSG_L2SW', '2020-03-10', '2020-03-10', '2020-03-10', NULL, 'KCSG'),
(283, 9, 439, '', 'TTBH_L2SW', '2020-03-10', '2020-03-10', '2020-03-10', NULL, 'TTBH'),
(284, 9, 441, '', 'TTHN_L2SW', '2020-03-10', '2020-03-10', '2020-03-10', NULL, 'TTHN'),
(285, 9, 443, '', 'TTTY_L2SW', '2020-03-10', '2020-03-10', '2020-03-10', NULL, 'TTTY'),
(286, 9, 445, '', 'TKKE_L2SW', '2020-03-10', '2020-03-10', '2020-03-10', NULL, 'TKKE'),
(287, 9, 447, '', 'TCGG_L2SW', '2020-03-10', '2020-03-10', '2020-03-10', NULL, 'TCGG'),
(288, 9, 461, '', 'TCNA_L2SW', '2020-03-10', '2020-03-10', '2020-03-10', NULL, 'TCNA'),
(289, 9, 483, '', 'TXMG_L2SW', '2020-03-10', '2020-03-10', '2020-03-10', NULL, 'TXMG'),
(290, 9, 485, '', 'TTHI_L2SW', '2020-03-10', '2020-03-10', '2020-03-10', NULL, 'TTHI'),
(291, 9, 487, '', 'TPCA_L2SW', '2020-03-10', '2020-03-10', '2020-03-10', NULL, 'TPCA'),
(292, 9, 507, '', 'BBHG_L2SW', '2020-03-10', '2020-03-10', '2020-03-10', NULL, 'BBHG'),
(293, 9, 509, '', 'BALO_L2SW', '2020-03-10', '2020-03-10', '2020-03-10', NULL, 'BALO'),
(294, 9, 525, '', 'KBSO_L2SW', '2020-03-10', '2020-03-10', '2020-03-10', NULL, 'KBSO'),
(295, 9, 541, '', 'TPDG_L2SW', '2020-03-10', '2020-03-10', '2020-03-10', NULL, 'TPDG'),
(296, 9, 557, '', 'BNLU_L2SW', '2020-03-10', '2020-03-10', '2020-03-10', NULL, 'BNLU'),
(297, 9, 559, '', 'BANH_L2SW', '2020-03-10', '2020-03-10', '2020-03-10', NULL, 'BANH'),
(298, 9, 561, '', 'BANI_L2SW', '2020-03-10', '2020-03-10', '2020-03-10', NULL, 'BANI'),
(299, 9, 563, '', 'BBDE_L2SW', '2020-03-10', '2020-03-10', '2020-03-10', NULL, 'BBDE'),
(300, 9, 565, '', 'BVBN_L2SW', '2020-03-10', '2020-03-10', '2020-03-10', NULL, 'BVBN'),
(301, 9, 583, '', 'PLTN_L2SW', '2020-03-10', '2020-03-10', '2020-03-10', NULL, 'PLTN'),
(302, 9, 587, '', 'PNTD_L2SW', '2020-03-10', '2020-03-10', '2020-03-10', NULL, 'PNTD'),
(303, 9, 596, '', 'PTXA_L2SW', '2020-03-10', '2020-03-10', '2020-03-10', NULL, 'PTXA'),
(304, 9, 605, '', 'KTSO_L2SW', '2020-03-10', '2020-03-10', '2020-03-10', NULL, 'KTSO'),
(305, 9, 623, '', 'TPTG_L2SW', '2020-03-10', '2020-03-10', '2020-03-10', NULL, 'TPTG'),
(306, 9, 635, '', 'PLCG_L2SW', '2020-03-10', '2020-03-10', '2020-03-10', NULL, 'PLCG'),
(307, 9, 655, '', 'LVLY_L2SW', '2020-03-10', '2020-03-10', '2020-03-10', NULL, 'LVLY'),
(308, 9, 657, '', 'LCHL_L2SW', '2020-03-10', '2020-03-10', '2020-03-10', NULL, 'LCHL'),
(309, 9, 25287, '', 'PVCM_L2SW', '2020-03-10', '2020-03-10', '2020-03-10', NULL, 'PVCM'),
(310, 9, 25313, '', 'DKC3_L2SW', '2020-03-10', '2020-03-10', '2020-03-10', NULL, 'DKC3'),
(311, 9, 25327, '', 'TXMT_L2SW', '2020-03-10', '2020-03-10', '2020-03-10', NULL, 'TXMT'),
(312, 112, 12, '', 'PVTI_2G', '2020-03-10', '2020-03-10', '2020-03-10', NULL, 'PVTI'),
(313, 112, 18, '', 'PQTG_2G', '2020-03-10', '2020-03-10', '2020-03-10', NULL, 'PQTG'),
(314, 112, 20, '', 'PLHA_2G', '2020-03-10', '2020-03-10', '2020-03-10', NULL, 'PLHA'),
(315, 112, 22, '', 'PBDA_2G', '2020-03-10', '2020-03-10', '2020-03-10', NULL, 'PBDA'),
(316, 112, 24, '', 'PPVN_2G', '2020-03-10', '2020-03-10', '2020-03-10', NULL, 'PPVN'),
(317, 112, 29, '', 'PX6P_2G', '2020-03-10', '2020-03-10', '2020-03-10', NULL, 'PX6P'),
(318, 112, 31, '', 'PDPT_2G', '2020-03-10', '2020-03-10', '2020-03-10', NULL, 'PDPT'),
(319, 112, 33, '', 'PDCA_2G', '2020-03-10', '2020-03-10', '2020-03-10', NULL, 'PDCA'),
(320, 112, 42, '', 'PTHA_2G', '2020-03-10', '2020-03-10', '2020-03-10', NULL, 'PTHA'),
(321, 112, 46, '', 'PLMT_2G', '2020-03-10', '2020-03-10', '2020-03-10', NULL, 'PLMT'),
(322, 112, 48, '', 'PHSN_2G', '2020-03-10', '2020-03-10', '2020-03-10', NULL, 'PHSN'),
(323, 112, 53, '', 'PDAO_2G', '2020-03-10', '2020-03-10', '2020-03-10', NULL, 'PDAO'),
(324, 112, 55, '', 'PK35_2G', '2020-03-10', '2020-03-10', '2020-03-10', NULL, 'PK35'),
(325, 112, 62, '', 'DTNI_2G', '2020-03-10', '2020-03-10', '2020-03-10', NULL, 'DTNI'),
(326, 112, 64, '', 'DCLG_2G', '2020-03-10', '2020-03-10', '2020-03-10', NULL, 'DCLG'),
(327, 112, 67, '', 'DHTG_2G', '2020-03-10', '2020-03-10', '2020-03-10', NULL, 'DHTG'),
(328, 112, 77, '', 'DNTI_2G', '2020-03-10', '2020-03-10', '2020-03-10', NULL, 'DNTI'),
(329, 112, 83, '', 'DBT2_2G', '2020-03-10', '2020-03-10', '2020-03-10', NULL, 'DBT2'),
(330, 112, 85, '', 'DTCG_2G', '2020-03-10', '2020-03-10', '2020-03-10', NULL, 'DTCG'),
(331, 112, 87, '', 'DDMH_2G', '2020-03-10', '2020-03-10', '2020-03-10', NULL, 'DDMH'),
(332, 112, 89, '', 'DHDG_2G', '2020-03-10', '2020-03-10', '2020-03-10', NULL, 'DHDG'),
(333, 112, 91, '', 'DBTG_2G', '2020-03-10', '2020-03-10', '2020-03-10', NULL, 'DBTG'),
(334, 112, 93, '', 'DDHI_2G', '2020-03-10', '2020-03-10', '2020-03-10', NULL, 'DDHI'),
(335, 112, 95, '', 'DTTN_2G', '2020-03-10', '2020-03-10', '2020-03-10', NULL, 'DTTN'),
(336, 112, 97, '', 'DDVN_2G', '2020-03-10', '2020-03-10', '2020-03-10', NULL, 'DDVN'),
(337, 112, 99, '', 'DXLO_2G', '2020-03-10', '2020-03-10', '2020-03-10', NULL, 'DXLO'),
(338, 112, 102, '', 'DNSH_2G', '2020-03-10', '2020-03-10', '2020-03-10', NULL, 'DNSH'),
(339, 112, 106, '', 'DVDG_2G', '2020-03-10', '2020-03-10', '2020-03-10', NULL, 'DVDG'),
(340, 112, 112, '', 'DTIH_2G', '2020-03-10', '2020-03-10', '2020-03-10', NULL, 'DTIH'),
(341, 112, 121, '', 'PLKT_2G', '2020-03-10', '2020-03-10', '2020-03-10', NULL, 'PLKT'),
(342, 112, 123, '', 'P6BT_2G', '2020-03-10', '2020-03-10', '2020-03-10', NULL, 'P6BT'),
(343, 112, 125, '', 'PHBT_2G', '2020-03-10', '2020-03-10', '2020-03-10', NULL, 'PHBT'),
(344, 112, 127, '', 'PQLU_2G', '2020-03-10', '2020-03-10', '2020-03-10', NULL, 'PQLU'),
(345, 112, 131, '', 'P304_2G', '2020-03-10', '2020-03-10', '2020-03-10', NULL, 'P304'),
(346, 112, 134, '', 'PTPU_2G', '2020-03-10', '2020-03-10', '2020-03-10', NULL, 'PTPU'),
(347, 112, 141, '', 'DTHI_2G', '2020-03-10', '2020-03-10', '2020-03-10', NULL, 'DTHI'),
(348, 112, 143, '', 'DCSN_2G', '2020-03-10', '2020-03-10', '2020-03-11', NULL, 'DCSN'),
(349, 112, 145, '', 'DTNG_2G', '2020-03-10', '2020-03-10', '2020-03-10', NULL, 'DTNG'),
(350, 112, 147, '', 'DYNM_2G', '2020-03-10', '2020-03-10', '2020-03-10', NULL, 'DYNM'),
(351, 112, 149, '', 'DDSN_2G', '2020-03-10', '2020-03-10', '2020-03-12', NULL, 'DDSN'),
(352, 112, 154, '', 'DDTM_2G', '2020-03-10', '2020-03-10', '2020-03-10', NULL, 'DDTM'),
(353, 112, 157, '', 'LVT2_2G', '2020-03-10', '2020-03-10', '2020-03-10', NULL, 'LVT2'),
(354, 112, 167, '', 'LTNG_2G', '2020-03-10', '2020-03-10', '2020-03-10', NULL, 'LTNG'),
(355, 112, 169, '', 'LPDA_2G', '2020-03-10', '2020-03-10', '2020-03-10', NULL, 'LPDA'),
(356, 112, 171, '', 'LNKG_2G', '2020-03-10', '2020-03-10', '2020-03-10', NULL, 'LNKG'),
(357, 112, 173, '', 'LNCH_2G', '2020-03-10', '2020-03-10', '2020-03-10', NULL, 'LNCH'),
(358, 112, 175, '', 'LDUY_2G', '2020-03-10', '2020-03-10', '2020-03-10', NULL, 'LDUY'),
(359, 112, 177, '', 'LCOL_2G', '2020-03-10', '2020-03-10', '2020-03-10', NULL, 'LCOL'),
(360, 112, 179, '', 'LVTU_2G', '2020-03-10', '2020-03-10', '2020-03-10', NULL, 'LVTU'),
(361, 112, 181, '', 'LNBH_2G', '2020-03-10', '2020-03-10', '2020-03-10', NULL, 'LNBH'),
(362, 112, 188, '', 'LMXA_2G', '2020-03-10', '2020-03-10', '2020-03-10', NULL, 'LMXA'),
(363, 112, 201, '', 'LCL2_2G', '2020-03-10', '2020-03-10', '2020-03-10', NULL, 'LCL2'),
(364, 112, 205, '', 'LNHG_2G', '2020-03-10', '2020-03-10', '2020-03-10', NULL, 'LNHG'),
(365, 112, 207, '', 'LQNI_2G', '2020-03-10', '2020-03-10', '2020-03-10', NULL, 'LQNI'),
(366, 112, 209, '', 'LCKG_2G', '2020-03-10', '2020-03-10', '2020-03-10', NULL, 'LCKG'),
(367, 112, 211, '', 'LCLY_2G', '2020-03-10', '2020-03-10', '2020-03-10', NULL, 'LCLY'),
(368, 112, 213, '', 'LDLY_2G', '2020-03-10', '2020-03-10', '2020-03-10', NULL, 'LDLY'),
(369, 112, 217, '', 'LTSG_2G', '2020-03-10', '2020-03-10', '2020-03-10', NULL, 'LTSG'),
(370, 112, 219, '', 'LDL2_2G', '2020-03-10', '2020-03-10', '2020-03-10', NULL, 'LDL2'),
(371, 112, 221, '', 'LNTC_2G', '2020-03-10', '2020-03-10', '2020-03-10', NULL, 'LNTC'),
(372, 112, 238, '', 'LXKE_2G', '2020-03-10', '2020-03-10', '2020-03-10', NULL, 'LXKE'),
(373, 112, 240, '', 'LNHU_2G', '2020-03-10', '2020-03-10', '2020-03-10', NULL, 'LNHU'),
(374, 112, 242, '', 'LPPC_2G', '2020-03-10', '2020-03-10', '2020-03-12', NULL, 'LPPC'),
(375, 112, 244, '', 'LNTN_2G', '2020-03-10', '2020-03-10', '2020-03-10', NULL, 'LNTN'),
(376, 112, 246, '', 'LNTH_2G', '2020-03-10', '2020-03-10', '2020-03-10', NULL, 'LNTH'),
(377, 112, 248, '', 'LCCH_2G', '2020-03-10', '2020-03-10', '2020-03-10', NULL, 'LCCH'),
(378, 112, 250, '', 'LHHU_2G', '2020-03-10', '2020-03-10', '2020-03-10', NULL, 'LHHU'),
(379, 112, 253, '', 'LPCC_2G', '2020-03-10', '2020-03-10', '2020-03-10', NULL, 'LPCC'),
(380, 112, 258, '', 'DXCN_2G', '2020-03-10', '2020-03-10', '2020-03-10', NULL, 'DXCN'),
(381, 112, 261, '', 'DYTU_2G', '2020-03-10', '2020-03-10', '2020-03-10', NULL, 'DYTU'),
(382, 112, 263, '', 'DDDM_2G', '2020-03-10', '2020-03-10', '2020-03-10', NULL, 'DDDM'),
(383, 112, 265, '', 'DMKO_2G', '2020-03-10', '2020-03-10', '2020-03-12', NULL, 'DMKO'),
(384, 112, 267, '', 'DCNI_2G', '2020-03-10', '2020-03-10', '2020-03-10', NULL, 'DCNI'),
(385, 112, 269, '', 'DCGT_2G', '2020-03-10', '2020-03-10', '2020-03-10', NULL, 'DCGT'),
(386, 112, 271, '', 'DTVN_2G', '2020-03-10', '2020-03-10', '2020-03-12', NULL, 'DTVN'),
(387, 112, 273, '', 'DCMY_2G', '2020-03-10', '2020-03-10', '2020-03-10', NULL, 'DCMY'),
(388, 112, 275, '', 'DMBC_2G', '2020-03-10', '2020-03-10', '2020-03-10', NULL, 'DMBC'),
(389, 112, 277, '', 'DCGG_2G', '2020-03-10', '2020-03-10', '2020-03-10', NULL, 'DCGG'),
(390, 112, 279, '', 'DMNM_2G', '2020-03-10', '2020-03-10', '2020-03-10', NULL, 'DMNM'),
(391, 112, 281, '', 'DHMC_2G', '2020-03-10', '2020-03-10', '2020-03-10', NULL, 'DHMC'),
(392, 112, 284, '', 'DKCN_2G', '2020-03-10', '2020-03-10', '2020-03-10', NULL, 'DKCN'),
(393, 112, 286, '', 'DDDT_2G', '2020-03-10', '2020-03-10', '2020-03-10', NULL, 'DDDT'),
(394, 112, 301, '', 'BBLG_2G', '2020-03-10', '2020-03-10', '2020-03-10', NULL, 'BBLG'),
(395, 112, 303, '', 'BBMY_2G', '2020-03-10', '2020-03-10', '2020-03-10', NULL, 'BBMY'),
(396, 112, 305, '', 'BTXA_2G', '2020-03-10', '2020-03-10', '2020-03-10', NULL, 'BTXA'),
(397, 112, 307, '', 'BTLG_2G', '2020-03-10', '2020-03-10', '2020-03-10', NULL, 'BTLG'),
(398, 112, 310, '', 'BBTH_2G', '2020-03-10', '2020-03-10', '2020-03-10', NULL, 'BBTH'),
(399, 112, 312, '', 'BAMY_2G', '2020-03-10', '2020-03-10', '2020-03-10', NULL, 'BAMY'),
(400, 112, 314, '', 'BX2T_2G', '2020-03-10', '2020-03-10', '2020-03-10', NULL, 'BX2T'),
(401, 112, 316, '', 'BDOX_2G', '2020-03-10', '2020-03-10', '2020-03-11', NULL, 'BDOX'),
(402, 112, 325, '', 'BDDU_2G', '2020-03-10', '2020-03-10', '2020-03-10', NULL, 'BDDU'),
(403, 112, 327, '', 'BDXA_2G', '2020-03-10', '2020-03-10', '2020-03-10', NULL, 'BDXA'),
(404, 112, 329, '', 'BBNA_2G', '2020-03-10', '2020-03-10', '2020-03-10', NULL, 'BBNA'),
(405, 112, 331, '', 'BHCG_2G', '2020-03-10', '2020-03-10', '2020-03-10', NULL, 'BHCG'),
(406, 112, 333, '', 'BCSG_2G', '2020-03-10', '2020-03-10', '2020-03-10', NULL, 'BCSG'),
(407, 112, 336, '', 'BNKE_2G', '2020-03-10', '2020-03-10', '2020-03-10', NULL, 'BNKE'),
(408, 112, 339, '', 'PTBD_2G', '2020-03-10', '2020-03-10', '2020-03-10', NULL, 'PTBD'),
(409, 112, 341, '', 'PLHP_2G', '2020-03-10', '2020-03-10', '2020-03-10', NULL, 'PLHP'),
(410, 112, 343, '', 'PPV2_2G', '2020-03-10', '2020-03-10', '2020-03-10', NULL, 'PPV2'),
(411, 112, 347, '', 'PCSN_2G', '2020-03-10', '2020-03-10', '2020-03-10', NULL, 'PCSN'),
(412, 112, 349, '', 'PDNA_2G', '2020-03-10', '2020-03-10', '2020-03-10', NULL, 'PDNA'),
(413, 112, 354, '', 'PHQC_2G', '2020-03-10', '2020-03-10', '2020-03-10', NULL, 'PHQC'),
(414, 112, 358, '', 'PNHT_2G', '2020-03-10', '2020-03-10', '2020-03-10', NULL, 'PNHT'),
(415, 112, 360, '', 'PTHN_2G', '2020-03-10', '2020-03-10', '2020-03-10', NULL, 'PTHN'),
(416, 112, 373, '', 'KBLH_2G', '2020-03-10', '2020-03-10', '2020-03-10', NULL, 'KBLH'),
(417, 112, 375, '', 'KLSN_2G', '2020-03-10', '2020-03-10', '2020-03-10', NULL, 'KLSN'),
(418, 112, 377, '', 'KVXA_2G', '2020-03-10', '2020-03-10', '2020-03-10', NULL, 'KVXA'),
(419, 112, 379, '', 'KKBH_2G', '2020-03-10', '2020-03-10', '2020-03-10', NULL, 'KKBH'),
(420, 112, 381, '', 'KNSN_2G', '2020-03-10', '2020-03-10', '2020-03-10', NULL, 'KNSN'),
(421, 112, 383, '', 'KQUE_2G', '2020-03-10', '2020-03-10', '2020-03-10', NULL, 'KQUE'),
(422, 112, 386, '', 'KDHS_2G', '2020-03-10', '2020-03-10', '2020-03-10', NULL, 'KDHS'),
(423, 112, 388, '', 'KNS2_2G', '2020-03-10', '2020-03-10', '2020-03-10', NULL, 'KNS2'),
(424, 112, 390, '', 'KKT3_2G', '2020-03-10', '2020-03-10', '2020-03-10', NULL, 'KKT3'),
(425, 112, 392, '', 'KKT2_2G', '2020-03-10', '2020-03-10', '2020-03-10', NULL, 'KKT2'),
(426, 112, 405, '', 'KTLI_2G', '2020-03-10', '2020-03-10', '2020-03-10', NULL, 'KTLI'),
(427, 112, 407, '', 'KDHA_2G', '2020-03-10', '2020-03-10', '2020-03-10', NULL, 'KDHA'),
(428, 112, 409, '', 'KTLH_2G', '2020-03-10', '2020-03-10', '2020-03-10', NULL, 'KTLH'),
(429, 112, 411, '', 'KNUY_2G', '2020-03-10', '2020-03-10', '2020-03-10', NULL, 'KNUY'),
(430, 112, 413, '', 'KTSN_2G', '2020-03-10', '2020-03-10', '2020-03-10', NULL, 'KTSN'),
(431, 112, 415, '', 'KLHO_2G', '2020-03-10', '2020-03-10', '2020-03-10', NULL, 'KLHO'),
(432, 112, 418, '', 'KTTI_2G', '2020-03-10', '2020-03-10', '2020-03-10', NULL, 'KTTI'),
(433, 112, 423, '', 'KHTY_2G', '2020-03-10', '2020-03-10', '2020-03-10', NULL, 'KHTY'),
(434, 112, 425, '', 'KDCG_2G', '2020-03-10', '2020-03-10', '2020-03-10', NULL, 'KDCG'),
(435, 112, 427, '', 'KNTU_2G', '2020-03-10', '2020-03-10', '2020-03-10', NULL, 'KNTU'),
(436, 112, 429, '', 'KCSG_2G', '2020-03-10', '2020-03-10', '2020-03-10', NULL, 'KCSG'),
(437, 112, 435, '', 'TTPG_2G', '2020-03-10', '2020-03-10', '2020-03-10', NULL, 'TTPG'),
(438, 112, 439, '', 'TTBH_2G', '2020-03-10', '2020-03-10', '2020-03-10', NULL, 'TTBH'),
(439, 112, 441, '', 'TTHN_2G', '2020-03-10', '2020-03-10', '2020-03-10', NULL, 'TTHN'),
(440, 112, 443, '', 'TTTY_2G', '2020-03-10', '2020-03-10', '2020-03-10', NULL, 'TTTY'),
(441, 112, 445, '', 'TKKE_2G', '2020-03-10', '2020-03-10', '2020-03-10', NULL, 'TKKE'),
(442, 112, 447, '', 'TCGG_2G', '2020-03-10', '2020-03-10', '2020-03-10', NULL, 'TCGG'),
(443, 112, 451, '', 'TTB2_2G', '2020-03-10', '2020-03-10', '2020-03-10', NULL, 'TTB2'),
(444, 112, 457, '', 'TTLU_2G', '2020-03-10', '2020-03-10', '2020-03-11', NULL, 'TTLU'),
(445, 112, 461, '', 'TCNA_2G', '2020-03-10', '2020-03-10', '2020-03-10', NULL, 'TCNA'),
(446, 112, 464, '', 'TTNE_2G', '2020-03-10', '2020-03-10', '2020-03-10', NULL, 'TTNE'),
(447, 112, 466, '', 'TCTG_2G', '2020-03-10', '2020-03-10', '2020-03-10', NULL, 'TCTG'),
(448, 112, 468, '', 'TLTN_2G', '2020-03-10', '2020-03-10', '2020-03-10', NULL, 'TLTN'),
(449, 112, 470, '', 'TLTC_2G', '2020-03-10', '2020-03-10', '2020-03-10', NULL, 'TLTC'),
(450, 112, 475, '', 'TTNG_2G', '2020-03-10', '2020-03-10', '2020-03-10', NULL, 'TTNG'),
(451, 112, 481, '', 'TTT2_2G', '2020-03-10', '2020-03-10', '2020-03-10', NULL, 'TTT2'),
(452, 112, 483, '', 'TXMG_2G', '2020-03-10', '2020-03-10', '2020-03-10', NULL, 'TXMG'),
(453, 112, 485, '', 'TTHI_2G', '2020-03-10', '2020-03-10', '2020-03-10', NULL, 'TTHI'),
(454, 112, 487, '', 'TPCA_2G', '2020-03-10', '2020-03-10', '2020-03-10', NULL, 'TPCA'),
(455, 112, 490, '', 'TTAN_2G', '2020-03-10', '2020-03-10', '2020-03-10', NULL, 'TTAN'),
(456, 112, 492, '', 'TTNN_2G', '2020-03-10', '2020-03-10', '2020-03-10', NULL, 'TTNN'),
(457, 112, 501, '', 'BAL2_2G', '2020-03-10', '2020-03-10', '2020-03-10', NULL, 'BAL2'),
(458, 112, 503, '', 'BLSN_2G', '2020-03-10', '2020-03-10', '2020-03-10', NULL, 'BLSN'),
(459, 112, 505, '', 'BADO_2G', '2020-03-10', '2020-03-10', '2020-03-12', NULL, 'BADO'),
(460, 112, 507, '', 'BBHG_2G', '2020-03-10', '2020-03-10', '2020-03-10', NULL, 'BBHG'),
(461, 112, 509, '', 'BALO_2G', '2020-03-10', '2020-03-10', '2020-03-12', NULL, 'BALO'),
(462, 112, 512, '', 'BTIH_2G', '2020-03-10', '2020-03-10', '2020-03-10', NULL, 'BTIH'),
(463, 112, 517, '', 'KPTH_2G', '2020-03-10', '2020-03-10', '2020-03-10', NULL, 'KPTH'),
(464, 112, 519, '', 'KTLG_2G', '2020-03-10', '2020-03-10', '2020-03-10', NULL, 'KTLG'),
(465, 112, 521, '', 'KKPG_2G', '2020-03-10', '2020-03-10', '2020-03-10', NULL, 'KKPG'),
(466, 112, 523, '', 'KBS2_2G', '2020-03-10', '2020-03-10', '2020-03-10', NULL, 'KBS2'),
(467, 112, 525, '', 'KBSO_2G', '2020-03-10', '2020-03-10', '2020-03-10', NULL, 'KBSO'),
(468, 112, 528, '', 'KBS3_2G', '2020-03-10', '2020-03-10', '2020-03-10', NULL, 'KBS3'),
(469, 112, 530, '', 'KBS4_2G', '2020-03-10', '2020-03-10', '2020-03-10', NULL, 'KBS4'),
(470, 112, 539, '', 'TLPG_2G', '2020-03-10', '2020-03-10', '2020-03-12', NULL, 'TLPG'),
(471, 112, 541, '', 'TPDG_2G', '2020-03-10', '2020-03-10', '2020-03-10', NULL, 'TPDG'),
(472, 112, 544, '', 'TBTO_2G', '2020-03-10', '2020-03-10', '2020-03-10', NULL, 'TBTO'),
(473, 112, 551, '', 'BNGU_2G', '2020-03-10', '2020-03-10', '2020-03-10', NULL, 'BNGU'),
(474, 112, 555, '', 'BBCU_2G', '2020-03-10', '2020-03-10', '2020-03-10', NULL, 'BBCU'),
(475, 112, 557, '', 'BNLU_2G', '2020-03-10', '2020-03-10', '2020-03-10', NULL, 'BNLU'),
(476, 112, 559, '', 'BANH_2G', '2020-03-10', '2020-03-10', '2020-03-11', NULL, 'BANH'),
(477, 112, 561, '', 'BANI_2G', '2020-03-10', '2020-03-10', '2020-03-10', NULL, 'BANI'),
(478, 112, 563, '', 'BBDE_2G', '2020-03-10', '2020-03-10', '2020-03-10', NULL, 'BBDE'),
(479, 112, 565, '', 'BVBN_2G', '2020-03-10', '2020-03-10', '2020-03-10', NULL, 'BVBN'),
(480, 112, 568, '', 'BVB2_2G', '2020-03-10', '2020-03-10', '2020-03-10', NULL, 'BVB2'),
(481, 112, 570, '', 'BX8A_2G', '2020-03-10', '2020-03-10', '2020-03-10', NULL, 'BX8A'),
(482, 112, 581, '', 'PLET_2G', '2020-03-10', '2020-03-10', '2020-03-10', NULL, 'PLET'),
(483, 112, 583, '', 'PLTN_2G', '2020-03-10', '2020-03-10', '2020-03-10', NULL, 'PLTN'),
(484, 112, 585, '', 'PMKI_2G', '2020-03-10', '2020-03-10', '2020-03-10', NULL, 'PMKI'),
(485, 112, 587, '', 'PNTD_2G', '2020-03-10', '2020-03-10', '2020-03-10', NULL, 'PNTD'),
(486, 112, 589, '', 'PVLO_2G', '2020-03-10', '2020-03-10', '2020-03-10', NULL, 'PVLO'),
(487, 112, 591, '', 'PVKU_2G', '2020-03-10', '2020-03-10', '2020-03-10', NULL, 'PVKU'),
(488, 112, 596, '', 'PTXA_2G', '2020-03-10', '2020-03-10', '2020-03-10', NULL, 'PTXA'),
(489, 112, 605, '', 'KTSO_2G', '2020-03-10', '2020-03-10', '2020-03-10', NULL, 'KTSO'),
(490, 112, 608, '', 'KKKQ_2G', '2020-03-10', '2020-03-10', '2020-03-10', NULL, 'KKKQ'),
(491, 112, 610, '', 'KTH2_2G', '2020-03-10', '2020-03-10', '2020-03-10', NULL, 'KTH2'),
(492, 112, 615, '', 'TNKN_2G', '2020-03-10', '2020-03-10', '2020-03-10', NULL, 'TNKN'),
(493, 112, 617, '', 'TDBI_2G', '2020-03-10', '2020-03-10', '2020-03-10', NULL, 'TDBI'),
(494, 112, 619, '', 'TTTN_2G', '2020-03-10', '2020-03-10', '2020-03-10', NULL, 'TTTN'),
(495, 112, 621, '', 'TTTM_2G', '2020-03-10', '2020-03-10', '2020-03-10', NULL, 'TTTM'),
(496, 112, 623, '', 'TPTG_2G', '2020-03-10', '2020-03-10', '2020-03-10', NULL, 'TPTG'),
(497, 112, 627, '', 'PTHD_2G', '2020-03-10', '2020-03-10', '2020-03-10', NULL, 'PTHD'),
(498, 112, 631, '', 'PTCU_2G', '2020-03-10', '2020-03-10', '2020-03-10', NULL, 'PTCU'),
(499, 112, 633, '', 'PTC2_2G', '2020-03-10', '2020-03-10', '2020-03-10', NULL, 'PTC2'),
(500, 112, 635, '', 'PLCG_2G', '2020-03-10', '2020-03-10', '2020-03-10', NULL, 'PLCG'),
(501, 112, 639, '', 'PCTI_2G', '2020-03-10', '2020-03-10', '2020-03-10', NULL, 'PCTI'),
(502, 112, 651, '', 'LHLY_2G', '2020-03-10', '2020-03-10', '2020-03-10', NULL, 'LHLY'),
(503, 112, 653, '', 'LNLY_2G', '2020-03-10', '2020-03-10', '2020-03-10', NULL, 'LNLY'),
(504, 112, 655, '', 'LVLY_2G', '2020-03-10', '2020-03-10', '2020-03-10', NULL, 'LVLY'),
(505, 112, 657, '', 'LCHL_2G', '2020-03-10', '2020-03-10', '2020-03-10', NULL, 'LCHL'),
(506, 112, 25310, '', 'LCXA_2G', '2020-03-10', '2020-03-10', '2020-03-10', NULL, 'LCXA'),
(507, 112, 25318, '', 'KDMO_2G', '2020-03-10', '2020-03-10', '2020-03-10', NULL, 'KDMO'),
(508, 112, 25328, '', 'LDTT_2G', '2020-03-10', '2020-03-10', '2020-03-10', NULL, 'LDTT'),
(509, 112, 25333, '', 'TDUL_2G', '2020-03-10', '2020-03-10', '2020-03-10', NULL, 'TDUL'),
(510, 113, 12, '', 'PVTI_3G', '2020-03-10', '2020-03-10', '2020-03-10', NULL, 'PVTI'),
(511, 113, 18, '', 'PQTG_3G', '2020-03-10', '2020-03-10', '2020-03-10', NULL, 'PQTG'),
(512, 113, 20, '', 'PLHA_3G', '2020-03-10', '2020-03-10', '2020-03-10', NULL, 'PLHA'),
(513, 113, 22, '', 'PBDA_3G', '2020-03-10', '2020-03-10', '2020-03-10', NULL, 'PBDA'),
(514, 113, 24, '', 'PPVN_3G', '2020-03-10', '2020-03-10', '2020-03-10', NULL, 'PPVN'),
(515, 113, 29, '', 'PX6P_3G', '2020-03-10', '2020-03-10', '2020-03-10', NULL, 'PX6P'),
(516, 113, 31, '', 'PDPT_3G', '2020-03-10', '2020-03-10', '2020-03-10', NULL, 'PDPT'),
(517, 113, 33, '', 'PDCA_3G', '2020-03-10', '2020-03-10', '2020-03-10', NULL, 'PDCA'),
(518, 113, 42, '', 'PTHA_3G', '2020-03-10', '2020-03-10', '2020-03-10', NULL, 'PTHA'),
(519, 113, 46, '', 'PLMT_3G', '2020-03-10', '2020-03-10', '2020-03-10', NULL, 'PLMT'),
(520, 113, 48, '', 'PHSN_3G', '2020-03-10', '2020-03-10', '2020-03-10', NULL, 'PHSN'),
(521, 113, 53, '', 'PDAO_3G', '2020-03-10', '2020-03-10', '2020-03-10', NULL, 'PDAO'),
(522, 113, 55, '', 'PK35_3G', '2020-03-10', '2020-03-10', '2020-03-10', NULL, 'PK35'),
(523, 113, 62, '', 'DTNI_3G', '2020-03-10', '2020-03-10', '2020-03-10', NULL, 'DTNI'),
(524, 113, 64, '', 'DCLG_3G', '2020-03-10', '2020-03-10', '2020-03-10', NULL, 'DCLG'),
(525, 113, 67, '', 'DHTG_3G', '2020-03-10', '2020-03-10', '2020-03-10', NULL, 'DHTG'),
(526, 113, 77, '', 'DNTI_3G', '2020-03-10', '2020-03-10', '2020-03-10', NULL, 'DNTI'),
(527, 113, 83, '', 'DBT2_3G', '2020-03-10', '2020-03-10', '2020-03-10', NULL, 'DBT2'),
(528, 113, 85, '', 'DTCG_3G', '2020-03-10', '2020-03-10', '2020-03-10', NULL, 'DTCG'),
(529, 113, 87, '', 'DDMH_3G', '2020-03-10', '2020-03-10', '2020-03-10', NULL, 'DDMH'),
(530, 113, 89, '', 'DHDG_3G', '2020-03-10', '2020-03-10', '2020-03-10', NULL, 'DHDG'),
(531, 113, 91, '', 'DBTG_3G', '2020-03-10', '2020-03-10', '2020-03-10', NULL, 'DBTG'),
(532, 113, 93, '', 'DDHI_3G', '2020-03-10', '2020-03-10', '2020-03-10', NULL, 'DDHI'),
(533, 113, 95, '', 'DTTN_3G', '2020-03-10', '2020-03-10', '2020-03-10', NULL, 'DTTN'),
(534, 113, 97, '', 'DDVN_3G', '2020-03-10', '2020-03-10', '2020-03-10', NULL, 'DDVN'),
(535, 113, 99, '', 'DXLO_3G', '2020-03-10', '2020-03-10', '2020-03-10', NULL, 'DXLO'),
(536, 113, 102, '', 'DNSH_3G', '2020-03-10', '2020-03-10', '2020-03-10', NULL, 'DNSH'),
(537, 113, 106, '', 'DVDG_3G', '2020-03-10', '2020-03-10', '2020-03-10', NULL, 'DVDG'),
(538, 113, 112, '', 'DTIH_3G', '2020-03-10', '2020-03-10', '2020-03-10', NULL, 'DTIH'),
(539, 113, 121, '', 'PLKT_3G', '2020-03-10', '2020-03-10', '2020-03-10', NULL, 'PLKT'),
(540, 113, 123, '', 'P6BT_3G', '2020-03-10', '2020-03-10', '2020-03-10', NULL, 'P6BT'),
(541, 113, 125, '', 'PHBT_3G', '2020-03-10', '2020-03-10', '2020-03-10', NULL, 'PHBT'),
(542, 113, 127, '', 'PQLU_3G', '2020-03-10', '2020-03-10', '2020-03-10', NULL, 'PQLU'),
(543, 113, 131, '', 'P304_3G', '2020-03-10', '2020-03-10', '2020-03-10', NULL, 'P304'),
(544, 113, 134, '', 'PTPU_3G', '2020-03-10', '2020-03-10', '2020-03-10', NULL, 'PTPU'),
(545, 113, 141, '', 'DTHI_3G', '2020-03-10', '2020-03-10', '2020-03-10', NULL, 'DTHI'),
(546, 113, 143, '', 'DCSN_3G', '2020-03-10', '2020-03-10', '2020-03-11', NULL, 'DCSN'),
(547, 113, 145, '', 'DTNG_3G', '2020-03-10', '2020-03-10', '2020-03-10', NULL, 'DTNG'),
(548, 113, 147, '', 'DYNM_3G', '2020-03-10', '2020-03-10', '2020-03-10', NULL, 'DYNM'),
(549, 113, 149, '', 'DDSN_3G', '2020-03-10', '2020-03-10', '2020-03-10', NULL, 'DDSN'),
(550, 113, 154, '', 'DDTM_3G', '2020-03-10', '2020-03-10', '2020-03-10', NULL, 'DDTM'),
(551, 113, 157, '', 'LVT2_3G', '2020-03-10', '2020-03-10', '2020-03-10', NULL, 'LVT2'),
(552, 113, 167, '', 'LTNG_3G', '2020-03-10', '2020-03-10', '2020-03-10', NULL, 'LTNG'),
(553, 113, 169, '', 'LPDA_3G', '2020-03-10', '2020-03-10', '2020-03-10', NULL, 'LPDA'),
(554, 113, 171, '', 'LNKG_3G', '2020-03-10', '2020-03-10', '2020-03-10', NULL, 'LNKG'),
(555, 113, 173, '', 'LNCH_3G', '2020-03-10', '2020-03-10', '2020-03-10', NULL, 'LNCH'),
(556, 113, 175, '', 'LDUY_3G', '2020-03-10', '2020-03-10', '2020-03-10', NULL, 'LDUY'),
(557, 113, 177, '', 'LCOL_3G', '2020-03-10', '2020-03-10', '2020-03-10', NULL, 'LCOL'),
(558, 113, 179, '', 'LVTU_3G', '2020-03-10', '2020-03-10', '2020-03-10', NULL, 'LVTU'),
(559, 113, 181, '', 'LNBH_3G', '2020-03-10', '2020-03-10', '2020-03-10', NULL, 'LNBH'),
(560, 113, 188, '', 'LMXA_3G', '2020-03-10', '2020-03-10', '2020-03-10', NULL, 'LMXA'),
(561, 113, 201, '', 'LCL2_3G', '2020-03-10', '2020-03-10', '2020-03-10', NULL, 'LCL2'),
(562, 113, 205, '', 'LNHG_3G', '2020-03-10', '2020-03-10', '2020-03-10', NULL, 'LNHG');
INSERT INTO `thietbitram` (`ID_THIETBI`, `ID_LOAITB`, `ID_TRAM`, `TEN_MA`, `SERIAL_MAC`, `NGAYSX`, `NGAYSD`, `LANBAODUONGTRUOC`, `LANBAODUONGTIEP`, `temp`) VALUES
(563, 113, 207, '', 'LQNI_3G', '2020-03-10', '2020-03-10', '2020-03-10', NULL, 'LQNI'),
(564, 113, 209, '', 'LCKG_3G', '2020-03-10', '2020-03-10', '2020-03-10', NULL, 'LCKG'),
(565, 113, 211, '', 'LCLY_3G', '2020-03-10', '2020-03-10', '2020-03-10', NULL, 'LCLY'),
(566, 113, 213, '', 'LDLY_3G', '2020-03-10', '2020-03-10', '2020-03-10', NULL, 'LDLY'),
(567, 113, 217, '', 'LTSG_3G', '2020-03-10', '2020-03-10', '2020-03-10', NULL, 'LTSG'),
(568, 113, 219, '', 'LDL2_3G', '2020-03-10', '2020-03-10', '2020-03-10', NULL, 'LDL2'),
(569, 113, 221, '', 'LNTC_3G', '2020-03-10', '2020-03-10', '2020-03-10', NULL, 'LNTC'),
(570, 113, 238, '', 'LXKE_3G', '2020-03-10', '2020-03-10', '2020-03-10', NULL, 'LXKE'),
(571, 113, 240, '', 'LNHU_3G', '2020-03-10', '2020-03-10', '2020-03-10', NULL, 'LNHU'),
(572, 113, 242, '', 'LPPC_3G', '2020-03-10', '2020-03-10', '2020-03-12', NULL, 'LPPC'),
(573, 113, 244, '', 'LNTN_3G', '2020-03-10', '2020-03-10', '2020-03-10', NULL, 'LNTN'),
(574, 113, 246, '', 'LNTH_3G', '2020-03-10', '2020-03-10', '2020-03-10', NULL, 'LNTH'),
(575, 113, 248, '', 'LCCH_3G', '2020-03-10', '2020-03-10', '2020-03-10', NULL, 'LCCH'),
(576, 113, 250, '', 'LHHU_3G', '2020-03-10', '2020-03-10', '2020-03-10', NULL, 'LHHU'),
(577, 113, 253, '', 'LPCC_3G', '2020-03-10', '2020-03-10', '2020-03-10', NULL, 'LPCC'),
(578, 113, 258, '', 'DXCN_3G', '2020-03-10', '2020-03-10', '2020-03-10', NULL, 'DXCN'),
(579, 113, 261, '', 'DYTU_3G', '2020-03-10', '2020-03-10', '2020-03-10', NULL, 'DYTU'),
(580, 113, 263, '', 'DDDM_3G', '2020-03-10', '2020-03-10', '2020-03-10', NULL, 'DDDM'),
(581, 113, 265, '', 'DMKO_3G', '2020-03-10', '2020-03-10', '2020-03-10', NULL, 'DMKO'),
(582, 113, 267, '', 'DCNI_3G', '2020-03-10', '2020-03-10', '2020-03-10', NULL, 'DCNI'),
(583, 113, 269, '', 'DCGT_3G', '2020-03-10', '2020-03-10', '2020-03-10', NULL, 'DCGT'),
(584, 113, 271, '', 'DTVN_3G', '2020-03-10', '2020-03-10', '2020-03-10', NULL, 'DTVN'),
(585, 113, 273, '', 'DCMY_3G', '2020-03-10', '2020-03-10', '2020-03-10', NULL, 'DCMY'),
(586, 113, 275, '', 'DMBC_3G', '2020-03-10', '2020-03-10', '2020-03-10', NULL, 'DMBC'),
(587, 113, 277, '', 'DCGG_3G', '2020-03-10', '2020-03-10', '2020-03-10', NULL, 'DCGG'),
(588, 113, 279, '', 'DMNM_3G', '2020-03-10', '2020-03-10', '2020-03-10', NULL, 'DMNM'),
(589, 113, 281, '', 'DHMC_3G', '2020-03-10', '2020-03-10', '2020-03-10', NULL, 'DHMC'),
(590, 113, 284, '', 'DKCN_3G', '2020-03-10', '2020-03-10', '2020-03-10', NULL, 'DKCN'),
(591, 113, 286, '', 'DDDT_3G', '2020-03-10', '2020-03-10', '2020-03-10', NULL, 'DDDT'),
(592, 113, 301, '', 'BBLG_3G', '2020-03-10', '2020-03-10', '2020-03-10', NULL, 'BBLG'),
(593, 113, 303, '', 'BBMY_3G', '2020-03-10', '2020-03-10', '2020-03-10', NULL, 'BBMY'),
(594, 113, 305, '', 'BTXA_3G', '2020-03-10', '2020-03-10', '2020-03-10', NULL, 'BTXA'),
(595, 113, 307, '', 'BTLG_3G', '2020-03-10', '2020-03-10', '2020-03-10', NULL, 'BTLG'),
(596, 113, 310, '', 'BBTH_3G', '2020-03-10', '2020-03-10', '2020-03-10', NULL, 'BBTH'),
(597, 113, 312, '', 'BAMY_3G', '2020-03-10', '2020-03-10', '2020-03-10', NULL, 'BAMY'),
(598, 113, 314, '', 'BX2T_3G', '2020-03-10', '2020-03-10', '2020-03-10', NULL, 'BX2T'),
(599, 113, 316, '', 'BDOX_3G', '2020-03-10', '2020-03-10', '2020-03-11', NULL, 'BDOX'),
(600, 113, 325, '', 'BDDU_3G', '2020-03-10', '2020-03-10', '2020-03-10', NULL, 'BDDU'),
(601, 113, 327, '', 'BDXA_3G', '2020-03-10', '2020-03-10', '2020-03-10', NULL, 'BDXA'),
(602, 113, 329, '', 'BBNA_3G', '2020-03-10', '2020-03-10', '2020-03-10', NULL, 'BBNA'),
(603, 113, 331, '', 'BHCG_3G', '2020-03-10', '2020-03-10', '2020-03-10', NULL, 'BHCG'),
(604, 113, 333, '', 'BCSG_3G', '2020-03-10', '2020-03-10', '2020-03-10', NULL, 'BCSG'),
(605, 113, 336, '', 'BNKE_3G', '2020-03-10', '2020-03-10', '2020-03-10', NULL, 'BNKE'),
(606, 113, 339, '', 'PTBD_3G', '2020-03-10', '2020-03-10', '2020-03-10', NULL, 'PTBD'),
(607, 113, 341, '', 'PLHP_3G', '2020-03-10', '2020-03-10', '2020-03-10', NULL, 'PLHP'),
(608, 113, 343, '', 'PPV2_3G', '2020-03-10', '2020-03-10', '2020-03-10', NULL, 'PPV2'),
(609, 113, 347, '', 'PCSN_3G', '2020-03-10', '2020-03-10', '2020-03-10', NULL, 'PCSN'),
(610, 113, 349, '', 'PDNA_3G', '2020-03-10', '2020-03-10', '2020-03-10', NULL, 'PDNA'),
(611, 113, 354, '', 'PHQC_3G', '2020-03-10', '2020-03-10', '2020-03-10', NULL, 'PHQC'),
(612, 113, 358, '', 'PNHT_3G', '2020-03-10', '2020-03-10', '2020-03-10', NULL, 'PNHT'),
(613, 113, 360, '', 'PTHN_3G', '2020-03-10', '2020-03-10', '2020-03-10', NULL, 'PTHN'),
(614, 113, 373, '', 'KBLH_3G', '2020-03-10', '2020-03-10', '2020-03-10', NULL, 'KBLH'),
(615, 113, 375, '', 'KLSN_3G', '2020-03-10', '2020-03-10', '2020-03-10', NULL, 'KLSN'),
(616, 113, 377, '', 'KVXA_3G', '2020-03-10', '2020-03-10', '2020-03-10', NULL, 'KVXA'),
(617, 113, 379, '', 'KKBH_3G', '2020-03-10', '2020-03-10', '2020-03-10', NULL, 'KKBH'),
(618, 113, 381, '', 'KNSN_3G', '2020-03-10', '2020-03-10', '2020-03-10', NULL, 'KNSN'),
(619, 113, 383, '', 'KQUE_3G', '2020-03-10', '2020-03-10', '2020-03-10', NULL, 'KQUE'),
(620, 113, 386, '', 'KDHS_3G', '2020-03-10', '2020-03-10', '2020-03-10', NULL, 'KDHS'),
(621, 113, 388, '', 'KNS2_3G', '2020-03-10', '2020-03-10', '2020-03-10', NULL, 'KNS2'),
(622, 113, 390, '', 'KKT3_3G', '2020-03-10', '2020-03-10', '2020-03-10', NULL, 'KKT3'),
(623, 113, 392, '', 'KKT2_3G', '2020-03-10', '2020-03-10', '2020-03-10', NULL, 'KKT2'),
(624, 113, 405, '', 'KTLI_3G', '2020-03-10', '2020-03-10', '2020-03-10', NULL, 'KTLI'),
(625, 113, 407, '', 'KDHA_3G', '2020-03-10', '2020-03-10', '2020-03-10', NULL, 'KDHA'),
(626, 113, 409, '', 'KTLH_3G', '2020-03-10', '2020-03-10', '2020-03-10', NULL, 'KTLH'),
(627, 113, 411, '', 'KNUY_3G', '2020-03-10', '2020-03-10', '2020-03-10', NULL, 'KNUY'),
(628, 113, 413, '', 'KTSN_3G', '2020-03-10', '2020-03-10', '2020-03-10', NULL, 'KTSN'),
(629, 113, 415, '', 'KLHO_3G', '2020-03-10', '2020-03-10', '2020-03-10', NULL, 'KLHO'),
(630, 113, 418, '', 'KTTI_3G', '2020-03-10', '2020-03-10', '2020-03-10', NULL, 'KTTI'),
(631, 113, 423, '', 'KHTY_3G', '2020-03-10', '2020-03-10', '2020-03-10', NULL, 'KHTY'),
(632, 113, 425, '', 'KDCG_3G', '2020-03-10', '2020-03-10', '2020-03-10', NULL, 'KDCG'),
(633, 113, 427, '', 'KNTU_3G', '2020-03-10', '2020-03-10', '2020-03-10', NULL, 'KNTU'),
(634, 113, 429, '', 'KCSG_3G', '2020-03-10', '2020-03-10', '2020-03-10', NULL, 'KCSG'),
(635, 113, 435, '', 'TTPG_3G', '2020-03-10', '2020-03-10', '2020-03-10', NULL, 'TTPG'),
(636, 113, 439, '', 'TTBH_3G', '2020-03-10', '2020-03-10', '2020-03-10', NULL, 'TTBH'),
(637, 113, 441, '', 'TTHN_3G', '2020-03-10', '2020-03-10', '2020-03-10', NULL, 'TTHN'),
(638, 113, 443, '', 'TTTY_3G', '2020-03-10', '2020-03-10', '2020-03-10', NULL, 'TTTY'),
(639, 113, 445, '', 'TKKE_3G', '2020-03-10', '2020-03-10', '2020-03-10', NULL, 'TKKE'),
(640, 113, 447, '', 'TCGG_3G', '2020-03-10', '2020-03-10', '2020-03-10', NULL, 'TCGG'),
(641, 113, 451, '', 'TTB2_3G', '2020-03-10', '2020-03-10', '2020-03-10', NULL, 'TTB2'),
(642, 113, 457, '', 'TTLU_3G', '2020-03-10', '2020-03-10', '2020-03-11', NULL, 'TTLU'),
(643, 113, 461, '', 'TCNA_3G', '2020-03-10', '2020-03-10', '2020-03-10', NULL, 'TCNA'),
(644, 113, 464, '', 'TTNE_3G', '2020-03-10', '2020-03-10', '2020-03-10', NULL, 'TTNE'),
(645, 113, 466, '', 'TCTG_3G', '2020-03-10', '2020-03-10', '2020-03-10', NULL, 'TCTG'),
(646, 113, 468, '', 'TLTN_3G', '2020-03-10', '2020-03-10', '2020-03-10', NULL, 'TLTN'),
(647, 113, 470, '', 'TLTC_3G', '2020-03-10', '2020-03-10', '2020-03-10', NULL, 'TLTC'),
(648, 113, 475, '', 'TTNG_3G', '2020-03-10', '2020-03-10', '2020-03-10', NULL, 'TTNG'),
(649, 113, 481, '', 'TTT2_3G', '2020-03-10', '2020-03-10', '2020-03-10', NULL, 'TTT2'),
(650, 113, 483, '', 'TXMG_3G', '2020-03-10', '2020-03-10', '2020-03-10', NULL, 'TXMG'),
(651, 113, 485, '', 'TTHI_3G', '2020-03-10', '2020-03-10', '2020-03-10', NULL, 'TTHI'),
(652, 113, 487, '', 'TPCA_3G', '2020-03-10', '2020-03-10', '2020-03-10', NULL, 'TPCA'),
(653, 113, 490, '', 'TTAN_3G', '2020-03-10', '2020-03-10', '2020-03-10', NULL, 'TTAN'),
(654, 113, 492, '', 'TTNN_3G', '2020-03-10', '2020-03-10', '2020-03-10', NULL, 'TTNN'),
(655, 113, 501, '', 'BAL2_3G', '2020-03-10', '2020-03-10', '2020-03-10', NULL, 'BAL2'),
(656, 113, 503, '', 'BLSN_3G', '2020-03-10', '2020-03-10', '2020-03-10', NULL, 'BLSN'),
(657, 113, 505, '', 'BADO_3G', '2020-03-10', '2020-03-10', '2020-03-12', NULL, 'BADO'),
(658, 113, 507, '', 'BBHG_3G', '2020-03-10', '2020-03-10', '2020-03-10', NULL, 'BBHG'),
(659, 113, 509, '', 'BALO_3G', '2020-03-10', '2020-03-10', '2020-03-10', NULL, 'BALO'),
(660, 113, 512, '', 'BTIH_3G', '2020-03-10', '2020-03-10', '2020-03-10', NULL, 'BTIH'),
(661, 113, 517, '', 'KPTH_3G', '2020-03-10', '2020-03-10', '2020-03-10', NULL, 'KPTH'),
(662, 113, 519, '', 'KTLG_3G', '2020-03-10', '2020-03-10', '2020-03-10', NULL, 'KTLG'),
(663, 113, 521, '', 'KKPG_3G', '2020-03-10', '2020-03-10', '2020-03-10', NULL, 'KKPG'),
(664, 113, 523, '', 'KBS2_3G', '2020-03-10', '2020-03-10', '2020-03-10', NULL, 'KBS2'),
(665, 113, 525, '', 'KBSO_3G', '2020-03-10', '2020-03-10', '2020-03-10', NULL, 'KBSO'),
(666, 113, 528, '', 'KBS3_3G', '2020-03-10', '2020-03-10', '2020-03-10', NULL, 'KBS3'),
(667, 113, 530, '', 'KBS4_3G', '2020-03-10', '2020-03-10', '2020-03-10', NULL, 'KBS4'),
(668, 113, 539, '', 'TLPG_3G', '2020-03-10', '2020-03-10', '2020-03-10', NULL, 'TLPG'),
(669, 113, 541, '', 'TPDG_3G', '2020-03-10', '2020-03-10', '2020-03-10', NULL, 'TPDG'),
(670, 113, 544, '', 'TBTO_3G', '2020-03-10', '2020-03-10', '2020-03-10', NULL, 'TBTO'),
(671, 113, 551, '', 'BNGU_3G', '2020-03-10', '2020-03-10', '2020-03-10', NULL, 'BNGU'),
(672, 113, 555, '', 'BBCU_3G', '2020-03-10', '2020-03-10', '2020-03-10', NULL, 'BBCU'),
(673, 113, 557, '', 'BNLU_3G', '2020-03-10', '2020-03-10', '2020-03-10', NULL, 'BNLU'),
(674, 113, 559, '', 'BANH_3G', '2020-03-10', '2020-03-10', '2020-03-11', NULL, 'BANH'),
(675, 113, 561, '', 'BANI_3G', '2020-03-10', '2020-03-10', '2020-03-10', NULL, 'BANI'),
(676, 113, 563, '', 'BBDE_3G', '2020-03-10', '2020-03-10', '2020-03-10', NULL, 'BBDE'),
(677, 113, 565, '', 'BVBN_3G', '2020-03-10', '2020-03-10', '2020-03-10', NULL, 'BVBN'),
(678, 113, 568, '', 'BVB2_3G', '2020-03-10', '2020-03-10', '2020-03-10', NULL, 'BVB2'),
(679, 113, 570, '', 'BX8A_3G', '2020-03-10', '2020-03-10', '2020-03-10', NULL, 'BX8A'),
(680, 113, 581, '', 'PLET_3G', '2020-03-10', '2020-03-10', '2020-03-10', NULL, 'PLET'),
(681, 113, 583, '', 'PLTN_3G', '2020-03-10', '2020-03-10', '2020-03-10', NULL, 'PLTN'),
(682, 113, 585, '', 'PMKI_3G', '2020-03-10', '2020-03-10', '2020-03-10', NULL, 'PMKI'),
(683, 113, 587, '', 'PNTD_3G', '2020-03-10', '2020-03-10', '2020-03-10', NULL, 'PNTD'),
(684, 113, 589, '', 'PVLO_3G', '2020-03-10', '2020-03-10', '2020-03-10', NULL, 'PVLO'),
(685, 113, 591, '', 'PVKU_3G', '2020-03-10', '2020-03-10', '2020-03-10', NULL, 'PVKU'),
(686, 113, 596, '', 'PTXA_3G', '2020-03-10', '2020-03-10', '2020-03-10', NULL, 'PTXA'),
(687, 113, 605, '', 'KTSO_3G', '2020-03-10', '2020-03-10', '2020-03-10', NULL, 'KTSO'),
(688, 113, 608, '', 'KKKQ_3G', '2020-03-10', '2020-03-10', '2020-03-10', NULL, 'KKKQ'),
(689, 113, 610, '', 'KTH2_3G', '2020-03-10', '2020-03-10', '2020-03-10', NULL, 'KTH2'),
(690, 113, 615, '', 'TNKN_3G', '2020-03-10', '2020-03-10', '2020-03-10', NULL, 'TNKN'),
(691, 113, 617, '', 'TDBI_3G', '2020-03-10', '2020-03-10', '2020-03-10', NULL, 'TDBI'),
(692, 113, 619, '', 'TTTN_3G', '2020-03-10', '2020-03-10', '2020-03-10', NULL, 'TTTN'),
(693, 113, 621, '', 'TTTM_3G', '2020-03-10', '2020-03-10', '2020-03-10', NULL, 'TTTM'),
(694, 113, 623, '', 'TPTG_3G', '2020-03-10', '2020-03-10', '2020-03-10', NULL, 'TPTG'),
(695, 113, 627, '', 'PTHD_3G', '2020-03-10', '2020-03-10', '2020-03-10', NULL, 'PTHD'),
(696, 113, 631, '', 'PTCU_3G', '2020-03-10', '2020-03-10', '2020-03-10', NULL, 'PTCU'),
(697, 113, 633, '', 'PTC2_3G', '2020-03-10', '2020-03-10', '2020-03-10', NULL, 'PTC2'),
(698, 113, 635, '', 'PLCG_3G', '2020-03-10', '2020-03-10', '2020-03-10', NULL, 'PLCG'),
(699, 113, 639, '', 'PCTI_3G', '2020-03-10', '2020-03-10', '2020-03-10', NULL, 'PCTI'),
(700, 113, 651, '', 'LHLY_3G', '2020-03-10', '2020-03-10', '2020-03-10', NULL, 'LHLY'),
(701, 113, 653, '', 'LNLY_3G', '2020-03-10', '2020-03-10', '2020-03-10', NULL, 'LNLY'),
(702, 113, 655, '', 'LVLY_3G', '2020-03-10', '2020-03-10', '2020-03-10', NULL, 'LVLY'),
(703, 113, 657, '', 'LCHL_3G', '2020-03-10', '2020-03-10', '2020-03-10', NULL, 'LCHL'),
(704, 113, 25287, '', 'PVCM_3G', '2020-03-10', '2020-03-10', '2020-03-10', NULL, 'PVCM'),
(705, 113, 25300, '', 'TTN2_3G', '2020-03-10', '2020-03-10', '2020-03-10', NULL, 'TTN2'),
(706, 113, 25301, '', 'BDA2_3G', '2020-03-10', '2020-03-10', '2020-03-12', NULL, 'BDA2'),
(707, 113, 25302, '', 'BTL2_3G', '2020-03-10', '2020-03-10', '2020-03-10', NULL, 'BTL2'),
(708, 113, 25303, '', 'LX22_3G', '2020-03-10', '2020-03-10', '2020-03-10', NULL, 'LX22'),
(709, 113, 25304, '', 'KNTN_3G', '2020-03-10', '2020-03-10', '2020-03-10', NULL, 'KNTN'),
(710, 113, 25307, '', 'LX15_3G', '2020-03-10', '2020-03-10', '2020-03-10', NULL, 'LX15'),
(711, 113, 25308, '', 'BMTO_3G', '2020-03-10', '2020-03-10', '2020-03-10', NULL, 'BMTO'),
(712, 113, 25310, '', 'LCXA_3G', '2020-03-10', '2020-03-10', '2020-03-10', NULL, 'LCXA'),
(713, 113, 25313, '', 'DKC3_3G', '2020-03-10', '2020-03-10', '2020-03-10', NULL, 'DKC3'),
(714, 113, 25314, '', 'BD2T_3G', '2020-03-10', '2020-03-10', '2020-03-10', NULL, 'BD2T'),
(715, 113, 25316, '', 'KTCC_3G', '2020-03-10', '2020-03-10', '2020-03-10', NULL, 'KTCC'),
(716, 113, 25317, '', 'KBKP2_3G', '2020-03-10', '2020-03-10', '2020-03-10', NULL, 'KBKP2'),
(717, 113, 25318, '', 'KDMO_3G', '2020-03-10', '2020-03-10', '2020-03-10', NULL, 'KDMO'),
(718, 113, 25319, '', 'PX4L_3G', '2020-03-10', '2020-03-10', '2020-03-10', NULL, 'PX4L'),
(719, 113, 25320, '', 'TLTT_3G', '2020-03-10', '2020-03-10', '2020-03-10', NULL, 'TLTT'),
(720, 113, 25327, '', 'TXMT_3G', '2020-03-10', '2020-03-10', '2020-03-10', NULL, 'TXMT'),
(721, 113, 25328, '', 'LDTT_3G', '2020-03-10', '2020-03-10', '2020-03-10', NULL, 'LDTT'),
(722, 113, 25333, '', 'TDUL_3G', '2020-03-10', '2020-03-10', '2020-03-10', NULL, 'TDUL'),
(723, 113, 25342, '', 'KTVX_3G', '2020-03-10', '2020-03-10', '2020-03-10', NULL, 'KTVX'),
(724, 113, 25343, '', 'KTNS_3G', '2020-03-10', '2020-03-10', '2020-03-10', NULL, 'KTNS'),
(725, 113, 25353, '', 'DYN2_3G', '2020-03-10', '2020-03-10', '2020-03-10', NULL, 'DYN2'),
(726, 113, 25354, '', 'DPNN_3G', '2020-03-10', '2020-03-10', '2020-03-10', NULL, 'DPNN'),
(727, 113, 25355, '', 'DCCG_3G', '2020-03-10', '2020-03-10', '2020-03-10', NULL, 'DCCG'),
(728, 113, 25347, '', 'LTHV_3G', '2020-03-10', '2020-03-10', '2020-03-10', NULL, 'LTHV'),
(729, 113, 25346, '', 'LDHP_3G', '2020-03-10', '2020-03-10', '2020-03-10', NULL, 'LDHP'),
(730, 113, 25345, '', 'LHLC_3G', '2020-03-10', '2020-03-10', '2020-03-10', NULL, 'LHLC'),
(731, 113, 25344, '', 'LX3N_3G', '2020-03-10', '2020-03-10', '2020-03-10', NULL, 'LX3N'),
(732, 113, 25348, '', 'LQTV_3G', '2020-03-10', '2020-03-10', '2020-03-10', NULL, 'LQTV'),
(733, 113, 25350, '', 'TTHG_3G', '2020-03-10', '2020-03-10', '2020-03-10', NULL, 'TTHG'),
(734, 113, 25356, '', 'PTNM_3G', '2020-03-10', '2020-03-10', '2020-03-10', NULL, 'PTNM'),
(735, 113, 25357, '', 'TBVK_3G', '2020-03-10', '2020-03-10', '2020-03-10', NULL, 'TBVK'),
(736, 113, 25358, '', 'PKLH_3G', '2020-03-10', '2020-03-10', '2020-03-10', NULL, 'PKLH'),
(737, 113, 25359, '', 'PT4P_3G', '2020-03-10', '2020-03-10', '2020-03-10', NULL, 'PT4P'),
(738, 113, 12, '', 'TTBG_3G', '2020-03-10', '2020-03-10', '2020-03-10', NULL, 'TTBG'),
(739, 114, 12, '', 'PVTI_4G', '2020-03-10', '2020-03-10', '2020-03-10', NULL, 'PVTI'),
(740, 114, 18, '', 'PQTG_4G', '2020-03-10', '2020-03-10', '2020-03-10', NULL, 'PQTG'),
(741, 114, 20, '', 'PLHA_4G', '2020-03-10', '2020-03-10', '2020-03-10', NULL, 'PLHA'),
(742, 114, 22, '', 'PBDA_4G', '2020-03-10', '2020-03-10', '2020-03-10', NULL, 'PBDA'),
(743, 114, 24, '', 'PPVN_4G', '2020-03-10', '2020-03-10', '2020-03-10', NULL, 'PPVN'),
(744, 114, 29, '', 'PX6P_4G', '2020-03-10', '2020-03-10', '2020-03-10', NULL, 'PX6P'),
(745, 114, 31, '', 'PDPT_4G', '2020-03-10', '2020-03-10', '2020-03-10', NULL, 'PDPT'),
(746, 114, 33, '', 'PDCA_4G', '2020-03-10', '2020-03-10', '2020-03-10', NULL, 'PDCA'),
(747, 114, 42, '', 'PTHA_4G', '2020-03-10', '2020-03-10', '2020-03-10', NULL, 'PTHA'),
(748, 114, 46, '', 'PLMT_4G', '2020-03-10', '2020-03-10', '2020-03-10', NULL, 'PLMT'),
(749, 114, 48, '', 'PHSN_4G', '2020-03-10', '2020-03-10', '2020-03-10', NULL, 'PHSN'),
(750, 114, 53, '', 'PDAO_4G', '2020-03-10', '2020-03-10', '2020-03-10', NULL, 'PDAO'),
(751, 114, 55, '', 'PK35_4G', '2020-03-10', '2020-03-10', '2020-03-10', NULL, 'PK35'),
(752, 114, 62, '', 'DTNI_4G', '2020-03-10', '2020-03-10', '2020-03-10', NULL, 'DTNI'),
(753, 114, 64, '', 'DCLG_4G', '2020-03-10', '2020-03-10', '2020-03-10', NULL, 'DCLG'),
(754, 114, 67, '', 'DHTG_4G', '2020-03-10', '2020-03-10', '2020-03-10', NULL, 'DHTG'),
(755, 114, 77, '', 'DNTI_4G', '2020-03-10', '2020-03-10', '2020-03-10', NULL, 'DNTI'),
(756, 114, 83, '', 'DBT2_4G', '2020-03-10', '2020-03-10', '2020-03-10', NULL, 'DBT2'),
(757, 114, 85, '', 'DTCG_4G', '2020-03-10', '2020-03-10', '2020-03-10', NULL, 'DTCG'),
(758, 114, 87, '', 'DDMH_4G', '2020-03-10', '2020-03-10', '2020-03-10', NULL, 'DDMH'),
(759, 114, 89, '', 'DHDG_4G', '2020-03-10', '2020-03-10', '2020-03-10', NULL, 'DHDG'),
(760, 114, 91, '', 'DBTG_4G', '2020-03-10', '2020-03-10', '2020-03-10', NULL, 'DBTG'),
(761, 114, 93, '', 'DDHI_4G', '2020-03-10', '2020-03-10', '2020-03-10', NULL, 'DDHI'),
(762, 114, 95, '', 'DTTN_4G', '2020-03-10', '2020-03-10', '2020-03-10', NULL, 'DTTN'),
(763, 114, 97, '', 'DDVN_4G', '2020-03-10', '2020-03-10', '2020-03-10', NULL, 'DDVN'),
(764, 114, 99, '', 'DXLO_4G', '2020-03-10', '2020-03-10', '2020-03-10', NULL, 'DXLO'),
(765, 114, 102, '', 'DNSH_4G', '2020-03-10', '2020-03-10', '2020-03-10', NULL, 'DNSH'),
(766, 114, 106, '', 'DVDG_4G', '2020-03-10', '2020-03-10', '2020-03-10', NULL, 'DVDG'),
(767, 114, 112, '', 'DTIH_4G', '2020-03-10', '2020-03-10', '2020-03-10', NULL, 'DTIH'),
(768, 114, 121, '', 'PLKT_4G', '2020-03-10', '2020-03-10', '2020-03-10', NULL, 'PLKT'),
(769, 114, 123, '', 'P6BT_4G', '2020-03-10', '2020-03-10', '2020-03-10', NULL, 'P6BT'),
(770, 114, 125, '', 'PHBT_4G', '2020-03-10', '2020-03-10', '2020-03-10', NULL, 'PHBT'),
(771, 114, 127, '', 'PQLU_4G', '2020-03-10', '2020-03-10', '2020-03-10', NULL, 'PQLU'),
(772, 114, 131, '', 'P304_4G', '2020-03-10', '2020-03-10', '2020-03-10', NULL, 'P304'),
(773, 114, 134, '', 'PTPU_4G', '2020-03-10', '2020-03-10', '2020-03-10', NULL, 'PTPU'),
(774, 114, 141, '', 'DTHI_4G', '2020-03-10', '2020-03-10', '2020-03-10', NULL, 'DTHI'),
(775, 114, 143, '', 'DCSN_4G', '2020-03-10', '2020-03-10', '2020-03-11', NULL, 'DCSN'),
(776, 114, 145, '', 'DTNG_4G', '2020-03-10', '2020-03-10', '2020-03-10', NULL, 'DTNG'),
(777, 114, 147, '', 'DYNM_4G', '2020-03-10', '2020-03-10', '2020-03-10', NULL, 'DYNM'),
(778, 114, 149, '', 'DDSN_4G', '2020-03-10', '2020-03-10', '2020-03-10', NULL, 'DDSN'),
(779, 114, 157, '', 'LVT2_4G', '2020-03-10', '2020-03-10', '2020-03-10', NULL, 'LVT2'),
(780, 114, 167, '', 'LTNG_4G', '2020-03-10', '2020-03-10', '2020-03-10', NULL, 'LTNG'),
(781, 114, 169, '', 'LPDA_4G', '2020-03-10', '2020-03-10', '2020-03-10', NULL, 'LPDA'),
(782, 114, 171, '', 'LNKG_4G', '2020-03-10', '2020-03-10', '2020-03-10', NULL, 'LNKG'),
(783, 114, 173, '', 'LNCH_4G', '2020-03-10', '2020-03-10', '2020-03-10', NULL, 'LNCH'),
(784, 114, 175, '', 'LDUY_4G', '2020-03-10', '2020-03-10', '2020-03-10', NULL, 'LDUY'),
(785, 114, 177, '', 'LCOL_4G', '2020-03-10', '2020-03-10', '2020-03-10', NULL, 'LCOL'),
(786, 114, 179, '', 'LVTU_4G', '2020-03-10', '2020-03-10', '2020-03-10', NULL, 'LVTU'),
(787, 114, 181, '', 'LNBH_4G', '2020-03-10', '2020-03-10', '2020-03-10', NULL, 'LNBH'),
(788, 114, 188, '', 'LMXA_4G', '2020-03-10', '2020-03-10', '2020-03-10', NULL, 'LMXA'),
(789, 114, 201, '', 'LCL2_4G', '2020-03-10', '2020-03-10', '2020-03-10', NULL, 'LCL2'),
(790, 114, 205, '', 'LNHG_4G', '2020-03-10', '2020-03-10', '2020-03-10', NULL, 'LNHG'),
(791, 114, 207, '', 'LQNI_4G', '2020-03-10', '2020-03-10', '2020-03-10', NULL, 'LQNI'),
(792, 114, 209, '', 'LCKG_4G', '2020-03-10', '2020-03-10', '2020-03-10', NULL, 'LCKG'),
(793, 114, 211, '', 'LCLY_4G', '2020-03-10', '2020-03-10', '2020-03-10', NULL, 'LCLY'),
(794, 114, 213, '', 'LDLY_4G', '2020-03-10', '2020-03-10', '2020-03-10', NULL, 'LDLY'),
(795, 114, 217, '', 'LTSG_4G', '2020-03-10', '2020-03-10', '2020-03-10', NULL, 'LTSG'),
(796, 114, 219, '', 'LDL2_4G', '2020-03-10', '2020-03-10', '2020-03-10', NULL, 'LDL2'),
(797, 114, 221, '', 'LNTC_4G', '2020-03-10', '2020-03-10', '2020-03-10', NULL, 'LNTC'),
(798, 114, 238, '', 'LXKE_4G', '2020-03-10', '2020-03-10', '2020-03-10', NULL, 'LXKE'),
(799, 114, 240, '', 'LNHU_4G', '2020-03-10', '2020-03-10', '2020-03-10', NULL, 'LNHU'),
(800, 114, 242, '', 'LPPC_4G', '2020-03-10', '2020-03-10', '2020-03-12', NULL, 'LPPC'),
(801, 114, 244, '', 'LNTN_4G', '2020-03-10', '2020-03-10', '2020-03-10', NULL, 'LNTN'),
(802, 114, 246, '', 'LNTH_4G', '2020-03-10', '2020-03-10', '2020-03-10', NULL, 'LNTH'),
(803, 114, 248, '', 'LCCH_4G', '2020-03-10', '2020-03-10', '2020-03-10', NULL, 'LCCH'),
(804, 114, 250, '', 'LHHU_4G', '2020-03-10', '2020-03-10', '2020-03-10', NULL, 'LHHU'),
(805, 114, 253, '', 'LPCC_4G', '2020-03-10', '2020-03-10', '2020-03-10', NULL, 'LPCC'),
(806, 114, 258, '', 'DXCN_4G', '2020-03-10', '2020-03-10', '2020-03-10', NULL, 'DXCN'),
(807, 114, 261, '', 'DYTU_4G', '2020-03-10', '2020-03-10', '2020-03-10', NULL, 'DYTU'),
(808, 114, 265, '', 'DMKO_4G', '2020-03-10', '2020-03-10', '2020-03-12', NULL, 'DMKO'),
(809, 114, 267, '', 'DCNI_4G', '2020-03-10', '2020-03-10', '2020-03-10', NULL, 'DCNI'),
(810, 114, 269, '', 'DCGT_4G', '2020-03-10', '2020-03-10', '2020-03-10', NULL, 'DCGT'),
(811, 114, 271, '', 'DTVN_4G', '2020-03-10', '2020-03-10', '2020-03-10', NULL, 'DTVN'),
(812, 114, 273, '', 'DCMY_4G', '2020-03-10', '2020-03-10', '2020-03-10', NULL, 'DCMY'),
(813, 114, 275, '', 'DMBC_4G', '2020-03-10', '2020-03-10', '2020-03-10', NULL, 'DMBC'),
(814, 114, 277, '', 'DCGG_4G', '2020-03-10', '2020-03-10', '2020-03-10', NULL, 'DCGG'),
(815, 114, 279, '', 'DMNM_4G', '2020-03-10', '2020-03-10', '2020-03-10', NULL, 'DMNM'),
(816, 114, 281, '', 'DHMC_4G', '2020-03-10', '2020-03-10', '2020-03-10', NULL, 'DHMC'),
(817, 114, 284, '', 'DKCN_4G', '2020-03-10', '2020-03-10', '2020-03-10', NULL, 'DKCN'),
(818, 114, 286, '', 'DDDT_4G', '2020-03-10', '2020-03-10', '2020-03-10', NULL, 'DDDT'),
(819, 114, 301, '', 'BBLG_4G', '2020-03-10', '2020-03-10', '2020-03-10', NULL, 'BBLG'),
(820, 114, 303, '', 'BBMY_4G', '2020-03-10', '2020-03-10', '2020-03-10', NULL, 'BBMY'),
(821, 114, 305, '', 'BTXA_4G', '2020-03-10', '2020-03-10', '2020-03-10', NULL, 'BTXA'),
(822, 114, 307, '', 'BTLG_4G', '2020-03-10', '2020-03-10', '2020-03-10', NULL, 'BTLG'),
(823, 114, 310, '', 'BBTH_4G', '2020-03-10', '2020-03-10', '2020-03-10', NULL, 'BBTH'),
(824, 114, 312, '', 'BAMY_4G', '2020-03-10', '2020-03-10', '2020-03-10', NULL, 'BAMY'),
(825, 114, 314, '', 'BX2T_4G', '2020-03-10', '2020-03-10', '2020-03-10', NULL, 'BX2T'),
(826, 114, 316, '', 'BDOX_4G', '2020-03-10', '2020-03-10', '2020-03-11', NULL, 'BDOX'),
(827, 114, 325, '', 'BDDU_4G', '2020-03-10', '2020-03-10', '2020-03-10', NULL, 'BDDU'),
(828, 114, 327, '', 'BDXA_4G', '2020-03-10', '2020-03-10', '2020-03-10', NULL, 'BDXA'),
(829, 114, 329, '', 'BBNA_4G', '2020-03-10', '2020-03-10', '2020-03-10', NULL, 'BBNA'),
(830, 114, 331, '', 'BHCG_4G', '2020-03-10', '2020-03-10', '2020-03-10', NULL, 'BHCG'),
(831, 114, 333, '', 'BCSG_4G', '2020-03-10', '2020-03-10', '2020-03-10', NULL, 'BCSG'),
(832, 114, 336, '', 'BNKE_4G', '2020-03-10', '2020-03-10', '2020-03-10', NULL, 'BNKE'),
(833, 114, 339, '', 'PTBD_4G', '2020-03-10', '2020-03-10', '2020-03-10', NULL, 'PTBD'),
(834, 114, 341, '', 'PLHP_4G', '2020-03-10', '2020-03-10', '2020-03-10', NULL, 'PLHP'),
(835, 114, 343, '', 'PPV2_4G', '2020-03-10', '2020-03-10', '2020-03-10', NULL, 'PPV2'),
(836, 114, 347, '', 'PCSN_4G', '2020-03-10', '2020-03-10', '2020-03-10', NULL, 'PCSN'),
(837, 114, 349, '', 'PDNA_4G', '2020-03-10', '2020-03-10', '2020-03-10', NULL, 'PDNA'),
(838, 114, 354, '', 'PHQC_4G', '2020-03-10', '2020-03-10', '2020-03-10', NULL, 'PHQC'),
(839, 114, 358, '', 'PNHT_4G', '2020-03-10', '2020-03-10', '2020-03-10', NULL, 'PNHT'),
(840, 114, 360, '', 'PTHN_4G', '2020-03-10', '2020-03-10', '2020-03-10', NULL, 'PTHN'),
(841, 114, 373, '', 'KBLH_4G', '2020-03-10', '2020-03-10', '2020-03-10', NULL, 'KBLH'),
(842, 114, 375, '', 'KLSN_4G', '2020-03-10', '2020-03-10', '2020-03-10', NULL, 'KLSN'),
(843, 114, 377, '', 'KVXA_4G', '2020-03-10', '2020-03-10', '2020-03-10', NULL, 'KVXA'),
(844, 114, 379, '', 'KKBH_4G', '2020-03-10', '2020-03-10', '2020-03-10', NULL, 'KKBH'),
(845, 114, 381, '', 'KNSN_4G', '2020-03-10', '2020-03-10', '2020-03-10', NULL, 'KNSN'),
(846, 114, 383, '', 'KQUE_4G', '2020-03-10', '2020-03-10', '2020-03-10', NULL, 'KQUE'),
(847, 114, 388, '', 'KNS2_4G', '2020-03-10', '2020-03-10', '2020-03-10', NULL, 'KNS2'),
(848, 114, 390, '', 'KKT3_4G', '2020-03-10', '2020-03-10', '2020-03-10', NULL, 'KKT3'),
(849, 114, 392, '', 'KKT2_4G', '2020-03-10', '2020-03-10', '2020-03-10', NULL, 'KKT2'),
(850, 114, 405, '', 'KTLI_4G', '2020-03-10', '2020-03-10', '2020-03-10', NULL, 'KTLI'),
(851, 114, 407, '', 'KDHA_4G', '2020-03-10', '2020-03-10', '2020-03-10', NULL, 'KDHA'),
(852, 114, 409, '', 'KTLH_4G', '2020-03-10', '2020-03-10', '2020-03-10', NULL, 'KTLH'),
(853, 114, 411, '', 'KNUY_4G', '2020-03-10', '2020-03-10', '2020-03-10', NULL, 'KNUY'),
(854, 114, 413, '', 'KTSN_4G', '2020-03-10', '2020-03-10', '2020-03-10', NULL, 'KTSN'),
(855, 114, 415, '', 'KLHO_4G', '2020-03-10', '2020-03-10', '2020-03-10', NULL, 'KLHO'),
(856, 114, 423, '', 'KHTY_4G', '2020-03-10', '2020-03-10', '2020-03-10', NULL, 'KHTY'),
(857, 114, 425, '', 'KDCG_4G', '2020-03-10', '2020-03-10', '2020-03-10', NULL, 'KDCG'),
(858, 114, 427, '', 'KNTU_4G', '2020-03-10', '2020-03-10', '2020-03-10', NULL, 'KNTU'),
(859, 114, 429, '', 'KCSG_4G', '2020-03-10', '2020-03-10', '2020-03-10', NULL, 'KCSG'),
(860, 114, 435, '', 'TTPG_4G', '2020-03-10', '2020-03-10', '2020-03-10', NULL, 'TTPG'),
(861, 114, 439, '', 'TTBH_4G', '2020-03-10', '2020-03-10', '2020-03-10', NULL, 'TTBH'),
(862, 114, 441, '', 'TTHN_4G', '2020-03-10', '2020-03-10', '2020-03-10', NULL, 'TTHN'),
(863, 114, 443, '', 'TTTY_4G', '2020-03-10', '2020-03-10', '2020-03-10', NULL, 'TTTY'),
(864, 114, 445, '', 'TKKE_4G', '2020-03-10', '2020-03-10', '2020-03-10', NULL, 'TKKE'),
(865, 114, 447, '', 'TCGG_4G', '2020-03-10', '2020-03-10', '2020-03-10', NULL, 'TCGG'),
(866, 114, 451, '', 'TTB2_4G', '2020-03-10', '2020-03-10', '2020-03-10', NULL, 'TTB2'),
(867, 114, 457, '', 'TTLU_4G', '2020-03-10', '2020-03-10', '2020-03-11', NULL, 'TTLU'),
(868, 114, 461, '', 'TCNA_4G', '2020-03-10', '2020-03-10', '2020-03-10', NULL, 'TCNA'),
(869, 114, 464, '', 'TTNE_4G', '2020-03-10', '2020-03-10', '2020-03-10', NULL, 'TTNE'),
(870, 114, 466, '', 'TCTG_4G', '2020-03-10', '2020-03-10', '2020-03-10', NULL, 'TCTG'),
(871, 114, 468, '', 'TLTN_4G', '2020-03-10', '2020-03-10', '2020-03-10', NULL, 'TLTN'),
(872, 114, 470, '', 'TLTC_4G', '2020-03-10', '2020-03-10', '2020-03-10', NULL, 'TLTC'),
(873, 114, 475, '', 'TTNG_4G', '2020-03-10', '2020-03-10', '2020-03-10', NULL, 'TTNG'),
(874, 114, 481, '', 'TTT2_4G', '2020-03-10', '2020-03-10', '2020-03-10', NULL, 'TTT2'),
(875, 114, 483, '', 'TXMG_4G', '2020-03-10', '2020-03-10', '2020-03-10', NULL, 'TXMG'),
(876, 114, 485, '', 'TTHI_4G', '2020-03-10', '2020-03-10', '2020-03-10', NULL, 'TTHI'),
(877, 114, 487, '', 'TPCA_4G', '2020-03-10', '2020-03-10', '2020-03-10', NULL, 'TPCA'),
(878, 114, 490, '', 'TTAN_4G', '2020-03-10', '2020-03-10', '2020-03-10', NULL, 'TTAN'),
(879, 114, 492, '', 'TTNN_4G', '2020-03-10', '2020-03-10', '2020-03-10', NULL, 'TTNN'),
(880, 114, 501, '', 'BAL2_4G', '2020-03-10', '2020-03-10', '2020-03-10', NULL, 'BAL2'),
(881, 114, 503, '', 'BLSN_4G', '2020-03-10', '2020-03-10', '2020-03-10', NULL, 'BLSN'),
(882, 114, 505, '', 'BADO_4G', '2020-03-10', '2020-03-10', '2020-03-12', NULL, 'BADO'),
(883, 114, 507, '', 'BBHG_4G', '2020-03-10', '2020-03-10', '2020-03-10', NULL, 'BBHG'),
(884, 114, 509, '', 'BALO_4G', '2020-03-10', '2020-03-10', '2020-03-10', NULL, 'BALO'),
(885, 114, 512, '', 'BTIH_4G', '2020-03-10', '2020-03-10', '2020-03-10', NULL, 'BTIH'),
(886, 114, 517, '', 'KPTH_4G', '2020-03-10', '2020-03-10', '2020-03-10', NULL, 'KPTH'),
(887, 114, 519, '', 'KTLG_4G', '2020-03-10', '2020-03-10', '2020-03-10', NULL, 'KTLG'),
(888, 114, 521, '', 'KKPG_4G', '2020-03-10', '2020-03-10', '2020-03-10', NULL, 'KKPG'),
(889, 114, 523, '', 'KBS2_4G', '2020-03-10', '2020-03-10', '2020-03-10', NULL, 'KBS2'),
(890, 114, 525, '', 'KBSO_4G', '2020-03-10', '2020-03-10', '2020-03-10', NULL, 'KBSO'),
(891, 114, 530, '', 'KBS4_4G', '2020-03-10', '2020-03-10', '2020-03-10', NULL, 'KBS4'),
(892, 114, 539, '', 'TLPG_4G', '2020-03-10', '2020-03-10', '2020-03-10', NULL, 'TLPG'),
(893, 114, 541, '', 'TPDG_4G', '2020-03-10', '2020-03-10', '2020-03-10', NULL, 'TPDG'),
(894, 114, 544, '', 'TBTO_4G', '2020-03-10', '2020-03-10', '2020-03-10', NULL, 'TBTO'),
(895, 114, 551, '', 'BNGU_4G', '2020-03-10', '2020-03-10', '2020-03-10', NULL, 'BNGU'),
(896, 114, 555, '', 'BBCU_4G', '2020-03-10', '2020-03-10', '2020-03-10', NULL, 'BBCU'),
(897, 114, 557, '', 'BNLU_4G', '2020-03-10', '2020-03-10', '2020-03-10', NULL, 'BNLU'),
(898, 114, 559, '', 'BANH_4G', '2020-03-10', '2020-03-10', '2020-03-11', NULL, 'BANH'),
(899, 114, 561, '', 'BANI_4G', '2020-03-10', '2020-03-10', '2020-03-10', NULL, 'BANI'),
(900, 114, 563, '', 'BBDE_4G', '2020-03-10', '2020-03-10', '2020-03-10', NULL, 'BBDE'),
(901, 114, 565, '', 'BVBN_4G', '2020-03-10', '2020-03-10', '2020-03-10', NULL, 'BVBN'),
(902, 114, 568, '', 'BVB2_4G', '2020-03-10', '2020-03-10', '2020-03-10', NULL, 'BVB2'),
(903, 114, 570, '', 'BX8A_4G', '2020-03-10', '2020-03-10', '2020-03-10', NULL, 'BX8A'),
(904, 114, 581, '', 'PLET_4G', '2020-03-10', '2020-03-10', '2020-03-10', NULL, 'PLET'),
(905, 114, 583, '', 'PLTN_4G', '2020-03-10', '2020-03-10', '2020-03-10', NULL, 'PLTN'),
(906, 114, 585, '', 'PMKI_4G', '2020-03-10', '2020-03-10', '2020-03-10', NULL, 'PMKI'),
(907, 114, 587, '', 'PNTD_4G', '2020-03-10', '2020-03-10', '2020-03-10', NULL, 'PNTD'),
(908, 114, 589, '', 'PVLO_4G', '2020-03-10', '2020-03-10', '2020-03-10', NULL, 'PVLO'),
(909, 114, 591, '', 'PVKU_4G', '2020-03-10', '2020-03-10', '2020-03-10', NULL, 'PVKU'),
(910, 114, 596, '', 'PTXA_4G', '2020-03-10', '2020-03-10', '2020-03-10', NULL, 'PTXA'),
(911, 114, 605, '', 'KTSO_4G', '2020-03-10', '2020-03-10', '2020-03-10', NULL, 'KTSO'),
(912, 114, 608, '', 'KKKQ_4G', '2020-03-10', '2020-03-10', '2020-03-10', NULL, 'KKKQ'),
(913, 114, 610, '', 'KTH2_4G', '2020-03-10', '2020-03-10', '2020-03-10', NULL, 'KTH2'),
(914, 114, 615, '', 'TNKN_4G', '2020-03-10', '2020-03-10', '2020-03-10', NULL, 'TNKN'),
(915, 114, 617, '', 'TDBI_4G', '2020-03-10', '2020-03-10', '2020-03-10', NULL, 'TDBI'),
(916, 114, 619, '', 'TTTN_4G', '2020-03-10', '2020-03-10', '2020-03-10', NULL, 'TTTN'),
(917, 114, 621, '', 'TTTM_4G', '2020-03-10', '2020-03-10', '2020-03-10', NULL, 'TTTM'),
(918, 114, 623, '', 'TPTG_4G', '2020-03-10', '2020-03-10', '2020-03-10', NULL, 'TPTG'),
(919, 114, 627, '', 'PTHD_4G', '2020-03-10', '2020-03-10', '2020-03-10', NULL, 'PTHD'),
(920, 114, 631, '', 'PTCU_4G', '2020-03-10', '2020-03-10', '2020-03-10', NULL, 'PTCU'),
(921, 114, 633, '', 'PTC2_4G', '2020-03-10', '2020-03-10', '2020-03-10', NULL, 'PTC2'),
(922, 114, 635, '', 'PLCG_4G', '2020-03-10', '2020-03-10', '2020-03-10', NULL, 'PLCG'),
(923, 114, 639, '', 'PCTI_4G', '2020-03-10', '2020-03-10', '2020-03-10', NULL, 'PCTI'),
(924, 114, 651, '', 'LHLY_4G', '2020-03-10', '2020-03-10', '2020-03-10', NULL, 'LHLY'),
(925, 114, 653, '', 'LNLY_4G', '2020-03-10', '2020-03-10', '2020-03-10', NULL, 'LNLY'),
(926, 114, 655, '', 'LVLY_4G', '2020-03-10', '2020-03-10', '2020-03-10', NULL, 'LVLY'),
(927, 114, 657, '', 'LCHL_4G', '2020-03-10', '2020-03-10', '2020-03-10', NULL, 'LCHL'),
(928, 114, 25300, '', 'TTN2_4G', '2020-03-10', '2020-03-10', '2020-03-10', NULL, 'TTN2'),
(929, 114, 25301, '', 'BDA2_4G', '2020-03-10', '2020-03-10', '2020-03-12', NULL, 'BDA2'),
(930, 114, 25302, '', 'BTL2_4G', '2020-03-10', '2020-03-10', '2020-03-10', NULL, 'BTL2'),
(931, 114, 25303, '', 'LX22_4G', '2020-03-10', '2020-03-10', '2020-03-10', NULL, 'LX22'),
(932, 114, 25304, '', 'KNTN_4G', '2020-03-10', '2020-03-10', '2020-03-10', NULL, 'KNTN'),
(933, 114, 25307, '', 'LX15_4G', '2020-03-10', '2020-03-10', '2020-03-10', NULL, 'LX15'),
(934, 114, 25308, '', 'BMTO_4G', '2020-03-10', '2020-03-10', '2020-03-10', NULL, 'BMTO'),
(935, 114, 25310, '', 'LCXA_4G', '2020-03-10', '2020-03-10', '2020-03-10', NULL, 'LCXA'),
(936, 114, 25313, '', 'DKC3_4G', '2020-03-10', '2020-03-10', '2020-03-10', NULL, 'DKC3'),
(937, 114, 25314, '', 'BD2T_4G', '2020-03-10', '2020-03-10', '2020-03-10', NULL, 'BD2T'),
(938, 114, 25316, '', 'KTCC_4G', '2020-03-10', '2020-03-10', '2020-03-10', NULL, 'KTCC'),
(939, 114, 25317, '', 'KBKP2_4G', '2020-03-10', '2020-03-10', '2020-03-10', NULL, 'KBKP2'),
(940, 114, 25319, '', 'PX4L_4G', '2020-03-10', '2020-03-10', '2020-03-10', NULL, 'PX4L'),
(941, 114, 25320, '', 'TLTT_4G', '2020-03-10', '2020-03-10', '2020-03-10', NULL, 'TLTT'),
(942, 114, 25327, '', 'TXMT_4G', '2020-03-10', '2020-03-10', '2020-03-10', NULL, 'TXMT'),
(943, 114, 25328, '', 'LDTT_4G', '2020-03-10', '2020-03-10', '2020-03-10', NULL, 'LDTT'),
(944, 114, 25333, '', 'TDUL_4G', '2020-03-10', '2020-03-10', '2020-03-10', NULL, 'TDUL'),
(945, 114, 25353, '', 'DYN2_4G', '2020-03-10', '2020-03-10', '2020-03-10', NULL, 'DYN2'),
(946, 114, 25354, '', 'DPNN_4G', '2020-03-10', '2020-03-10', '2020-03-10', NULL, 'DPNN'),
(947, 114, 25347, '', 'LTHV_4G', '2020-03-10', '2020-03-10', '2020-03-10', NULL, 'LTHV'),
(948, 114, 25344, '', 'LX3N_4G', '2020-03-10', '2020-03-10', '2020-03-10', NULL, 'LX3N'),
(949, 114, 25356, '', 'PTNM_4G', '2020-03-10', '2020-03-10', '2020-03-10', NULL, 'PTNM'),
(950, 114, 25357, '', 'TBVK_4G', '2020-03-10', '2020-03-10', '2020-03-10', NULL, 'TBVK'),
(951, 114, 25358, '', 'PKLH_4G', '2020-03-10', '2020-03-10', '2020-03-10', NULL, 'PKLH'),
(952, 114, 25359, '', 'PT4P_4G', '2020-03-10', '2020-03-10', '2020-03-10', NULL, 'PT4P'),
(953, 114, 12, '', 'TTBG_4G', '2020-03-10', '2020-03-10', '2020-03-10', NULL, 'TTBG'),
(954, 10, 20, '', 'PLHA_GPON', '2020-03-10', '2020-03-10', '2020-03-10', NULL, 'PLHA'),
(955, 10, 22, '', 'PBDA_GPON', '2020-03-10', '2020-03-10', '2020-03-10', NULL, 'PBDA'),
(956, 10, 24, '', 'PPVN_GPON', '2020-03-10', '2020-03-10', '2020-03-10', NULL, 'PPVN'),
(957, 10, 40, '', 'PHPT_GPON', '2020-03-10', '2020-03-10', '2020-03-10', NULL, 'PHPT'),
(958, 10, 46, '', 'PLMT_GPON', '2020-03-10', '2020-03-10', '2020-03-10', NULL, 'PLMT'),
(959, 10, 64, '', 'DCLG_GPON', '2020-03-10', '2020-03-10', '2020-03-10', NULL, 'DCLG'),
(960, 10, 67, '', 'DHTG_GPON', '2020-03-10', '2020-03-10', '2020-03-10', NULL, 'DHTG'),
(961, 10, 89, '', 'DHDG_GPON', '2020-03-10', '2020-03-10', '2020-03-10', NULL, 'DHDG'),
(962, 10, 91, '', 'DBTG_GPON', '2020-03-10', '2020-03-10', '2020-03-10', NULL, 'DBTG'),
(963, 10, 93, '', 'DDHI_GPON', '2020-03-10', '2020-03-10', '2020-03-10', NULL, 'DDHI'),
(964, 10, 95, '', 'DTTN_GPON', '2020-03-10', '2020-03-10', '2020-03-10', NULL, 'DTTN'),
(965, 10, 97, '', 'DDVN_GPON', '2020-03-10', '2020-03-10', '2020-03-10', NULL, 'DDVN'),
(966, 10, 123, '', 'P6BT_GPON', '2020-03-10', '2020-03-10', '2020-03-10', NULL, 'P6BT'),
(967, 10, 127, '', 'PQLU_GPON', '2020-03-10', '2020-03-10', '2020-03-10', NULL, 'PQLU'),
(968, 10, 134, '', 'PTPU_GPON', '2020-03-10', '2020-03-10', '2020-03-10', NULL, 'PTPU'),
(969, 10, 141, '', 'DTHI_GPON', '2020-03-10', '2020-03-10', '2020-03-10', NULL, 'DTHI'),
(970, 10, 145, '', 'DTNG_GPON', '2020-03-10', '2020-03-10', '2020-03-10', NULL, 'DTNG'),
(971, 10, 147, '', 'DYNM_GPON', '2020-03-10', '2020-03-10', '2020-03-10', NULL, 'DYNM'),
(972, 10, 149, '', 'DDSN_GPON', '2020-03-10', '2020-03-10', '2020-03-10', NULL, 'DDSN'),
(973, 10, 173, '', 'LNCH_GPON', '2020-03-10', '2020-03-10', '2020-03-10', NULL, 'LNCH'),
(974, 10, 177, '', 'LCOL_GPON', '2020-03-10', '2020-03-10', '2020-03-10', NULL, 'LCOL'),
(975, 10, 179, '', 'LVTU_GPON', '2020-03-10', '2020-03-10', '2020-03-10', NULL, 'LVTU'),
(976, 10, 181, '', 'LNBH_GPON', '2020-03-10', '2020-03-10', '2020-03-10', NULL, 'LNBH'),
(977, 10, 205, '', 'LNHG_GPON', '2020-03-10', '2020-03-10', '2020-03-10', NULL, 'LNHG'),
(978, 10, 209, '', 'LCKG_GPON', '2020-03-10', '2020-03-10', '2020-03-10', NULL, 'LCKG'),
(979, 10, 211, '', 'LCLY_GPON', '2020-03-10', '2020-03-10', '2020-03-10', NULL, 'LCLY'),
(980, 10, 213, '', 'LDLY_GPON', '2020-03-10', '2020-03-10', '2020-03-10', NULL, 'LDLY'),
(981, 10, 242, '', 'LPPC_GPON', '2020-03-10', '2020-03-10', '2020-03-10', NULL, 'LPPC'),
(982, 10, 244, '', 'LNTN_GPON', '2020-03-10', '2020-03-10', '2020-03-10', NULL, 'LNTN'),
(983, 10, 246, '', 'LNTH_GPON', '2020-03-10', '2020-03-10', '2020-03-10', NULL, 'LNTH'),
(984, 10, 248, '', 'LCCH_GPON', '2020-03-10', '2020-03-10', '2020-03-10', NULL, 'LCCH'),
(985, 10, 250, '', 'LHHU_GPON', '2020-03-10', '2020-03-10', '2020-03-10', NULL, 'LHHU'),
(986, 10, 267, '', 'DCNI_GPON', '2020-03-10', '2020-03-10', '2020-03-10', NULL, 'DCNI'),
(987, 10, 269, '', 'DCGT_GPON', '2020-03-10', '2020-03-10', '2020-03-10', NULL, 'DCGT'),
(988, 10, 271, '', 'DTVN_GPON', '2020-03-10', '2020-03-10', '2020-03-10', NULL, 'DTVN'),
(989, 10, 277, '', 'DCGG_GPON', '2020-03-10', '2020-03-10', '2020-03-10', NULL, 'DCGG'),
(990, 10, 279, '', 'DMNM_GPON', '2020-03-10', '2020-03-10', '2020-03-10', NULL, 'DMNM'),
(991, 10, 281, '', 'DHMC_GPON', '2020-03-10', '2020-03-10', '2020-03-10', NULL, 'DHMC'),
(992, 10, 303, '', 'BBMY_GPON', '2020-03-10', '2020-03-10', '2020-03-10', NULL, 'BBMY'),
(993, 10, 305, '', 'BTXA_GPON', '2020-03-10', '2020-03-10', '2020-03-10', NULL, 'BTXA'),
(994, 10, 307, '', 'BTLG_GPON', '2020-03-10', '2020-03-10', '2020-03-10', NULL, 'BTLG'),
(995, 10, 327, '', 'BDXA_GPON', '2020-03-10', '2020-03-10', '2020-03-10', NULL, 'BDXA'),
(996, 10, 329, '', 'BBNA_GPON', '2020-03-10', '2020-03-10', '2020-03-10', NULL, 'BBNA'),
(997, 10, 331, '', 'BHCG_GPON', '2020-03-10', '2020-03-10', '2020-03-10', NULL, 'BHCG'),
(998, 10, 333, '', 'BCSG_GPON', '2020-03-10', '2020-03-10', '2020-03-10', NULL, 'BCSG'),
(999, 10, 341, '', 'PLHP_GPON', '2020-03-10', '2020-03-10', '2020-03-10', NULL, 'PLHP'),
(1000, 10, 347, '', 'PCSN_GPON', '2020-03-10', '2020-03-10', '2020-03-10', NULL, 'PCSN'),
(1001, 10, 375, '', 'KLSN_GPON', '2020-03-10', '2020-03-10', '2020-03-10', NULL, 'KLSN'),
(1002, 10, 377, '', 'KVXA_GPON', '2020-03-10', '2020-03-10', '2020-03-10', NULL, 'KVXA'),
(1003, 10, 379, '', 'KKBH_GPON', '2020-03-10', '2020-03-10', '2020-03-10', NULL, 'KKBH'),
(1004, 10, 383, '', 'KQUE_GPON', '2020-03-10', '2020-03-10', '2020-03-10', NULL, 'KQUE'),
(1005, 10, 405, '', 'KTLI_GPON', '2020-03-10', '2020-03-10', '2020-03-10', NULL, 'KTLI'),
(1006, 10, 407, '', 'KDHA_GPON', '2020-03-10', '2020-03-10', '2020-03-10', NULL, 'KDHA'),
(1007, 10, 409, '', 'KTLH_GPON', '2020-03-10', '2020-03-10', '2020-03-10', NULL, 'KTLH'),
(1008, 10, 413, '', 'KTSN_GPON', '2020-03-10', '2020-03-10', '2020-03-10', NULL, 'KTSN'),
(1009, 10, 415, '', 'KLHO_GPON', '2020-03-10', '2020-03-10', '2020-03-10', NULL, 'KLHO'),
(1010, 10, 425, '', 'KDCG_GPON', '2020-03-10', '2020-03-10', '2020-03-10', NULL, 'KDCG'),
(1011, 10, 429, '', 'KCSG_GPON', '2020-03-10', '2020-03-10', '2020-03-10', NULL, 'KCSG'),
(1012, 10, 435, '', 'TTPG_GPON', '2020-03-10', '2020-03-10', '2020-03-10', NULL, 'TTPG'),
(1013, 10, 445, '', 'TKKE_GPON', '2020-03-10', '2020-03-10', '2020-03-10', NULL, 'TKKE'),
(1014, 10, 447, '', 'TCGG_GPON', '2020-03-10', '2020-03-10', '2020-03-10', NULL, 'TCGG'),
(1015, 10, 459, '', 'TLSN_GPON', '2020-03-10', '2020-03-10', '2020-03-10', NULL, 'TLSN'),
(1016, 10, 461, '', 'TCNA_GPON', '2020-03-10', '2020-03-10', '2020-03-10', NULL, 'TCNA'),
(1017, 10, 481, '', 'TTT2_GPON', '2020-03-10', '2020-03-10', '2020-03-10', NULL, 'TTT2'),
(1018, 10, 483, '', 'TXMG_GPON', '2020-03-10', '2020-03-10', '2020-03-10', NULL, 'TXMG'),
(1019, 10, 485, '', 'TTHI_GPON', '2020-03-10', '2020-03-10', '2020-03-10', NULL, 'TTHI'),
(1020, 10, 487, '', 'TPCA_GPON', '2020-03-10', '2020-03-10', '2020-03-10', NULL, 'TPCA'),
(1021, 10, 507, '', 'BBHG_GPON', '2020-03-10', '2020-03-10', '2020-03-10', NULL, 'BBHG'),
(1022, 10, 509, '', 'BALO_GPON', '2020-03-10', '2020-03-10', '2020-03-10', NULL, 'BALO'),
(1023, 10, 521, '', 'KKPG_GPON', '2020-03-10', '2020-03-10', '2020-03-10', NULL, 'KKPG'),
(1024, 10, 525, '', 'KBSO_GPON', '2020-03-10', '2020-03-10', '2020-03-10', NULL, 'KBSO'),
(1025, 10, 541, '', 'TPDG_GPON', '2020-03-10', '2020-03-10', '2020-03-10', NULL, 'TPDG'),
(1026, 10, 544, '', 'TBTO_GPON', '2020-03-10', '2020-03-10', '2020-03-10', NULL, 'TBTO'),
(1027, 10, 559, '', 'BANH_GPON', '2020-03-10', '2020-03-10', '2020-03-10', NULL, 'BANH'),
(1028, 10, 561, '', 'BANI_GPON', '2020-03-10', '2020-03-10', '2020-03-10', NULL, 'BANI'),
(1029, 10, 563, '', 'BBDE_GPON', '2020-03-10', '2020-03-10', '2020-03-10', NULL, 'BBDE'),
(1030, 10, 565, '', 'BVBN_GPON', '2020-03-10', '2020-03-10', '2020-03-10', NULL, 'BVBN'),
(1031, 10, 583, '', 'PLTN_GPON', '2020-03-10', '2020-03-10', '2020-03-10', NULL, 'PLTN'),
(1032, 10, 589, '', 'PVLO_GPON', '2020-03-10', '2020-03-10', '2020-03-10', NULL, 'PVLO'),
(1033, 10, 605, '', 'KTSO_GPON', '2020-03-10', '2020-03-10', '2020-03-10', NULL, 'KTSO'),
(1034, 10, 619, '', 'TTTN_GPON', '2020-03-10', '2020-03-10', '2020-03-10', NULL, 'TTTN'),
(1035, 10, 623, '', 'TPTG_GPON', '2020-03-10', '2020-03-10', '2020-03-10', NULL, 'TPTG'),
(1036, 10, 631, '', 'PTCU_GPON', '2020-03-10', '2020-03-10', '2020-03-10', NULL, 'PTCU'),
(1037, 10, 635, '', 'PLCG_GPON', '2020-03-10', '2020-03-10', '2020-03-10', NULL, 'PLCG'),
(1038, 10, 651, '', 'LHLY_GPON', '2020-03-10', '2020-03-10', '2020-03-10', NULL, 'LHLY'),
(1039, 10, 657, '', 'LCHL_GPON', '2020-03-10', '2020-03-10', '2020-03-10', NULL, 'LCHL'),
(1040, 120, 415, '', 'KLHO_VOM-4E1', '2020-03-10', '2020-03-10', '2020-03-10', NULL, 'KLHO'),
(1041, 120, 551, '', 'BNGU_VOM-4E1', '2020-03-10', '2020-03-10', '2020-03-10', NULL, 'BNGU'),
(1042, 120, 557, '', 'BNLU_VOM-4E1', '2020-03-10', '2020-03-10', '2020-03-10', NULL, 'BNLU'),
(1043, 120, 25318, '', 'KDMO_VOM-4E1', '2020-03-10', '2020-03-10', '2020-03-10', NULL, 'KDMO'),
(1044, 121, 18, '', 'PQTG_IP-DSLAM', '2020-03-10', '2020-03-10', '2020-03-10', NULL, 'PQTG'),
(1045, 121, 22, '', 'PBDA_IP-DSLAM', '2020-03-10', '2020-03-10', '2020-03-10', NULL, 'PBDA'),
(1046, 121, 24, '', 'PPVN_IP-DSLAM', '2020-03-10', '2020-03-10', '2020-03-10', NULL, 'PPVN'),
(1047, 121, 46, '', 'PLMT_IP-DSLAM', '2020-03-10', '2020-03-10', '2020-03-10', NULL, 'PLMT'),
(1048, 121, 62, '', 'DTNI_IP-DSLAM', '2020-03-10', '2020-03-10', '2020-03-10', NULL, 'DTNI'),
(1049, 121, 87, '', 'DDMH_IP-DSLAM', '2020-03-10', '2020-03-10', '2020-03-10', NULL, 'DDMH'),
(1050, 121, 89, '', 'DHDG_IP-DSLAM', '2020-03-10', '2020-03-10', '2020-03-10', NULL, 'DHDG'),
(1051, 121, 97, '', 'DDVN_IP-DSLAM', '2020-03-10', '2020-03-10', '2020-03-10', NULL, 'DDVN'),
(1052, 121, 125, '', 'PHBT_IP-DSLAM', '2020-03-10', '2020-03-10', '2020-03-10', NULL, 'PHBT'),
(1053, 121, 127, '', 'PQLU_IP-DSLAM', '2020-03-10', '2020-03-10', '2020-03-10', NULL, 'PQLU'),
(1054, 121, 134, '', 'PTPU_IP-DSLAM', '2020-03-10', '2020-03-10', '2020-03-10', NULL, 'PTPU'),
(1055, 121, 149, '', 'DDSN_IP-DSLAM', '2020-03-10', '2020-03-10', '2020-03-10', NULL, 'DDSN'),
(1056, 121, 175, '', 'LDUY_IP-DSLAM', '2020-03-10', '2020-03-10', '2020-03-10', NULL, 'LDUY'),
(1057, 121, 177, '', 'LCOL_IP-DSLAM', '2020-03-10', '2020-03-10', '2020-03-10', NULL, 'LCOL'),
(1058, 121, 179, '', 'LVTU_IP-DSLAM', '2020-03-10', '2020-03-10', '2020-03-10', NULL, 'LVTU'),
(1059, 121, 181, '', 'LNBH_IP-DSLAM', '2020-03-10', '2020-03-10', '2020-03-10', NULL, 'LNBH'),
(1060, 121, 207, '', 'LQNI_IP-DSLAM', '2020-03-10', '2020-03-10', '2020-03-10', NULL, 'LQNI'),
(1061, 121, 209, '', 'LCKG_IP-DSLAM', '2020-03-10', '2020-03-10', '2020-03-10', NULL, 'LCKG'),
(1062, 121, 211, '', 'LCLY_IP-DSLAM', '2020-03-10', '2020-03-10', '2020-03-10', NULL, 'LCLY'),
(1063, 121, 248, '', 'LCCH_IP-DSLAM', '2020-03-10', '2020-03-10', '2020-03-10', NULL, 'LCCH'),
(1064, 121, 250, '', 'LHHU_IP-DSLAM', '2020-03-10', '2020-03-10', '2020-03-10', NULL, 'LHHU'),
(1065, 121, 279, '', 'DMNM_IP-DSLAM', '2020-03-10', '2020-03-10', '2020-03-10', NULL, 'DMNM'),
(1066, 121, 281, '', 'DHMC_IP-DSLAM', '2020-03-10', '2020-03-10', '2020-03-10', NULL, 'DHMC'),
(1067, 121, 303, '', 'BBMY_IP-DSLAM', '2020-03-10', '2020-03-10', '2020-03-10', NULL, 'BBMY'),
(1068, 121, 327, '', 'BDXA_IP-DSLAM', '2020-03-10', '2020-03-10', '2020-03-10', NULL, 'BDXA'),
(1069, 121, 329, '', 'BBNA_IP-DSLAM', '2020-03-10', '2020-03-10', '2020-03-10', NULL, 'BBNA'),
(1070, 121, 333, '', 'BCSG_IP-DSLAM', '2020-03-10', '2020-03-10', '2020-03-10', NULL, 'BCSG'),
(1071, 121, 341, '', 'PLHP_IP-DSLAM', '2020-03-10', '2020-03-10', '2020-03-10', NULL, 'PLHP'),
(1072, 121, 347, '', 'PCSN_IP-DSLAM', '2020-03-10', '2020-03-10', '2020-03-10', NULL, 'PCSN'),
(1073, 121, 383, '', 'KQUE_IP-DSLAM', '2020-03-10', '2020-03-10', '2020-03-10', NULL, 'KQUE'),
(1074, 121, 411, '', 'KNUY_IP-DSLAM', '2020-03-10', '2020-03-10', '2020-03-10', NULL, 'KNUY'),
(1075, 121, 413, '', 'KTSN_IP-DSLAM', '2020-03-10', '2020-03-10', '2020-03-10', NULL, 'KTSN'),
(1076, 121, 415, '', 'KLHO_IP-DSLAM', '2020-03-10', '2020-03-10', '2020-03-10', NULL, 'KLHO'),
(1077, 121, 425, '', 'KDCG_IP-DSLAM', '2020-03-10', '2020-03-10', '2020-03-10', NULL, 'KDCG'),
(1078, 121, 429, '', 'KCSG_IP-DSLAM', '2020-03-10', '2020-03-10', '2020-03-10', NULL, 'KCSG'),
(1079, 121, 445, '', 'TKKE_IP-DSLAM', '2020-03-10', '2020-03-10', '2020-03-10', NULL, 'TKKE'),
(1080, 121, 447, '', 'TCGG_IP-DSLAM', '2020-03-10', '2020-03-10', '2020-03-10', NULL, 'TCGG'),
(1081, 121, 461, '', 'TCNA_IP-DSLAM', '2020-03-10', '2020-03-10', '2020-03-10', NULL, 'TCNA'),
(1082, 121, 487, '', 'TPCA_IP-DSLAM', '2020-03-10', '2020-03-10', '2020-03-10', NULL, 'TPCA'),
(1083, 121, 507, '', 'BBHG_IP-DSLAM', '2020-03-10', '2020-03-10', '2020-03-10', NULL, 'BBHG'),
(1084, 121, 509, '', 'BALO_IP-DSLAM', '2020-03-10', '2020-03-10', '2020-03-10', NULL, 'BALO'),
(1085, 121, 517, '', 'KPTH_IP-DSLAM', '2020-03-10', '2020-03-10', '2020-03-10', NULL, 'KPTH'),
(1086, 121, 525, '', 'KBSO_IP-DSLAM', '2020-03-10', '2020-03-10', '2020-03-10', NULL, 'KBSO'),
(1087, 121, 541, '', 'TPDG_IP-DSLAM', '2020-03-10', '2020-03-10', '2020-03-10', NULL, 'TPDG'),
(1088, 121, 561, '', 'BANI_IP-DSLAM', '2020-03-10', '2020-03-10', '2020-03-10', NULL, 'BANI'),
(1089, 121, 563, '', 'BBDE_IP-DSLAM', '2020-03-10', '2020-03-10', '2020-03-10', NULL, 'BBDE'),
(1090, 121, 587, '', 'PNTD_IP-DSLAM', '2020-03-10', '2020-03-10', '2020-03-10', NULL, 'PNTD'),
(1091, 121, 605, '', 'KTSO_IP-DSLAM', '2020-03-10', '2020-03-10', '2020-03-10', NULL, 'KTSO'),
(1092, 121, 617, '', 'TDBI_IP-DSLAM', '2020-03-10', '2020-03-10', '2020-03-10', NULL, 'TDBI'),
(1093, 121, 619, '', 'TTTN_IP-DSLAM', '2020-03-10', '2020-03-10', '2020-03-10', NULL, 'TTTN'),
(1094, 121, 621, '', 'TTTM_IP-DSLAM', '2020-03-10', '2020-03-10', '2020-03-10', NULL, 'TTTM'),
(1095, 121, 623, '', 'TPTG_IP-DSLAM', '2020-03-10', '2020-03-10', '2020-03-10', NULL, 'TPTG'),
(1096, 121, 631, '', 'PTCU_IP-DSLAM', '2020-03-10', '2020-03-10', '2020-03-10', NULL, 'PTCU'),
(1097, 121, 635, '', 'PLCG_IP-DSLAM', '2020-03-10', '2020-03-10', '2020-03-10', NULL, 'PLCG'),
(1098, 121, 657, '', 'LCHL_IP-DSLAM', '2020-03-10', '2020-03-10', '2020-03-10', NULL, 'LCHL'),
(1099, 123, 10, '', 'PHLC_MXU', '2020-03-10', '2020-03-10', '2020-03-10', NULL, 'PHLC'),
(1100, 123, 12, '', 'PVTI_MXU', '2020-03-10', '2020-03-10', '2020-03-10', NULL, 'PVTI'),
(1101, 123, 16, '', 'PDCU_MXU', '2020-03-10', '2020-03-10', '2020-03-10', NULL, 'PDCU'),
(1102, 123, 20, '', 'PLHA_MXU', '2020-03-10', '2020-03-10', '2020-03-10', NULL, 'PLHA'),
(1103, 123, 26, '', 'PDLH_MXU', '2020-03-10', '2020-03-10', '2020-03-10', NULL, 'PDLH'),
(1104, 123, 38, '', 'PCLM_MXU', '2020-03-10', '2020-03-10', '2020-03-10', NULL, 'PCLM'),
(1105, 123, 40, '', 'PHPT_MXU', '2020-03-10', '2020-03-10', '2020-03-10', NULL, 'PHPT'),
(1106, 123, 42, '', 'PTHA_MXU', '2020-03-10', '2020-03-10', '2020-03-10', NULL, 'PTHA'),
(1107, 123, 44, '', 'PCGG_MXU', '2020-03-10', '2020-03-10', '2020-03-10', NULL, 'PCGG'),
(1108, 123, 50, '', 'PVNK_MXU', '2020-03-10', '2020-03-10', '2020-03-10', NULL, 'PVNK'),
(1109, 123, 60, '', 'DDLG_MXU', '2020-03-10', '2020-03-10', '2020-03-10', NULL, 'DDLG'),
(1110, 123, 72, '', 'DTHP_MXU', '2020-03-10', '2020-03-10', '2020-03-10', NULL, 'DTHP'),
(1111, 123, 75, '', 'DNDG_MXU', '2020-03-10', '2020-03-10', '2020-03-10', NULL, 'DNDG'),
(1112, 123, 79, '', 'DBT3_MXU', '2020-03-10', '2020-03-10', '2020-03-10', NULL, 'DBT3'),
(1113, 123, 81, '', 'DLDV_MXU', '2020-03-10', '2020-03-10', '2020-03-10', NULL, 'DLDV'),
(1114, 123, 83, '', 'DBT2_MXU', '2020-03-10', '2020-03-10', '2020-03-10', NULL, 'DBT2'),
(1115, 123, 97, '', 'DDVN_MXU', '2020-03-10', '2020-03-10', '2020-03-10', NULL, 'DDVN'),
(1116, 123, 102, '', 'DNSH_MXU', '2020-03-10', '2020-03-10', '2020-03-10', NULL, 'DNSH'),
(1117, 123, 108, '', 'DHDA_MXU', '2020-03-10', '2020-03-10', '2020-03-10', NULL, 'DHDA'),
(1118, 123, 110, '', 'DGTM_MXU', '2020-03-10', '2020-03-10', '2020-03-10', NULL, 'DGTM'),
(1119, 123, 116, '', 'DDGT_MXU', '2020-03-10', '2020-03-10', '2020-03-10', NULL, 'DDGT'),
(1120, 123, 121, '', 'PLKT_MXU', '2020-03-10', '2020-03-10', '2020-03-10', NULL, 'PLKT'),
(1121, 123, 123, '', 'P6BT_MXU', '2020-03-10', '2020-03-10', '2020-03-10', NULL, 'P6BT'),
(1122, 123, 129, '', 'PLCT_MXU', '2020-03-10', '2020-03-10', '2020-03-10', NULL, 'PLCT'),
(1123, 123, 131, '', 'P304_MXU', '2020-03-10', '2020-03-10', '2020-03-10', NULL, 'P304'),
(1124, 123, 137, '', 'DDNO_MXU', '2020-03-10', '2020-03-10', '2020-03-10', NULL, 'DDNO'),
(1125, 123, 139, '', 'DTPG_MXU', '2020-03-10', '2020-03-10', '2020-03-10', NULL, 'DTPG'),
(1126, 123, 141, '', 'DTHI_MXU', '2020-03-10', '2020-03-10', '2020-03-10', NULL, 'DTHI'),
(1127, 123, 143, '', 'DCSN_MXU', '2020-03-10', '2020-03-10', '2020-03-10', NULL, 'DCSN'),
(1128, 123, 147, '', 'DYNM_MXU', '2020-03-10', '2020-03-10', '2020-03-10', NULL, 'DYNM'),
(1129, 123, 157, '', 'LVT2_MXU', '2020-03-10', '2020-03-10', '2020-03-10', NULL, 'LVT2'),
(1130, 123, 163, '', 'LCO2_MXU', '2020-03-10', '2020-03-10', '2020-03-10', NULL, 'LCO2'),
(1131, 123, 165, '', 'LCH3_MXU', '2020-03-10', '2020-03-10', '2020-03-10', NULL, 'LCH3'),
(1132, 123, 167, '', 'LTNG_MXU', '2020-03-10', '2020-03-10', '2020-03-10', NULL, 'LTNG'),
(1133, 123, 169, '', 'LPDA_MXU', '2020-03-10', '2020-03-10', '2020-03-10', NULL, 'LPDA');
INSERT INTO `thietbitram` (`ID_THIETBI`, `ID_LOAITB`, `ID_TRAM`, `TEN_MA`, `SERIAL_MAC`, `NGAYSX`, `NGAYSD`, `LANBAODUONGTRUOC`, `LANBAODUONGTIEP`, `temp`) VALUES
(1134, 123, 185, '', 'LHDG_MXU', '2020-03-10', '2020-03-10', '2020-03-10', NULL, 'LHDG'),
(1135, 123, 193, '', 'LXGA_MXU', '2020-03-10', '2020-03-10', '2020-03-10', NULL, 'LXGA'),
(1136, 123, 195, '', 'LTHA_MXU', '2020-03-10', '2020-03-10', '2020-03-10', NULL, 'LTHA'),
(1137, 123, 197, '', 'LQNN_MXU', '2020-03-10', '2020-03-10', '2020-03-10', NULL, 'LQNN'),
(1138, 123, 199, '', 'LCHO_MXU', '2020-03-10', '2020-03-10', '2020-03-10', NULL, 'LCHO'),
(1139, 123, 201, '', 'LCL2_MXU', '2020-03-10', '2020-03-10', '2020-03-10', NULL, 'LCL2'),
(1140, 123, 203, '', 'LNDO_MXU', '2020-03-10', '2020-03-10', '2020-03-10', NULL, 'LNDO'),
(1141, 123, 217, '', 'LTSG_MXU', '2020-03-10', '2020-03-10', '2020-03-10', NULL, 'LTSG'),
(1142, 123, 226, '', 'LVCE_MXU', '2020-03-10', '2020-03-10', '2020-03-10', NULL, 'LVCE'),
(1143, 123, 228, '', 'LXNT_MXU', '2020-03-10', '2020-03-10', '2020-03-10', NULL, 'LXNT'),
(1144, 123, 230, '', 'LCBE_MXU', '2020-03-10', '2020-03-10', '2020-03-10', NULL, 'LCBE'),
(1145, 123, 232, '', 'LNHA_MXU', '2020-03-10', '2020-03-10', '2020-03-10', NULL, 'LNHA'),
(1146, 123, 236, '', 'LDDO_MXU', '2020-03-10', '2020-03-10', '2020-03-10', NULL, 'LDDO'),
(1147, 123, 238, '', 'LXKE_MXU', '2020-03-10', '2020-03-10', '2020-03-10', NULL, 'LXKE'),
(1148, 123, 240, '', 'LNHU_MXU', '2020-03-10', '2020-03-10', '2020-03-10', NULL, 'LNHU'),
(1149, 123, 256, '', 'DILJ_MXU', '2020-03-10', '2020-03-10', '2020-03-10', NULL, 'DILJ'),
(1150, 123, 258, '', 'DXCN_MXU', '2020-03-10', '2020-03-10', '2020-03-10', NULL, 'DXCN'),
(1151, 123, 261, '', 'DYTU_MXU', '2020-03-10', '2020-03-10', '2020-03-10', NULL, 'DYTU'),
(1152, 123, 265, '', 'DMKO_MXU', '2020-03-10', '2020-03-10', '2020-03-10', NULL, 'DMKO'),
(1153, 123, 267, '', 'DCNI_MXU', '2020-03-10', '2020-03-10', '2020-03-10', NULL, 'DCNI'),
(1154, 123, 269, '', 'DCGT_MXU', '2020-03-10', '2020-03-10', '2020-03-10', NULL, 'DCGT'),
(1155, 123, 281, '', 'DHMC_MXU', '2020-03-10', '2020-03-10', '2020-03-10', NULL, 'DHMC'),
(1156, 123, 284, '', 'DKCN_MXU', '2020-03-10', '2020-03-10', '2020-03-10', NULL, 'DKCN'),
(1157, 123, 293, '', 'BTDT_MXU', '2020-03-10', '2020-03-10', '2020-03-10', NULL, 'BTDT'),
(1158, 123, 295, '', 'BTBI_MXU', '2020-03-10', '2020-03-10', '2020-03-10', NULL, 'BTBI'),
(1159, 123, 297, '', 'BADG_MXU', '2020-03-10', '2020-03-10', '2020-03-10', NULL, 'BADG'),
(1160, 123, 299, '', 'BCHO_MXU', '2020-03-10', '2020-03-10', '2020-03-10', NULL, 'BCHO'),
(1161, 123, 301, '', 'BBLG_MXU', '2020-03-10', '2020-03-10', '2020-03-10', NULL, 'BBLG'),
(1162, 123, 303, '', 'BBMY_MXU', '2020-03-10', '2020-03-10', '2020-03-10', NULL, 'BBMY'),
(1163, 123, 319, '', 'BTAN_MXU', '2020-03-10', '2020-03-10', '2020-03-10', NULL, 'BTAN'),
(1164, 123, 321, '', 'BCTA_MXU', '2020-03-10', '2020-03-10', '2020-03-10', NULL, 'BCTA'),
(1165, 123, 323, '', 'BDX2_MXU', '2020-03-10', '2020-03-10', '2020-03-10', NULL, 'BDX2'),
(1166, 123, 325, '', 'BDDU_MXU', '2020-03-10', '2020-03-10', '2020-03-10', NULL, 'BDDU'),
(1167, 123, 339, '', 'PTBD_MXU', '2020-03-10', '2020-03-10', '2020-03-10', NULL, 'PTBD'),
(1168, 123, 343, '', 'PPV2_MXU', '2020-03-10', '2020-03-10', '2020-03-10', NULL, 'PPV2'),
(1169, 123, 345, '', 'PPCG_MXU', '2020-03-10', '2020-03-10', '2020-03-10', NULL, 'PPCG'),
(1170, 123, 349, '', 'PDNA_MXU', '2020-03-10', '2020-03-10', '2020-03-10', NULL, 'PDNA'),
(1171, 123, 363, '', 'KTS1_MXU', '2020-03-10', '2020-03-10', '2020-03-10', NULL, 'KTS1'),
(1172, 123, 367, '', 'KKTG_MXU', '2020-03-10', '2020-03-10', '2020-03-10', NULL, 'KKTG'),
(1173, 123, 369, '', 'KMNO_MXU', '2020-03-10', '2020-03-10', '2020-03-10', NULL, 'KMNO'),
(1174, 123, 371, '', 'KTS2_MXU', '2020-03-10', '2020-03-10', '2020-03-10', NULL, 'KTS2'),
(1175, 123, 373, '', 'KBLH_MXU', '2020-03-10', '2020-03-10', '2020-03-10', NULL, 'KBLH'),
(1176, 123, 381, '', 'KNSN_MXU', '2020-03-10', '2020-03-10', '2020-03-10', NULL, 'KNSN'),
(1177, 123, 397, '', 'KX5U_MXU', '2020-03-10', '2020-03-10', '2020-03-10', NULL, 'KX5U'),
(1178, 123, 399, '', 'KLNE_MXU', '2020-03-10', '2020-03-10', '2020-03-10', NULL, 'KLNE'),
(1179, 123, 401, '', 'KPLM_MXU', '2020-03-10', '2020-03-10', '2020-03-10', NULL, 'KPLM'),
(1180, 123, 403, '', 'KPDE_MXU', '2020-03-10', '2020-03-10', '2020-03-10', NULL, 'KPDE'),
(1181, 123, 405, '', 'KTLI_MXU', '2020-03-10', '2020-03-10', '2020-03-10', NULL, 'KTLI'),
(1182, 123, 421, '', 'KCCH_MXU', '2020-03-10', '2020-03-10', '2020-03-10', NULL, 'KCCH'),
(1183, 123, 423, '', 'KHTY_MXU', '2020-03-10', '2020-03-10', '2020-03-10', NULL, 'KHTY'),
(1184, 123, 427, '', 'KNTU_MXU', '2020-03-10', '2020-03-10', '2020-03-10', NULL, 'KNTU'),
(1185, 123, 433, '', 'TCTT_MXU', '2020-03-10', '2020-03-10', '2020-03-10', NULL, 'TCTT'),
(1186, 123, 435, '', 'TTPG_MXU', '2020-03-10', '2020-03-10', '2020-03-10', NULL, 'TTPG'),
(1187, 123, 437, '', 'TTTO_MXU', '2020-03-10', '2020-03-10', '2020-03-10', NULL, 'TTTO'),
(1188, 123, 439, '', 'TTBH_MXU', '2020-03-10', '2020-03-10', '2020-03-10', NULL, 'TTBH'),
(1189, 123, 441, '', 'TTHN_MXU', '2020-03-10', '2020-03-10', '2020-03-10', NULL, 'TTHN'),
(1190, 123, 447, '', 'TCGG_MXU', '2020-03-10', '2020-03-10', '2020-03-10', NULL, 'TCGG'),
(1191, 123, 451, '', 'TTB2_MXU', '2020-03-10', '2020-03-10', '2020-03-10', NULL, 'TTB2'),
(1192, 123, 453, '', 'TTLA_MXU', '2020-03-10', '2020-03-10', '2020-03-10', NULL, 'TTLA'),
(1193, 123, 455, '', 'TTTP_MXU', '2020-03-10', '2020-03-10', '2020-03-10', NULL, 'TTTP'),
(1194, 123, 457, '', 'TTLU_MXU', '2020-03-10', '2020-03-10', '2020-03-10', NULL, 'TTLU'),
(1195, 123, 473, '', 'TTNI_MXU', '2020-03-10', '2020-03-10', '2020-03-10', NULL, 'TTNI'),
(1196, 123, 475, '', 'TTNG_MXU', '2020-03-10', '2020-03-10', '2020-03-10', NULL, 'TTNG'),
(1197, 123, 477, '', 'TDVI_MXU', '2020-03-10', '2020-03-10', '2020-03-10', NULL, 'TDVI'),
(1198, 123, 481, '', 'TTT2_MXU', '2020-03-10', '2020-03-10', '2020-03-10', NULL, 'TTT2'),
(1199, 123, 483, '', 'TXMG_MXU', '2020-03-10', '2020-03-10', '2020-03-10', NULL, 'TXMG'),
(1200, 123, 497, '', 'BULS_MXU', '2020-03-10', '2020-03-10', '2020-03-10', NULL, 'BULS'),
(1201, 123, 499, '', 'BTHA_MXU', '2020-03-10', '2020-03-10', '2020-03-10', NULL, 'BTHA'),
(1202, 123, 501, '', 'BAL2_MXU', '2020-03-10', '2020-03-10', '2020-03-10', NULL, 'BAL2'),
(1203, 123, 503, '', 'BLSN_MXU', '2020-03-10', '2020-03-10', '2020-03-10', NULL, 'BLSN'),
(1204, 123, 515, '', 'KTGM_MXU', '2020-03-10', '2020-03-10', '2020-03-10', NULL, 'KTGM'),
(1205, 123, 519, '', 'KTLG_MXU', '2020-03-10', '2020-03-10', '2020-03-10', NULL, 'KTLG'),
(1206, 123, 523, '', 'KBS2_MXU', '2020-03-10', '2020-03-10', '2020-03-10', NULL, 'KBS2'),
(1207, 123, 537, '', 'TTDO_MXU', '2020-03-10', '2020-03-10', '2020-03-10', NULL, 'TTDO'),
(1208, 123, 539, '', 'TLPG_MXU', '2020-03-10', '2020-03-10', '2020-03-10', NULL, 'TLPG'),
(1209, 123, 547, '', 'BYTE_MXU', '2020-03-10', '2020-03-10', '2020-03-10', NULL, 'BYTE'),
(1210, 123, 549, '', 'B5AN_MXU', '2020-03-10', '2020-03-10', '2020-03-10', NULL, 'B5AN'),
(1211, 123, 551, '', 'BNGU_MXU', '2020-03-10', '2020-03-10', '2020-03-10', NULL, 'BNGU'),
(1212, 123, 555, '', 'BBCU_MXU', '2020-03-10', '2020-03-10', '2020-03-10', NULL, 'BBCU'),
(1213, 123, 568, '', 'BVB2_MXU', '2020-03-10', '2020-03-10', '2020-03-10', NULL, 'BVB2'),
(1214, 123, 577, '', 'PANH_MXU', '2020-03-10', '2020-03-10', '2020-03-10', NULL, 'PANH'),
(1215, 123, 579, '', 'PTTA_MXU', '2020-03-10', '2020-03-10', '2020-03-10', NULL, 'PTTA'),
(1216, 123, 581, '', 'PLET_MXU', '2020-03-10', '2020-03-10', '2020-03-10', NULL, 'PLET'),
(1217, 123, 583, '', 'PLTN_MXU', '2020-03-10', '2020-03-10', '2020-03-10', NULL, 'PLTN'),
(1218, 123, 585, '', 'PMKI_MXU', '2020-03-10', '2020-03-10', '2020-03-10', NULL, 'PMKI'),
(1219, 123, 589, '', 'PVLO_MXU', '2020-03-10', '2020-03-10', '2020-03-10', NULL, 'PVLO'),
(1220, 123, 593, '', 'PCDM_MXU', '2020-03-10', '2020-03-10', '2020-03-10', NULL, 'PCDM'),
(1221, 123, 596, '', 'PTXA_MXU', '2020-03-10', '2020-03-10', '2020-03-10', NULL, 'PTXA'),
(1222, 123, 601, '', 'KD74_MXU', '2020-03-10', '2020-03-10', '2020-03-10', NULL, 'KD74'),
(1223, 123, 603, '', 'KPTY_MXU', '2020-03-10', '2020-03-10', '2020-03-10', NULL, 'KPTY'),
(1224, 123, 605, '', 'KTSO_MXU', '2020-03-10', '2020-03-10', '2020-03-10', NULL, 'KTSO'),
(1225, 123, 615, '', 'TNKN_MXU', '2020-03-10', '2020-03-10', '2020-03-10', NULL, 'TNKN'),
(1226, 123, 627, '', 'PTHD_MXU', '2020-03-10', '2020-03-10', '2020-03-10', NULL, 'PTHD'),
(1227, 123, 629, '', 'PDXA_MXU', '2020-03-10', '2020-03-10', '2020-03-10', NULL, 'PDXA'),
(1228, 123, 633, '', 'PTC2_MXU', '2020-03-10', '2020-03-10', '2020-03-10', NULL, 'PTC2'),
(1229, 123, 639, '', 'PCTI_MXU', '2020-03-10', '2020-03-10', '2020-03-10', NULL, 'PCTI'),
(1230, 123, 645, '', 'LXBM_MXU', '2020-03-10', '2020-03-10', '2020-03-10', NULL, 'LXBM'),
(1231, 123, 647, '', 'LCH2_MXU', '2020-03-10', '2020-03-10', '2020-03-10', NULL, 'LCH2'),
(1232, 123, 649, '', 'LCH4_MXU', '2020-03-10', '2020-03-10', '2020-03-10', NULL, 'LCH4'),
(1296, 124, 141, '', 'DTHI_Capo 05KVA-1P', '2020-03-10', '2020-03-10', NULL, NULL, NULL),
(1297, 124, 147, '', 'DYNM_Capo 05KVA-1P', '2020-03-10', '2020-03-10', NULL, NULL, NULL),
(1298, 124, 175, '', 'LDUY_Capo 05KVA-1P', '2020-03-10', '2020-03-10', NULL, NULL, NULL),
(1299, 124, 275, '', 'DMBC_Capo 05KVA-1P', '2020-03-10', '2020-03-10', NULL, NULL, NULL),
(1300, 124, 459, '', 'TLSN_Capo 05KVA-1P', '2020-03-10', '2020-03-10', NULL, NULL, NULL),
(1301, 124, 490, '', 'TTAN_Capo 05KVA-1P', '2020-03-10', '2020-03-10', NULL, NULL, NULL),
(1302, 124, 523, '', 'KBS2_Capo 05KVA-1P', '2020-03-10', '2020-03-10', NULL, NULL, NULL),
(1303, 124, 555, '', 'BBCU_Capo 05KVA-1P', '2020-03-10', '2020-03-10', NULL, NULL, NULL),
(1304, 124, 621, '', 'TTTM_Capo 05KVA-1P', '2020-03-10', '2020-03-10', NULL, NULL, NULL),
(1305, 125, 89, '', 'DHDG_Capo 11KVA-1P', '2020-03-10', '2020-03-10', NULL, NULL, NULL),
(1306, 125, 177, '', 'LCOL_Capo 11KVA-1P', '2020-03-10', '2020-03-10', NULL, NULL, NULL),
(1307, 125, 557, '', 'BNLU_Capo 11KVA-1P', '2020-03-10', '2020-03-10', NULL, NULL, NULL),
(1308, 125, 615, '', 'TNKN_Capo 11KVA-1P', '2020-03-10', '2020-03-10', NULL, NULL, NULL),
(1309, 125, 617, '', 'TDBI_Capo 11KVA-1P', '2020-03-10', '2020-03-10', NULL, NULL, NULL),
(1310, 125, 619, '', 'TTTN_Capo 11KVA-1P', '2020-03-10', '2020-03-10', NULL, NULL, NULL),
(1311, 126, 46, '', 'PLMT_Capo 15KVA-1P', '2020-03-10', '2020-03-10', NULL, NULL, NULL),
(1312, 126, 64, '', 'DCLG_Capo 15KVA-1P', '2020-03-10', '2020-03-10', NULL, NULL, NULL),
(1313, 126, 91, '', 'DBTG_Capo 15KVA-1P', '2020-03-10', '2020-03-10', NULL, NULL, NULL),
(1314, 126, 93, '', 'DDHI_Capo 15KVA-1P', '2020-03-10', '2020-03-10', NULL, NULL, NULL),
(1315, 126, 95, '', 'DTTN_Capo 15KVA-1P', '2020-03-10', '2020-03-10', NULL, NULL, NULL),
(1316, 126, 145, '', 'DTNG_Capo 15KVA-1P', '2020-03-10', '2020-03-10', NULL, NULL, NULL),
(1317, 126, 173, '', 'LNCH_Capo 15KVA-1P', '2020-03-10', '2020-03-10', NULL, NULL, NULL),
(1318, 126, 181, '', 'LNBH_Capo 15KVA-1P', '2020-03-10', '2020-03-10', NULL, NULL, NULL),
(1319, 126, 242, '', 'LPPC_Capo 15KVA-1P', '2020-03-10', '2020-03-10', NULL, NULL, NULL),
(1320, 126, 244, '', 'LNTN_Capo 15KVA-1P', '2020-03-10', '2020-03-10', NULL, NULL, NULL),
(1321, 126, 246, '', 'LNTH_Capo 15KVA-1P', '2020-03-10', '2020-03-10', NULL, NULL, NULL),
(1322, 126, 250, '', 'LHHU_Capo 15KVA-1P', '2020-03-10', '2020-03-10', NULL, NULL, NULL),
(1323, 126, 273, '', 'DCMY_Capo 15KVA-1P', '2020-03-10', '2020-03-10', NULL, NULL, NULL),
(1324, 126, 277, '', 'DCGG_Capo 15KVA-1P', '2020-03-10', '2020-03-10', NULL, NULL, NULL),
(1325, 126, 307, '', 'BTLG_Capo 15KVA-1P', '2020-03-10', '2020-03-10', NULL, NULL, NULL),
(1326, 126, 316, '', 'BDOX_Capo 15KVA-1P', '2020-03-10', '2020-03-10', NULL, NULL, NULL),
(1327, 126, 375, '', 'KLSN_Capo 15KVA-1P', '2020-03-10', '2020-03-10', NULL, NULL, NULL),
(1328, 126, 377, '', 'KVXA_Capo 15KVA-1P', '2020-03-10', '2020-03-10', NULL, NULL, NULL),
(1329, 126, 407, '', 'KDHA_Capo 15KVA-1P', '2020-03-10', '2020-03-10', NULL, NULL, NULL),
(1330, 126, 409, '', 'KTLH_Capo 15KVA-1P', '2020-03-10', '2020-03-10', NULL, NULL, NULL),
(1331, 126, 411, '', 'KNUY_Capo 15KVA-1P', '2020-03-10', '2020-03-10', NULL, NULL, NULL),
(1332, 126, 425, '', 'KDCG_Capo 15KVA-1P', '2020-03-10', '2020-03-10', NULL, NULL, NULL),
(1333, 126, 443, '', 'TTTY_Capo 15KVA-1P', '2020-03-10', '2020-03-10', NULL, NULL, NULL),
(1334, 126, 470, '', 'TLTC_Capo 15KVA-1P', '2020-03-10', '2020-03-10', NULL, NULL, NULL),
(1335, 126, 485, '', 'TTHI_Capo 15KVA-1P', '2020-03-10', '2020-03-10', NULL, NULL, NULL),
(1336, 126, 521, '', 'KKPG_Capo 15KVA-1P', '2020-03-10', '2020-03-10', NULL, NULL, NULL),
(1337, 126, 559, '', 'BANH_Capo 15KVA-1P', '2020-03-10', '2020-03-10', NULL, NULL, NULL),
(1338, 126, 653, '', 'LNLY_Capo 15KVA-1P', '2020-03-10', '2020-03-10', NULL, NULL, NULL),
(1339, 127, 507, '', 'BBHG_Capo 20KVA-3P', '2020-03-10', '2020-03-10', NULL, NULL, NULL),
(1340, 127, 525, '', 'KBSO_Capo 20KVA-3P', '2020-03-10', '2020-03-10', NULL, NULL, NULL),
(1341, 128, 461, '', 'TCNA_Capo 45KVA-3P', '2020-03-10', '2020-03-10', NULL, NULL, NULL),
(1342, 129, 97, '', 'DDVN_Capo 60KVA-3P', '2020-03-10', '2020-03-10', NULL, NULL, NULL),
(1343, 131, 20, '', 'PLHA_Denyo 8KVA-1P', '2020-03-10', '2020-03-10', NULL, NULL, NULL),
(1344, 131, 127, '', 'PQLU_Denyo 8KVA-1P', '2020-03-10', '2020-03-10', NULL, NULL, NULL),
(1345, 131, 171, '', 'LNKG_Denyo 8KVA-1P', '2020-03-10', '2020-03-10', NULL, NULL, NULL),
(1346, 131, 325, '', 'BDDU_Denyo 8KVA-1P', '2020-03-10', '2020-03-10', NULL, NULL, NULL),
(1347, 131, 327, '', 'BDXA_Denyo 8KVA-1P', '2020-03-10', '2020-03-10', NULL, NULL, NULL),
(1348, 131, 423, '', 'KHTY_Denyo 8KVA-1P', '2020-03-10', '2020-03-10', NULL, NULL, NULL),
(1349, 131, 439, '', 'TTBH_Denyo 8KVA-1P', '2020-03-10', '2020-03-10', NULL, NULL, NULL),
(1350, 131, 475, '', 'TTNG_Denyo 8KVA-1P', '2020-03-10', '2020-03-10', NULL, NULL, NULL),
(1351, 131, 505, '', 'BADO_Denyo 8KVA-1P', '2020-03-10', '2020-03-10', NULL, NULL, NULL),
(1352, 131, 583, '', 'PLTN_Denyo 8KVA-1P', '2020-03-10', '2020-03-10', NULL, NULL, NULL),
(1353, 131, 635, '', 'PLCG_Denyo 8KVA-1P', '2020-03-10', '2020-03-10', NULL, NULL, NULL),
(1354, 132, 207, '', 'LQNI_Elemax 5.6KVA-1P', '2020-03-10', '2020-03-10', NULL, NULL, NULL),
(1355, 132, 219, '', 'LDL2_Elemax 5.6KVA-1P', '2020-03-10', '2020-03-10', NULL, NULL, NULL),
(1356, 132, 238, '', 'LXKE_Elemax 5.6KVA-1P', '2020-03-10', '2020-03-10', NULL, NULL, NULL),
(1357, 132, 261, '', 'DYTU_Elemax 5.6KVA-1P', '2020-03-10', '2020-03-10', NULL, NULL, NULL),
(1358, 132, 267, '', 'DCNI_Elemax 5.6KVA-1P', '2020-03-10', '2020-03-10', NULL, NULL, NULL),
(1359, 132, 492, '', 'TTNN_Elemax 5.6KVA-1P', '2020-03-10', '2020-03-10', NULL, NULL, NULL),
(1360, 132, 512, '', 'BTIH_Elemax 5.6KVA-1P', '2020-03-10', '2020-03-10', NULL, NULL, NULL),
(1361, 132, 519, '', 'KTLG_Elemax 5.6KVA-1P', '2020-03-10', '2020-03-10', NULL, NULL, NULL),
(1362, 133, 347, '', 'PCSN_Elemax 8.5KVA-1P', '2020-03-10', '2020-03-10', NULL, NULL, NULL),
(1363, 133, 585, '', 'PMKI_Elemax 8.5KVA-1P', '2020-03-10', '2020-03-10', NULL, NULL, NULL),
(1364, 135, 149, '', 'DDSN_Honda 30KVA-3P', '2020-03-10', '2020-03-10', NULL, NULL, NULL),
(1365, 137, 281, '', 'DHMC_Komatsu 50KVA-3P', '2020-03-10', '2020-03-10', NULL, NULL, NULL),
(1366, 137, 303, '', 'BBMY_Komatsu 50KVA-3P', '2020-03-10', '2020-03-10', NULL, NULL, NULL),
(1367, 137, 447, '', 'TCGG_Komatsu 50KVA-3P', '2020-03-10', '2020-03-10', NULL, NULL, NULL),
(1368, 138, 179, '', 'LVTU_Komatsu 70KVA-3P', '2020-03-10', '2020-03-10', NULL, NULL, NULL),
(1369, 140, 541, '', 'TPDG_Kubota 15KVA-1P', '2020-03-10', '2020-03-10', NULL, NULL, NULL),
(1370, 143, 99, '', 'DXLO_Kubota 8KVA-1P', '2020-03-10', '2020-03-10', NULL, NULL, NULL),
(1371, 144, 209, '', 'LCKG_Lifter - Pramac 30KVA-3P', '2020-03-10', '2020-03-10', NULL, NULL, NULL),
(1372, 144, 413, '', 'KTSN_Lifter - Pramac 30KVA-3P', '2020-03-10', '2020-03-10', NULL, NULL, NULL),
(1373, 145, 333, '', 'BCSG_Lifter 20KVA-3P', '2020-03-10', '2020-03-10', NULL, NULL, NULL),
(1374, 146, 248, '', 'LCCH_Pramac 30KVA-3P', '2020-03-10', '2020-03-10', NULL, NULL, NULL),
(1375, 146, 415, '', 'KLHO_Pramac 30KVA-3P', '2020-03-10', '2020-03-10', NULL, NULL, NULL),
(1376, 146, 429, '', 'KCSG_Pramac 30KVA-3P', '2020-03-10', '2020-03-10', NULL, NULL, NULL),
(1377, 146, 487, '', 'TPCA_Pramac 30KVA-3P', '2020-03-10', '2020-03-10', NULL, NULL, NULL),
(1378, 146, 605, '', 'KTSO_Pramac 30KVA-3P', '2020-03-10', '2020-03-10', NULL, NULL, NULL),
(1379, 146, 623, '', 'TPTG_Pramac 30KVA-3P', '2020-03-10', '2020-03-10', NULL, NULL, NULL),
(1380, 146, 657, '', 'LCHL_Pramac 30KVA-3P', '2020-03-10', '2020-03-10', NULL, NULL, NULL),
(1381, 147, 205, '', 'LNHG_Toyo Kubota 15KVA-1P', '2020-03-10', '2020-03-10', NULL, NULL, NULL),
(1382, 147, 271, '', 'DTVN_Toyo Kubota 15KVA-1P', '2020-03-10', '2020-03-10', NULL, NULL, NULL),
(1383, 147, 305, '', 'BTXA_Toyo Kubota 15KVA-1P', '2020-03-10', '2020-03-10', NULL, NULL, NULL),
(1384, 147, 331, '', 'BHCG_Toyo Kubota 15KVA-1P', '2020-03-10', '2020-03-10', NULL, NULL, NULL),
(1385, 147, 509, '', 'BALO_Toyo Kubota 15KVA-1P', '2020-03-10', '2020-03-10', NULL, NULL, NULL),
(1386, 147, 563, '', 'BBDE_Toyo Kubota 15KVA-1P', '2020-03-10', '2020-03-10', NULL, NULL, NULL),
(1387, 147, 565, '', 'BVBN_Toyo Kubota 15KVA-1P', '2020-03-10', '2020-03-10', NULL, NULL, NULL),
(1388, 147, 651, '', 'LHLY_Toyo Kubota 15KVA-1P', '2020-03-10', '2020-03-10', NULL, NULL, NULL),
(1389, 148, 211, '', 'LCLY_Toyo Kubota 30KVA-3P', '2020-03-10', '2020-03-10', NULL, NULL, NULL),
(1390, 148, 279, '', 'DMNM_Toyo Kubota 30KVA-3P', '2020-03-10', '2020-03-10', NULL, NULL, NULL),
(1391, 148, 561, '', 'BANI_Toyo Kubota 30KVA-3P', '2020-03-10', '2020-03-10', NULL, NULL, NULL),
(1392, 149, 85, '', 'DTCG_Honda 5 KVA-1P', '2020-03-10', '2020-03-10', NULL, NULL, NULL),
(1393, 149, 154, '', 'DDTM_Honda 5 KVA-1P', '2020-03-10', '2020-03-10', NULL, NULL, NULL),
(1394, 149, 201, '', 'LCL2_Honda 5 KVA-1P', '2020-03-10', '2020-03-10', NULL, NULL, NULL),
(1395, 149, 217, '', 'LTSG_Honda 5 KVA-1P', '2020-03-10', '2020-03-10', NULL, NULL, NULL),
(1396, 149, 303, '', 'BBMY_Honda 5 KVA-1P', '2020-03-10', '2020-03-10', NULL, NULL, NULL),
(1397, 149, 312, '', 'BAMY_Honda 5 KVA-1P', '2020-03-10', '2020-03-10', NULL, NULL, NULL),
(1398, 149, 314, '', 'BX2T_Honda 5 KVA-1P', '2020-03-10', '2020-03-10', NULL, NULL, NULL),
(1399, 149, 25318, '', 'KDMO_Honda 5 KVA-1P', '2020-03-10', '2020-03-10', NULL, NULL, NULL),
(1400, 149, 25355, '', 'DCCG_Honda 5 KVA-1P', '2020-03-10', '2020-03-10', NULL, NULL, NULL),
(1401, 150, 188, '', 'LMXA_Honda 5.5KVA 1P', '2020-03-10', '2020-03-10', NULL, NULL, NULL),
(1402, 150, 258, '', 'DXCN_Honda 5.5KVA 1P', '2020-03-10', '2020-03-10', NULL, NULL, NULL),
(1403, 150, 303, '', 'BBMY_Honda 5.5KVA 1P', '2020-03-10', '2020-03-10', NULL, NULL, NULL),
(1404, 150, 347, '', 'PCSN_Honda 5.5KVA 1P', '2020-03-10', '2020-03-10', NULL, NULL, NULL),
(1405, 150, 388, '', 'KNS2_Honda 5.5KVA 1P', '2020-03-10', '2020-03-10', NULL, NULL, NULL),
(1406, 150, 405, '', 'KTLI_Honda 5.5KVA 1P', '2020-03-10', '2020-03-10', NULL, NULL, NULL),
(1407, 150, 468, '', 'TLTN_Honda 5.5KVA 1P', '2020-03-10', '2020-03-10', NULL, NULL, NULL),
(1408, 150, 539, '', 'TLPG_Honda 5.5KVA 1P', '2020-03-10', '2020-03-10', NULL, NULL, NULL),
(1409, 152, 87, '', 'DDMH_Nenjo 10KVA 1P', '2020-03-10', '2020-03-10', NULL, NULL, NULL),
(1410, 152, 379, '', 'KKBH_Nenjo 10KVA 1P', '2020-03-10', '2020-03-10', NULL, NULL, NULL),
(1411, 152, 441, '', 'TTHN_Nenjo 10KVA 1P', '2020-03-10', '2020-03-10', NULL, NULL, NULL),
(1412, 154, 62, '', 'DTNI_Kubota 10KVA-1P', '2020-03-10', '2020-03-10', NULL, NULL, NULL),
(1413, 154, 445, '', 'TKKE_Kubota 10KVA-1P', '2020-03-10', '2020-03-10', NULL, NULL, NULL);

-- --------------------------------------------------------

--
-- Cấu trúc bảng cho bảng `tramvt`
--

DROP TABLE IF EXISTS `tramvt`;
CREATE TABLE IF NOT EXISTS `tramvt` (
  `ID_TRAM` int(11) NOT NULL AUTO_INCREMENT,
  `MA_TRAM` varchar(32) NOT NULL,
  `TEN_TRAM` varchar(255) NOT NULL,
  `TEN_TRAM2` varchar(255) DEFAULT NULL,
  `DIADIEM` text,
  `QUANHUYEN` varchar(255) DEFAULT NULL,
  `XAPHUONG` varchar(255) DEFAULT NULL,
  `NGAY_KTNT` date DEFAULT NULL,
  `NGAYHD` date DEFAULT NULL,
  `KINH_DO` varchar(20) DEFAULT NULL,
  `VI_DO` varchar(20) DEFAULT NULL,
  `ID_DAI` int(11) DEFAULT NULL,
  `ID_NHANVIEN` int(11) UNSIGNED DEFAULT NULL,
  `LOAITRAM` int(11) NOT NULL,
  `KIEUTRAM` varchar(255) DEFAULT NULL,
  PRIMARY KEY (`ID_TRAM`),
  KEY `FK_TRAM-DAI` (`ID_DAI`),
  KEY `FK_TRAM-NHANVIEN` (`ID_NHANVIEN`)
) ENGINE=InnoDB AUTO_INCREMENT=25360 DEFAULT CHARSET=utf8;

--
-- Đang đổ dữ liệu cho bảng `tramvt`
--

INSERT INTO `tramvt` (`ID_TRAM`, `MA_TRAM`, `TEN_TRAM`, `TEN_TRAM2`, `DIADIEM`, `QUANHUYEN`, `XAPHUONG`, `NGAY_KTNT`, `NGAYHD`, `KINH_DO`, `VI_DO`, `ID_DAI`, `ID_NHANVIEN`, `LOAITRAM`, `KIEUTRAM`) VALUES
(10, 'PHLC', 'PL-Hòa Lạc', NULL, 'PL-Hòa Lạc', NULL, NULL, NULL, NULL, NULL, NULL, 9, 1, 2, NULL),
(12, 'PVTI', 'PL-Trạm BTS Việt Thái', NULL, 'PL-Trạm BTS Việt Thái', NULL, NULL, NULL, NULL, '105.91691', '20.57463', 9, 1, 1, NULL),
(14, 'PQCN', 'PL-Quỳnh Chân', NULL, 'PL-Quỳnh Chân', NULL, NULL, NULL, NULL, NULL, NULL, 9, 1, 2, NULL),
(16, 'PDCU', 'PL-Làng Đại cầu -Tiên tân', NULL, 'PL-Làng Đại cầu -Tiên tân', NULL, NULL, NULL, NULL, NULL, NULL, 9, 1, 2, NULL),
(18, 'PQTG', 'PL-Tổ 8 P.Quang trung', NULL, 'PL- Tổ 8 P.Quang trung', NULL, NULL, NULL, NULL, '105.91648', '20.55258', 9, 1, 1, NULL),
(20, 'PLHA', 'PL-Lam hạ', NULL, 'PL-Lam hạ', NULL, NULL, NULL, NULL, '105.934810638428', '20.5538843418835', 9, 1, 1, NULL),
(22, 'PBDA', 'PL-Ba Đa', NULL, 'Tổ 1, Đường Trần Phú, Phường Quang Trung, Thành phố Phủ Lý, Hà Nam', NULL, NULL, NULL, NULL, '105.92141', '20.56279', 9, 1, 1, NULL),
(24, 'PPVN', 'PL-Thôn 2 Phù Vân', NULL, 'PL-Thôn 2 Phù Vân', NULL, NULL, NULL, NULL, '105.90302', '20.55381', 9, 1, 1, NULL),
(26, 'PDLH', 'PL-Đô thị Lam Hạ', NULL, 'PL-Đô thị Lam Hạ', NULL, NULL, NULL, NULL, NULL, NULL, 9, 1, 2, NULL),
(29, 'PX6P', 'PL-BTS Thôn 6 Phù Vân', NULL, 'PL-BTS Thôn 6 Phù Vân', NULL, NULL, NULL, NULL, '105.89683', '20.55739', 9, 1, 1, NULL),
(31, 'PDPT', 'PL-BTS Đài PT Thành phố', NULL, 'PL-BTS Đài PT Thành phố', NULL, NULL, NULL, NULL, '105.91225', '20.54972', 9, 1, 1, NULL),
(33, 'PDCA', 'PL- BTS Đại Cầu', NULL, 'PL- BTS Đại Cầu', NULL, NULL, NULL, NULL, '105.92793', '20.57288', 9, 1, 1, NULL),
(35, 'PAGB', 'PL-AGRIBANK', NULL, 'PL-AGRIBANK', NULL, NULL, NULL, NULL, NULL, NULL, 9, 1, 2, NULL),
(38, 'PCLM', 'PL-Chợ La Mát', NULL, 'PL-Chợ La Mát', NULL, NULL, NULL, NULL, NULL, NULL, 37, 1, 2, NULL),
(40, 'PHPT', 'PL-Hòa Phát', NULL, 'PL-Hòa Phát', NULL, NULL, NULL, NULL, NULL, NULL, 37, 1, 2, NULL),
(42, 'PTHA', 'PL-Thái Hòa', NULL, 'PL-Thái Hòa', NULL, NULL, NULL, NULL, '105.90305', '20.51347', 37, 1, 1, NULL),
(44, 'PCGG', 'PL-Châu Giang', NULL, 'PL-Châu Giang', NULL, NULL, NULL, NULL, NULL, NULL, 37, 1, 2, NULL),
(46, 'PLMT', 'PL-La Mát', NULL, 'PL-La Mát', NULL, NULL, NULL, NULL, '105.88686', '20.50442', 37, 1, 1, NULL),
(48, 'PHSN', 'PL-Hồng Sơn', NULL, 'PL-Hồng Sơn', NULL, NULL, NULL, NULL, '105.86869', '20.52452', 37, 1, 1, NULL),
(50, 'PVNK', 'PL-Vinakansai3', NULL, 'PL-Vinakansai3', NULL, NULL, NULL, NULL, NULL, NULL, 37, 1, 2, NULL),
(53, 'PDAO', 'PL-BTS Đồng Ao', NULL, 'PL-BTS Đồng Ao', NULL, NULL, NULL, NULL, '105.87597', '20.49154', 37, 1, 1, NULL),
(55, 'PK35', 'PL-BTS K135', NULL, 'PL-BTS K135', NULL, NULL, NULL, NULL, '105.87207', '20.51785', 37, 1, 1, NULL),
(60, 'DDLG', 'DT-Đô Lương', NULL, 'DT-Đô Lương', NULL, NULL, NULL, NULL, NULL, NULL, 59, 1, 2, NULL),
(62, 'DTNI', 'DT-Tiên Nội', NULL, 'DT-Tiên Nội', NULL, NULL, NULL, NULL, '105.94326', '20.62345', 59, 1, 1, NULL),
(64, 'DCLG', 'DT-Chợ Lương', NULL, 'DT-Chợ Lương', NULL, NULL, NULL, NULL, '105.95428', '20.65046', 59, 1, 1, NULL),
(67, 'DHTG', 'DT-Hòa Trung', NULL, 'DT- Hòa Trung', NULL, NULL, NULL, NULL, '105.93569', '20.61667', 59, 1, 1, NULL),
(72, 'DTHP', 'DT-Khu đ.Thị mới - Tiên Hiệp', NULL, 'DT- Khu đ.Thị mới - Tiên Hiệp', NULL, NULL, NULL, NULL, NULL, NULL, 71, 1, 2, NULL),
(75, 'DNDG', 'DT-Ngọc động - Hoàng Đông', NULL, 'DT- Ngọc động - Hoàng Đông ', NULL, NULL, NULL, NULL, NULL, NULL, 71, 1, 2, NULL),
(77, 'DNTI', 'DT-KCN(Xử lý nước thải)', NULL, 'DT-KCN(Xử lý nước thải)', NULL, NULL, NULL, NULL, '105.92502', '20.65776', 71, 1, 1, NULL),
(79, 'DBT3', 'DT-Ông Ngọc - Bạch Thượng', NULL, 'DT-Ông Ngọc - Bạch Thượng', NULL, NULL, NULL, NULL, NULL, NULL, 71, 1, 2, NULL),
(81, 'DLDV', 'DT-Làng Đồng Văn', NULL, 'DT-Làng Đồng Văn', NULL, NULL, NULL, NULL, NULL, NULL, 71, 1, 2, NULL),
(83, 'DBT2', 'DT-PTTH Duy Tiên B', NULL, 'DT- PTTH Duy Tiên B', NULL, NULL, NULL, NULL, '105.93055', '20.65139', 71, 1, 1, NULL),
(85, 'DTCG', 'DT-Thôn Chuông', NULL, 'DT-Thôn Chuông', NULL, NULL, NULL, NULL, '105.90582', '20.63857', 71, 1, 1, NULL),
(87, 'DDMH', 'DT-Duy Minh', NULL, 'DT-Duy Minh', NULL, NULL, NULL, NULL, '105.91386', '20.64954', 71, 1, 1, NULL),
(89, 'DHDG', 'DT-Hoàng Đông', NULL, 'DT-Hoàng Đông', NULL, NULL, NULL, NULL, '105.92061', '20.62344', 71, 1, 1, NULL),
(91, 'DBTG', 'DT-Bạch Thượng', NULL, 'DT-Bạch Thượng ', NULL, NULL, NULL, NULL, '105.94095', '20.66438', 71, 1, 1, NULL),
(93, 'DDHI', 'DT-Duy Hải', NULL, 'DT-Duy Hải', NULL, NULL, NULL, NULL, '105.90214', '20.64938', 71, 1, 1, NULL),
(95, 'DTTN', 'DT-Tiên Tân', NULL, 'DT-Tiên Tân', NULL, NULL, NULL, NULL, '105.930347442627', '20.5882775080887', 71, 1, 1, NULL),
(97, 'DDVN', 'DT-Đồng Văn', NULL, 'DT-Đồng Văn', NULL, NULL, NULL, NULL, '105.92038', '20.64546', 71, 1, 1, NULL),
(99, 'DXLO', 'DT-Xa lao', NULL, 'DT-Xa lao', NULL, NULL, NULL, NULL, '105.93775', '20.63911', 71, 1, 1, NULL),
(102, 'DNSH', 'DT-KCN2 (Xử lý nước sạch)', NULL, 'DT-KCN2 (Xử lý nước sạch)', NULL, NULL, NULL, NULL, '105.92123', '20.67082', 71, 1, 1, NULL),
(104, 'DTE', 'DT-Tiên Hiệp( indoor)', NULL, 'DT-Tiên Hiệp', NULL, NULL, NULL, NULL, NULL, NULL, 71, 1, 2, NULL),
(106, 'DVDG', 'DT-Viễn Đông', NULL, 'DT-Viễn Đông', NULL, NULL, NULL, NULL, '105.93001', '20.60396', 71, 1, 1, NULL),
(108, 'DHDA', 'DT - Hon Đa', NULL, 'Duy Tiên - Hon Đa', NULL, NULL, NULL, NULL, NULL, NULL, 71, 1, 2, NULL),
(110, 'DGTM', 'DT-Công ty Gentherm', NULL, 'DT-Công ty Gentherm', NULL, NULL, NULL, NULL, NULL, NULL, 71, 1, 2, NULL),
(112, 'DTIH', 'DT-Tiên Hiệp', NULL, 'DT-Tiên Hiệp', NULL, NULL, NULL, NULL, '105.94931', '20.58076', 71, 1, 1, NULL),
(114, 'DDSS', 'DT-Công ty Seoul Semi', NULL, 'DT-Công ty Seoul Semi', NULL, NULL, NULL, NULL, NULL, NULL, 71, 1, 2, NULL),
(116, 'DDGT', 'DT- Công ty Digital Leader', NULL, 'DT- Công ty Digital Leader', NULL, NULL, NULL, NULL, NULL, NULL, 71, 1, 2, NULL),
(121, 'PLKT', 'PL-Lương Khánh Thiện', NULL, 'PL-Lương Khánh Thiện', NULL, NULL, NULL, NULL, '105.91856', '20.54555', 120, 1, 1, NULL),
(123, 'P6BT', 'PL-T6 Hai Bà Trưng', NULL, 'PL-T6 Hai Bà Trưng', NULL, NULL, NULL, NULL, '105.91426', '20.53331', 120, 1, 1, NULL),
(125, 'PHBT', 'PL-Tổ 21 Hai bà Trưng', NULL, 'PL-Tổ 21 Hai bà Trưng', NULL, NULL, NULL, NULL, '105.91426', '20.53959', 120, 1, 1, NULL),
(127, 'PQLU', 'PL-Quy lưu', NULL, 'PL-Quy lưu', NULL, NULL, NULL, NULL, '105.92129', '20.54147', 120, 1, 1, NULL),
(129, 'PLCT', 'PL-Lê Công Thanh', NULL, 'PL-Lê Công Thanh', NULL, NULL, NULL, NULL, NULL, NULL, 120, 1, 2, NULL),
(131, 'P304', 'PL-KS30_4', NULL, 'PL_KS30_4', NULL, NULL, NULL, NULL, '105.91642', '20.54371', 120, 1, 1, NULL),
(134, 'PTPU', 'PL-Trần Phú[HOST]', NULL, 'PL-Host', NULL, NULL, NULL, NULL, '105.91151', '20.54291', 120, 1, 1, NULL),
(137, 'DDNO', 'DT-Đình Ngọ - Tiên Hải', NULL, 'DT- Đình Ngọ - Tiên Hải', NULL, NULL, NULL, NULL, NULL, NULL, 136, 1, 2, NULL),
(139, 'DTPG', 'DT-UBND xã Tiên Phong', NULL, 'DT-UBND xã Tiên Phong', NULL, NULL, NULL, NULL, NULL, NULL, 136, 1, 2, NULL),
(141, 'DTHI', 'DT-Tiên Hải', NULL, 'DT-Tiên Hải', NULL, NULL, NULL, NULL, '105.949058532715', '20.534434311199', 136, 1, 1, NULL),
(143, 'DCSN', 'DT-Châu Sơn', NULL, 'DT-Châu Sơn', NULL, NULL, NULL, NULL, '105.969550609589', '20.5649544832762', 136, 1, 1, NULL),
(145, 'DTNG', 'DT-Tiên Ngoại', NULL, 'DT-Tiên Ngoại', NULL, NULL, NULL, NULL, '105.95499', '20.60583', 136, 1, 1, NULL),
(147, 'DYNM', 'DT-Yên Nam', NULL, 'DT-Yên Nam', NULL, NULL, NULL, NULL, '105.98143', '20.61049', 136, 1, 1, NULL),
(149, 'DDSN', 'DT-Đọi Sơn', NULL, 'DT-Đọi Sơn', NULL, NULL, NULL, NULL, '105.97635269165', '20.5881971592562', 136, 1, 1, NULL),
(152, 'DDTA', 'DT-Đọi Tam (Indoor)', NULL, 'DT-Đọi Tam', NULL, NULL, NULL, NULL, '105.96372', '20.58572', 136, 1, 2, NULL),
(154, 'DDTM', 'DT-Đọi Tam', NULL, 'DT-Đọi Tam', NULL, NULL, NULL, NULL, '105.968971252441', '20.5911298642174', 136, 1, 1, NULL),
(157, 'LVT2', 'LN-BTS Vĩnh Trụ', NULL, 'LN-BTS Vĩnh Trụ ', NULL, NULL, NULL, NULL, '106.03102', '20.55938', 156, 1, 1, NULL),
(159, 'LYN', 'Lý Nhân', NULL, 'Lý Nhân', NULL, NULL, NULL, NULL, NULL, NULL, 156, 1, 1, NULL),
(161, 'LYH', 'Lý Nhân', NULL, 'Lý Nhân', NULL, NULL, NULL, NULL, NULL, NULL, 156, 1, 1, NULL),
(163, 'LCO2', 'LN-Xóm 4 Phú đa xã Công Lý', NULL, 'LN-Xóm 4 Phú đa xã Công Lý', NULL, NULL, NULL, NULL, NULL, NULL, 156, 1, 2, NULL),
(165, 'LCH3', 'LN-Xóm 17 - Chính Lý', NULL, 'LN-Xóm 17 - Chính Lý ', NULL, NULL, NULL, NULL, NULL, NULL, 156, 1, 2, NULL),
(167, 'LTNG', 'LN-Thượng Nông', NULL, 'LN-Thượng Nông', NULL, NULL, NULL, NULL, '106.10015', '20.54111', 156, 1, 1, NULL),
(169, 'LPDA', 'LN-Phú Đa', NULL, 'LN-Phú Đa', NULL, NULL, NULL, NULL, '106.02921', '20.57728', 156, 1, 1, NULL),
(171, 'LNKG', 'LN-Nhân khang', NULL, 'LN-Nhân khang', NULL, NULL, NULL, NULL, '106.04443', '20.54725', 156, 1, 1, NULL),
(173, 'LNCH', 'LN-Nhân Chính', NULL, 'LN-Nhân Chính', NULL, NULL, NULL, NULL, '106.06312', '20.54173', 156, 1, 1, NULL),
(175, 'LDUY', 'LN-Đức Lý', NULL, 'LN-Đức Lý', NULL, NULL, NULL, NULL, '106.05168', '20.57254', 156, 1, 1, NULL),
(177, 'LCOL', 'LN-Công Lý', NULL, 'LN-Công Lý', NULL, NULL, NULL, NULL, '106.02335', '20.59066', 156, 1, 1, NULL),
(179, 'LVTU', 'LN-Vĩnh Trụ', NULL, 'SN 70, Đường Trần Hưng Đạo, Thị Trấn Vĩnh Trụ, Huyện Lý Nhân, Hà Nam', NULL, NULL, NULL, NULL, '106.030950397253', '20.5595061552733', 156, 1, 1, NULL),
(181, 'LNBH', 'LN-Nhân Bình', NULL, 'LN-Nhân Bình', NULL, NULL, NULL, NULL, '106.10004', '20.52727', 156, 1, 1, NULL),
(183, 'LNXA', 'LN-Nam xá - Nhân nghĩa', NULL, 'LN-Nam xá - Nhân nghĩa', NULL, NULL, NULL, NULL, NULL, NULL, 156, 1, 2, NULL),
(185, 'LHDG', 'LN- Xóm trong - Hội động', NULL, 'LN- Xóm trong - Hội động', NULL, NULL, NULL, NULL, NULL, NULL, 156, 1, 2, NULL),
(188, 'LMXA', 'LN-Mai Xá', NULL, 'LN-Mai Xá', NULL, NULL, NULL, NULL, '106.03884', '20.56282', 156, 1, 1, NULL),
(190, 'LVBN', 'LN-VMS Bình nghĩa', NULL, 'Xóm 17 chính lý', NULL, NULL, NULL, NULL, NULL, NULL, 156, 1, 2, NULL),
(193, 'LXGA', 'LN-Xóm giá - Nhân Thịnh', NULL, 'LN- Xóm giá - Nhân Thịnh', NULL, NULL, NULL, NULL, NULL, NULL, 192, 1, 2, NULL),
(195, 'LTHA', 'LN-Ngã Tư Tế Hạ', NULL, 'LN-Ngã Tư Tế Hạ', NULL, NULL, NULL, NULL, NULL, NULL, 192, 1, 2, NULL),
(197, 'LQNN', 'LN-Ngã 3 Quan Nhân-Đạo Lý', NULL, 'LN-Ngã 3 Quan Nhân-Đạo Lý', NULL, NULL, NULL, NULL, NULL, NULL, 192, 1, 2, NULL),
(199, 'LCHO', 'LN-Thôn Cao Hào-Chân Lý', NULL, 'LN-Thôn Cao Hào-Chân Lý', NULL, NULL, NULL, NULL, NULL, NULL, 192, 1, 2, NULL),
(201, 'LCL2', 'LN-Chân lý 2', NULL, 'LN-Chân lý 2', NULL, NULL, NULL, NULL, '106.09345', '20.60293', 192, 1, 1, NULL),
(203, 'LNDO', 'LN-Nhân đạo', NULL, 'LN-Nhân đạo', NULL, NULL, NULL, NULL, '106.105154', '20.576689', 192, 1, 2, NULL),
(205, 'LNHG', 'LN-Nhân Hưng', NULL, 'LN-Nhân Hưng', NULL, NULL, NULL, NULL, '106.11239', '20.56082', 192, 1, 1, NULL),
(207, 'LQNI', 'LN-Quán Nội', NULL, 'LN-Quán Nội', NULL, NULL, NULL, NULL, '106.08669', '20.58038', 192, 1, 1, NULL),
(209, 'LCKG', 'LN-Cầu Không', NULL, 'LN-Cầu Không', NULL, NULL, NULL, NULL, '106.07745', '20.56655', 192, 1, 1, NULL),
(211, 'LCLY', 'LN-Chân lý', NULL, 'LN-Chân lý', NULL, NULL, NULL, NULL, '106.09985', '20.60373', 192, 1, 1, NULL),
(213, 'LDLY', 'LN-Đạo Lý', NULL, 'LN-Đạo Lý', NULL, NULL, NULL, NULL, '106.07158', '20.59072', 192, 1, 1, NULL),
(217, 'LTSG', 'LN-Thôn Sàng', NULL, 'Thôn Sàng - Lý Nhân', NULL, NULL, NULL, NULL, '106.06257', '20.59911', 192, 1, 1, NULL),
(219, 'LDL2', 'LN-Đức Lý 2', NULL, 'LN-Đức Lý 2', NULL, NULL, NULL, NULL, '106.06603', '20.57356', 192, 1, 1, NULL),
(221, 'LNTC', 'LN-Như Trác', NULL, 'LN-Như Trác', NULL, NULL, NULL, NULL, '106.12042', '20.52241', 192, 1, 1, NULL),
(226, 'LVCE', 'LN-Vụng chè - Tiến thắng', NULL, 'LN- Vụng chè - Tiến thắng', NULL, NULL, NULL, NULL, NULL, NULL, 225, 1, 2, NULL),
(228, 'LXNT', 'LN-Xóm 8 - Nhân Tiến', NULL, 'LN- Xóm 8 - Nhân Tiến', NULL, NULL, NULL, NULL, NULL, NULL, 225, 1, 2, NULL),
(230, 'LCBE', 'LN-Chợ Bến - Hòa Hậu', NULL, 'LN-Chợ Bến - Hòa Hậu ', NULL, NULL, NULL, NULL, NULL, NULL, 225, 1, 2, NULL),
(232, 'LNHA', 'LN-Trường Cấp 1-Nhân Hòa', NULL, 'LN-Trường Cấp 1-Nhân Hòa', NULL, NULL, NULL, NULL, NULL, NULL, 225, 1, 2, NULL),
(234, 'LX8C', 'LN-Xóm 8-Cao Đà-Nhân Mỹ', NULL, 'LN-Xóm 8-Cao Đà-Nhân Mỹ', NULL, NULL, NULL, NULL, NULL, NULL, 225, 1, 2, NULL),
(236, 'LDDO', 'LN-Do Đạo-Nhân Thịnh', NULL, 'LN-Do Đạo-Nhân Thịnh', NULL, NULL, NULL, NULL, NULL, NULL, 225, 1, 2, NULL),
(238, 'LXKE', 'LN-Xuân Khê', NULL, 'LN-Xuân Khê', NULL, NULL, NULL, NULL, '106.12144', '20.52613', 225, 1, 1, NULL),
(240, 'LNHU', 'LN-BTS Nhân Hậu', NULL, 'LN-BTS Nhân Hậu', NULL, NULL, NULL, NULL, '106.14724', '20.47621', 225, 1, 1, NULL),
(242, 'LPPC', 'LN-Phú Phúc', NULL, 'LN-Phú Phúc', NULL, NULL, NULL, NULL, '106.15355', '20.52779', 225, 1, 1, NULL),
(244, 'LNTN', 'LN-Nhân Tiến', NULL, 'LN-Nhân Tiến', NULL, NULL, NULL, NULL, '106.14337', '20.50407', 225, 1, 1, NULL),
(246, 'LNTH', 'LN-Nhân Thịnh', NULL, 'LN-Nhân Thịnh', NULL, NULL, NULL, NULL, '106.15001', '20.54981', 225, 1, 1, NULL),
(248, 'LCCH', 'LN-Chợ Chanh', NULL, 'LN-Chợ Chanh', NULL, NULL, NULL, NULL, '106.13057', '20.53313', 225, 1, 1, NULL),
(250, 'LHHU', 'LN-Hoà Hậu', NULL, 'LN-Hoà Hậu', NULL, NULL, NULL, NULL, '106.15425', '20.47254', 225, 1, 1, NULL),
(253, 'LPCC', 'LN-Phú Cốc- Phú Phúc', NULL, 'LN-Phú Cốc- Phú Phúc', NULL, NULL, NULL, NULL, '106.16619', '20.51009', 225, 1, 1, NULL),
(256, 'DILJ', 'DT-Công ty ILJIN', NULL, 'DT-Công ty ILJIN', NULL, NULL, NULL, NULL, '105.996812582016', '20.6531252830887', 255, 1, 2, NULL),
(258, 'DXCN', 'DT-Xóm 8 Chuyên Ngoại', NULL, 'DT - Xóm 8 Chuyên Ngoại', NULL, NULL, NULL, NULL, NULL, NULL, 255, 1, 1, NULL),
(261, 'DYTU', 'DT-Yên Từ', NULL, 'DT-Yên Từ', NULL, NULL, NULL, NULL, '106.01536', '20.67918', 255, 1, 1, NULL),
(263, 'DDDM', 'DT-BTS Jumi', NULL, 'DT- BTS Jumi', NULL, NULL, NULL, NULL, '105.98608', '20.67387', 255, 1, 1, NULL),
(265, 'DMKO', 'DT-BTS Máy kéo DT', NULL, 'DT-BTS Máy kéo DT', NULL, NULL, NULL, NULL, '105.99195', '20.63263', 255, 1, 1, NULL),
(267, 'DCNI', 'DT-Chuyên ngoại', NULL, 'DT-Chuyên ngoại', NULL, NULL, NULL, NULL, '106.02212', '20.61877', 255, 1, 1, NULL),
(269, 'DCGT', 'DT-BTS KCN Cầu Giát', NULL, 'DT-BTS KCN Cầu Giát', NULL, NULL, NULL, NULL, '106.00771', '20.64339', 255, 1, 1, NULL),
(271, 'DTVN', 'DT-Trác Văn', NULL, 'DT-Trác Văn', NULL, NULL, NULL, NULL, '106.00673', '20.62802', 255, 1, 1, NULL),
(273, 'DCMY', 'DT-Chuyên Mỹ', NULL, 'DT-Chuyên Mỹ', NULL, NULL, NULL, NULL, '106.02008', '20.64249', 255, 1, 1, NULL),
(275, 'DMBC', 'DT-Mộc Bắc', NULL, 'DT-Mộc Bắc', NULL, NULL, NULL, NULL, '106.00334', '20.69408', 255, 1, 1, NULL),
(277, 'DCGG', 'DT-Châu Giang', NULL, 'DT-Châu Giang', NULL, NULL, NULL, NULL, '105.98167', '20.65972', 255, 1, 1, NULL),
(279, 'DMNM', 'DT-Mộc Nam', NULL, 'DT-Mộc Nam', NULL, NULL, NULL, NULL, '106.02469', '20.66469', 255, 1, 1, NULL),
(281, 'DHMC', 'DT-Hoà Mạc', NULL, 'DT-Hoà Mạc', NULL, NULL, NULL, NULL, '105.987526', '20.6436025', 255, 1, 1, NULL),
(284, 'DKCN', 'DT-KCN - Hòa Mạc', NULL, 'KCN  Hòa Mạc', NULL, NULL, NULL, NULL, '105.99981', '20.65281', 255, 1, 1, NULL),
(286, 'DDDT', 'DT-Đài PT Duy Tiên', NULL, 'DT-Đài PT Duy Tiên', NULL, NULL, NULL, NULL, '105.99503', '20.64365', 255, 1, 1, NULL),
(288, 'DD8N', 'DT-BTS Xóm 8 Chuyên Ngoại', NULL, 'DT - BTS Xóm 8 Chuyên Ngoại', NULL, NULL, NULL, NULL, '106.03824', '20.62281', 255, 1, 2, NULL),
(290, 'DTN', 'DT-Đài PT Duy Tiên', NULL, 'Phố Phú Hòa, Thị Trấn Hòa Mạc, Huyện Duy Tiên, Hà Nam', NULL, NULL, NULL, NULL, '105.994924306869', '20.6433667461027', 255, 1, 1, NULL),
(293, 'BTDT', 'BL-Thôn Đào truyền - Y tế', NULL, 'BL- Thôn Đào truyền - Y tế', NULL, NULL, NULL, NULL, NULL, NULL, 292, 1, 2, NULL),
(295, 'BTBI', 'BL-Thôn Bùi - Trịnh Xá', NULL, 'BL - Thôn Bùi - Trịnh Xá', NULL, NULL, NULL, NULL, '105.977042019367', '20.5317542124787', 292, 1, 2, NULL),
(297, 'BADG', 'BL-Ngã 3 An Dương Mỹ Thọ', NULL, 'BL-Ngã 3 An Dương Mỹ Thọ', NULL, NULL, NULL, NULL, NULL, NULL, 292, 1, 2, NULL),
(299, 'BCHO', 'BL-Cầu họ - Trung Lương', NULL, 'BL-Cầu họ - Trung Lương ', NULL, NULL, NULL, NULL, NULL, NULL, 292, 1, 2, NULL),
(301, 'BBLG', 'BL-Bình long', NULL, 'BL-Bình long ', NULL, NULL, NULL, NULL, '106.02078', '20.48669', 292, 1, 1, NULL),
(303, 'BBMY', 'BL-Bình Mỹ', NULL, 'Đường Trần Hưng Đạo, Thị Trấn Bình Mỹ, Huyện Bình Lục, Hà Nam', NULL, NULL, NULL, NULL, '106.005685329437', '20.4909001328953', 292, 1, 1, NULL),
(305, 'BTXA', 'BL-Trịnh Xá', NULL, 'BL-Trịnh Xá', NULL, NULL, NULL, NULL, '105.99376', '20.52192', 292, 1, 1, NULL),
(307, 'BTLG', 'BL-Trung Lương', NULL, 'BL-Trung Lương', NULL, NULL, NULL, NULL, '106.03484', '20.48074', 292, 1, 1, NULL),
(310, 'BBTH', 'BL-Bình Thành', NULL, 'Tiểu Khu Bình Thành, Thị Trấn Bình Mỹ, Huyện Bình Lục, Hà Nam', NULL, NULL, NULL, NULL, '105.994849205017', '20.4932857328427', 292, 1, 1, NULL),
(312, 'BAMY', 'BL-An Mỹ', NULL, 'Thôn Hoàng, Xã Trịnh Xá, Thành phố Phủ Lý, Hà Nam', NULL, NULL, NULL, NULL, '106.01463', '20.50005', 292, 1, 1, NULL),
(314, 'BX2T', 'BL-Xóm 2 Tràng An', NULL, 'Xóm 2 Tràng An - Bình Lục', NULL, NULL, NULL, NULL, '105.99496', '20.53931', 292, 1, 1, NULL),
(316, 'BDOX', 'BL-Đồn Xá', NULL, 'Đồn xá - Bình Lục', NULL, NULL, NULL, NULL, '106.00384', '20.51222', 292, 1, 1, NULL),
(319, 'BTAN', 'BL-Đội 8 Tràng An', NULL, 'BL-Đội 8 Tràng An', NULL, NULL, NULL, NULL, NULL, NULL, 318, 1, 2, NULL),
(321, 'BCTA', 'BL-Ngã 4 Cau thua Hung Cong', NULL, 'BL-Ngã 4 Cau thua Hung Cong ', NULL, NULL, NULL, NULL, NULL, NULL, 318, 1, 2, NULL),
(323, 'BDX2', 'BL-VHX Đinh Xá', NULL, 'BL-VHX Đinh Xá', NULL, NULL, NULL, NULL, NULL, NULL, 318, 1, 2, NULL),
(325, 'BDDU', 'BL-Đồng Du', NULL, 'BL-Đồng Du', NULL, NULL, NULL, NULL, '106.026584431529', '20.5345900418274', 318, 1, 1, NULL),
(327, 'BDXA', 'BL-Đinh Xá', NULL, 'BL-Đinh Xá', NULL, NULL, NULL, NULL, '105.966256856918', '20.5420699488375', 318, 1, 1, NULL),
(329, 'BBNA', 'BL-Bình Nghĩa', NULL, 'BL-Bình Nghĩa', NULL, NULL, NULL, NULL, '106.014933586121', '20.5655873255548', 318, 1, 1, NULL),
(331, 'BHCG', 'BL-Hưng Công', NULL, 'BL-Hưng Công', NULL, NULL, NULL, NULL, '106.045446395874', '20.5258136201176', 318, 1, 1, NULL),
(333, 'BCSG', 'BL-Chợ Sông', NULL, 'BL-Chợ Sông', NULL, NULL, NULL, NULL, '106.002209186554', '20.5563782073476', 318, 1, 1, NULL),
(336, 'BNKE', 'BL-Ngô Khê', NULL, 'Ngô Khê - Bình Lục', NULL, NULL, NULL, NULL, '106.019176840782', '20.5750947116994', 318, 1, 1, NULL),
(339, 'PTBD', 'PL-Trường BC I', NULL, 'PL-Trường BC I', NULL, NULL, NULL, NULL, '105.90549', '20.54322', 338, 1, 1, NULL),
(341, 'PLHP', 'PL-T15  Lê Hồng Phong', NULL, 'PL-T15  Lê Hồng Phong', NULL, NULL, NULL, NULL, '105.90171', '20.53994', 338, 1, 1, NULL),
(343, 'PPV2', 'PL-Trạm BTS Thôn 1 Phù vân', NULL, 'PL-Trạm BTS Phù vân (Thôn 1)', NULL, NULL, NULL, NULL, '105.89738', '20.54545', 338, 1, 1, NULL),
(345, 'PPCG', 'PL-Phú Cường', NULL, 'PL-Phú Cường', NULL, NULL, NULL, NULL, NULL, NULL, 338, 1, 2, NULL),
(347, 'PCSN', 'PL-Châu Sơn', NULL, 'PL-Châu Sơn', NULL, NULL, NULL, NULL, '105.90715', '20.52888', 338, 1, 1, NULL),
(349, 'PDNA', 'PL-Đông Nam á', NULL, 'PL-Đông Nam á', NULL, NULL, NULL, NULL, '105.89775', '20.52986', 338, 1, 1, NULL),
(352, 'PT8', 'PL-Tổ 8 Lê Hồng Phong', NULL, 'PL-Tổ 8 Lê Hồng Phong', NULL, NULL, NULL, NULL, NULL, NULL, 338, 1, 2, NULL),
(354, 'PHQC', 'PL-Hàn Quốc', NULL, 'PL-Hàn Quốc', NULL, NULL, NULL, NULL, '105.90005', '20.52222', 338, 1, 1, NULL),
(356, 'PT21', 'PL-Tổ 21 Lê Hồng Phong', NULL, 'PL-Tổ 21 Lê Hồng Phong', NULL, NULL, NULL, NULL, NULL, NULL, 338, 1, 2, NULL),
(358, 'PNHT', 'PL-Nguyễn Hữu Tiến', NULL, 'PL-Nguyễn Hữu Tiến', NULL, NULL, NULL, NULL, '105.90054', '20.53455', 338, 1, 1, NULL),
(360, 'PTHN', 'PL-Khu vực NH Thanh Hiền', NULL, 'PL-Khu vực NH Thanh Hiền', NULL, NULL, NULL, NULL, '105.90547', '20.53938', 338, 1, 1, NULL),
(363, 'KTS1', 'KB-X10 Thi Sơn', NULL, 'KB-X10 Thi Sơn', NULL, NULL, NULL, NULL, NULL, NULL, 362, 1, 2, NULL),
(365, 'KBG', 'Kim Bảng', NULL, 'Kim Bảng', NULL, NULL, NULL, NULL, NULL, NULL, 362, 1, 1, NULL),
(367, 'KKTG', 'KB-Ngã 3 Kim Thượng', NULL, 'KB-Ngã 3 Kim Thượng', NULL, NULL, NULL, NULL, NULL, NULL, 362, 1, 2, NULL),
(369, 'KMNO', 'KB-Mã Não - Ngọc Sơn', NULL, 'KB-Mã Não - Ngọc Sơn', NULL, NULL, NULL, NULL, NULL, NULL, 362, 1, 2, NULL),
(371, 'KTS2', 'KB-Xóm 2 Thi Sơn', NULL, 'KB-Xóm 2 Thi Sơn', NULL, NULL, NULL, NULL, NULL, NULL, 362, 1, 2, NULL),
(373, 'KBLH', 'KB-BTS Bảo linh', NULL, 'KB-BTS Bảo linh', NULL, NULL, NULL, NULL, '105.88349', '20.56942', 362, 1, 1, NULL),
(375, 'KLSN', 'KB-Liên Sơn', NULL, 'KB-Liên Sơn', NULL, NULL, NULL, NULL, '105.85272', '20.56588', 362, 1, 1, NULL),
(377, 'KVXA', 'KB-Văn Xá', NULL, 'KB-Văn Xá', NULL, NULL, NULL, NULL, '105.89729', '20.58939', 362, 1, 1, NULL),
(379, 'KKBH', 'KB-Kim Bình', NULL, 'KB-Kim Bình', NULL, NULL, NULL, NULL, '105.90494', '20.57051', 362, 1, 1, NULL),
(381, 'KNSN', 'KB-Ngọc sơn', NULL, 'KB-Ngọc sơn', NULL, NULL, NULL, NULL, '105.86075', '20.59256', 362, 1, 1, NULL),
(383, 'KQUE', 'KB-TTQuế', NULL, 'KB-TTQuế', NULL, NULL, NULL, NULL, '105.87395', '20.57712', 362, 1, 1, NULL),
(386, 'KDHS', 'KB-Đài Hoa sen', NULL, 'KB- Đài Hoa sen', NULL, NULL, NULL, NULL, '105.84146', '20.55732', 362, 1, 1, NULL),
(388, 'KNS2', 'KB-Ngọc Sơn 2', NULL, 'KB- Ngọc Sơn 2', NULL, NULL, NULL, NULL, '105.86778', '20.58146', 362, 1, 1, NULL),
(390, 'KKT3', 'KB-Thi Sơn 3', NULL, 'KB-Thi Sơn 3 (Xóm 8 - ông Chấn) ', NULL, NULL, NULL, NULL, '105.87658', '20.57447', 362, 1, 1, NULL),
(392, 'KKT2', 'KB-Thi Sơn 2', NULL, 'KB-Thi Sơn 2', NULL, NULL, NULL, NULL, '105.87144', '20.57027', 362, 1, 1, NULL),
(394, 'KVYT', 'KB-VMS-YT Kim Bình', NULL, 'Y Tế Kim Bình', NULL, NULL, NULL, NULL, NULL, NULL, 362, 1, 2, NULL),
(397, 'KX5U', 'KB-Ngã 4 Xóm 5 -Nguyễn úy', NULL, 'KB - Ngã 4 Xóm 5 -Nguyễn úy', NULL, NULL, NULL, NULL, NULL, NULL, 396, 1, 2, NULL),
(399, 'KLNE', 'KB-Xóm 5 Lạc Nhuế - Đồng Hóa', NULL, 'KB - Xóm 5 Lạc Nhuế - Đồng Hóa', NULL, NULL, NULL, NULL, NULL, NULL, 396, 1, 2, NULL),
(401, 'KPLM', 'KB-Phương Lâm Đồng Hóa', NULL, 'KB-Phương Lâm Đồng Hóa', NULL, NULL, NULL, NULL, NULL, NULL, 396, 1, 2, NULL),
(403, 'KPDE', 'KB-Phù Đê', NULL, 'KB-Phù Đê', NULL, NULL, NULL, NULL, NULL, NULL, 396, 1, 2, NULL),
(405, 'KTLI', 'KB-Thụy lôi', NULL, 'KB-Thụy lôi', NULL, NULL, NULL, NULL, '105.84332', '20.58737', 396, 1, 1, NULL),
(407, 'KDHA', 'KB-Đồng Hóa', NULL, 'KB-Đồng Hóa', NULL, NULL, NULL, NULL, '105.87556', '20.60778', 396, 1, 1, NULL),
(409, 'KTLH', 'KB-Tượng Lĩnh', NULL, 'KB-Tượng Lĩnh', NULL, NULL, NULL, NULL, '105.83282', '20.62296', 396, 1, 1, NULL),
(411, 'KNUY', 'KB-Nguyễn Uý', NULL, 'KB-Nguyễn Uý', NULL, NULL, NULL, NULL, '105.84593', '20.64931', 396, 1, 1, NULL),
(413, 'KTSN', 'KB-Tân Sơn', NULL, 'KB-Tân Sơn', NULL, NULL, NULL, NULL, '105.84814', '20.60662', 396, 1, 1, NULL),
(415, 'KLHO', 'KB-Lê Hồ', NULL, 'KB-Lê Hồ', NULL, NULL, NULL, NULL, '105.85968', '20.63629', 396, 1, 1, NULL),
(418, 'KTTI', 'KB-Thuỵ Trại - Tân Sơn', NULL, 'KB-Thuỵ Trại - Tân Sơn', NULL, NULL, NULL, NULL, '105.83006', '20.60195', 396, 1, 1, NULL),
(421, 'KCCH', 'KB-Chợ Chiều Nhật Tân', NULL, 'KB-Chợ Chiều Nhật Tân', NULL, NULL, NULL, NULL, NULL, NULL, 420, 1, 2, NULL),
(423, 'KHTY', 'KB-Hoàng Tây', NULL, 'KB-Hoàng Tây', NULL, NULL, NULL, NULL, '105.91183', '20.60596', 420, 1, 1, NULL),
(425, 'KDCG', 'KB-Đại Cương', NULL, 'KB-Đại Cương', NULL, NULL, NULL, NULL, '105.88234', '20.63975', 420, 1, 1, NULL),
(427, 'KNTU', 'KB-Nhật Tựu', NULL, 'KB-Nhật Tựu', NULL, NULL, NULL, NULL, '105.90042', '20.63822', 420, 1, 1, NULL),
(429, 'KCSG', 'KB-Chợ Sàng', NULL, 'KB-Chợ Sàng', NULL, NULL, NULL, NULL, '105.89844', '20.61631', 420, 1, 1, NULL),
(433, 'TCTT', 'TL-Ngã ba C.Thạch Tổ - Thanh Hà', NULL, 'TL-Ngã ba C.Thạch Tổ - Thanh Hà', NULL, NULL, NULL, NULL, NULL, NULL, 432, 1, 2, NULL),
(435, 'TTPG', 'TL-BTS Thanh Phong', NULL, 'TL-BTS Thanh Phong', NULL, NULL, NULL, NULL, '105.92532', '20.48004', 432, 1, 1, NULL),
(437, 'TTTO', 'TL-Chợ Thạch Tổ-Thanh Hà', NULL, 'TL-Chợ Thạch Tổ-Thanh Hà', NULL, NULL, NULL, NULL, NULL, NULL, 432, 1, 2, NULL),
(439, 'TTBH', 'TL-Thanh Bình', NULL, 'TL-Thanh Bình', NULL, NULL, NULL, NULL, '105.93513', '20.49408', 432, 1, 1, NULL),
(441, 'TTHN', 'TL-Thanh Tuyền', NULL, 'TL-Thanh Tuyền', NULL, NULL, NULL, NULL, '105.91119', '20.50487', 432, 1, 1, NULL),
(443, 'TTTY', 'TL-Thanh Thủy', NULL, 'TL-Thanh Thủy', NULL, NULL, NULL, NULL, '105.89207', '20.48028', 432, 1, 1, NULL),
(445, 'TKKE', 'TL-Kiện Khê', NULL, 'TL-Kiện Khê  ', NULL, NULL, NULL, NULL, '105.89451', '20.50003', 432, 1, 1, NULL),
(447, 'TCGG', 'TL-Cầu Gừng', NULL, 'TL-Cầu Gừng', NULL, NULL, NULL, NULL, '105.91798', '20.49953', 432, 1, 1, NULL),
(451, 'TTB2', 'TL-BTS Thanh Bình 2', NULL, 'TL- BTS Thanh Bình 2', NULL, NULL, NULL, NULL, '105.94974', '20.49063', 450, 1, 1, NULL),
(453, 'TTLA', 'TL-Thôn Lau Liêm Thuận', NULL, 'TL-Thôn Lau Liêm Thuận', NULL, NULL, NULL, NULL, NULL, NULL, 450, 1, 2, NULL),
(455, 'TTTP', 'TL-Thôn tháp', NULL, 'TL-Thôn tháp', NULL, NULL, NULL, NULL, NULL, NULL, 450, 1, 2, NULL),
(457, 'TTLU', 'TL-Thanh Lưu', NULL, 'TL-Thanh Lưu', NULL, NULL, NULL, NULL, '105.93988', '20.47188', 450, 1, 1, NULL),
(459, 'TLSN', 'TL-Liêm Sơn', NULL, 'TL-Liêm Sơn', NULL, NULL, NULL, NULL, '105.96603423357', '20.4394317393676', 450, 1, 2, NULL),
(461, 'TCNA', 'TL-Cầu Nga', NULL, 'TL-Cầu Nga', NULL, NULL, NULL, NULL, '105.95661', '20.47528', 450, 1, 1, NULL),
(464, 'TTNE', 'TL-Thôn Nghè - Liêm Sơn', NULL, 'TL-Thôn Nghè - Liêm Sơn', NULL, NULL, NULL, NULL, '105.95613', '20.45056', 450, 1, 1, NULL),
(466, 'TCTG', 'TL-Chanh Thượng', NULL, 'TL-Liêm sơn Quốc gia', NULL, NULL, NULL, NULL, '105.963742', '20.425192', 450, 1, 1, NULL),
(468, 'TLTN', 'TL-Liêm Thuận', NULL, 'TL-Liêm Thuận', NULL, NULL, NULL, NULL, '105.96487', '20.48428', 450, 1, 1, NULL),
(470, 'TLTC', 'TL-Liêm Túc', NULL, 'TL-Liêm Túc', NULL, NULL, NULL, NULL, '105.96808', '20.46068', 450, 1, 1, NULL),
(473, 'TTNI', 'TL-VHX - Thanh Nghị', NULL, 'TL-VHX - Thanh Nghị ', NULL, NULL, NULL, NULL, NULL, NULL, 472, 1, 2, NULL),
(475, 'TTNG', 'TL-Thanh Nguyên', NULL, 'TL-Thanh Nguyên', NULL, NULL, NULL, NULL, '105.94236', '20.40217', 472, 1, 1, NULL),
(477, 'TDVI', 'TL-Đoan Vĩ', NULL, 'TL- Đoan Vĩ ', NULL, NULL, NULL, NULL, NULL, NULL, 472, 1, 2, NULL),
(479, 'TDVY', 'TL-Đoan Vỹ', NULL, 'TL_Đoan Vỹ', NULL, NULL, NULL, NULL, NULL, NULL, 472, 1, 2, NULL),
(481, 'TTT2', 'TL-Thanh Tâm  2', NULL, 'TL- Thanh Tâm  2', NULL, NULL, NULL, NULL, '105.94013', '20.42077', 472, 1, 1, NULL),
(483, 'TXMG', 'TL-Xi Măng Thanh Liêm', NULL, 'TL-Xi Măng Thanh Liêm', NULL, NULL, NULL, NULL, '105.90208', '20.40787', 472, 1, 1, NULL),
(485, 'TTHI', 'TL-Thanh Hải', NULL, 'TL-Thanh Hải', NULL, NULL, NULL, NULL, '105.92082', '20.38186', 472, 1, 1, NULL),
(487, 'TPCA', 'TL-Phố Cà', NULL, 'TL-Phố Cà', NULL, NULL, NULL, NULL, '105.91832', '20.41685', 472, 1, 1, NULL),
(490, 'TTAN', 'TL-Thanh Nghị', NULL, 'TL-Thanh Nghị', NULL, NULL, NULL, NULL, '105.88341', '20.41662', 472, 1, 1, NULL),
(492, 'TTNN', 'TL-Tri Ngôn', NULL, 'TL-Tri Ngôn', NULL, NULL, NULL, NULL, '105.91454', '20.39832', 472, 1, 1, NULL),
(494, 'TXMX', 'TL-Xi măng Xuân thành', NULL, 'TL-Xi măng Xuân thành', NULL, NULL, NULL, NULL, NULL, NULL, 472, 1, 2, NULL),
(497, 'BULS', 'BL-UBND La Sơn', NULL, 'BL - UBND La Sơn', NULL, NULL, NULL, NULL, NULL, NULL, 496, 1, 2, NULL),
(499, 'BTHA', 'BL-Ngã 3 Tiêu Hạ', NULL, 'BL-Ngã 3 Tiêu Hạ', NULL, NULL, NULL, NULL, NULL, NULL, 496, 1, 2, NULL),
(501, 'BAL2', 'BL-An Lão 2', NULL, 'BL-An Lão 2', NULL, NULL, NULL, NULL, '106.01542', '20.43242', 496, 1, 1, NULL),
(503, 'BLSN', 'BL-La Sơn', NULL, 'BL-La Sơn', NULL, NULL, NULL, NULL, '105.99828', '20.46486', 496, 1, 1, NULL),
(505, 'BADO', 'BL-An Đổ', NULL, 'BL-An Đổ', NULL, NULL, NULL, NULL, '106.02603', '20.46534', 496, 1, 1, NULL),
(507, 'BBHG', 'BL-Ba Hàng', NULL, 'BL- Ba Hàng', NULL, NULL, NULL, NULL, '106.00625', '20.44384', 496, 1, 1, NULL),
(509, 'BALO', 'BL-An Lão', NULL, 'BL-An Lão', NULL, NULL, NULL, NULL, '106.00503', '20.41563', 496, 1, 1, NULL),
(512, 'BTIH', 'BL-Tiêu Hạ', NULL, 'Tiêu Hạ - Bình Lục', NULL, NULL, NULL, NULL, '106.02618', '20.44151', 496, 1, 1, NULL),
(515, 'KTGM', 'KB-Trại giam tân lang', NULL, 'KB- Trại giam tân lang', NULL, NULL, NULL, NULL, NULL, NULL, 514, 1, 2, NULL),
(517, 'KPTH', 'KB-BTS Đài PT Ba Sao', NULL, 'KB-BTS Đài PT Ba Sao', NULL, NULL, NULL, NULL, '105.81497', '20.54985', 514, 1, 1, NULL),
(519, 'KTLG', 'KB-Tân Lang', NULL, 'KB-Tân Lang', NULL, NULL, NULL, NULL, '105.81455', '20.59004', 514, 1, 1, NULL),
(521, 'KKPG', 'KB-Khả Phong', NULL, 'KB-Khả Phong', NULL, NULL, NULL, NULL, '105.83372', '20.58869', 514, 1, 1, NULL),
(523, 'KBS2', 'KB-Ba Sao 2', NULL, 'KB-Ba Sao 2', NULL, NULL, NULL, NULL, '105.81022', '20.53495', 514, 1, 1, NULL),
(525, 'KBSO', 'KB-Ba Sao', NULL, 'KB-Ba Sao', NULL, NULL, NULL, NULL, '105.81822', '20.56217', 514, 1, 1, NULL),
(528, 'KBS3', 'KB- Ba Sao 3', NULL, 'KB - Ba Sao 3 (Xóm 7)', NULL, NULL, NULL, NULL, '105.80851', '20.50743', 514, 1, 1, NULL),
(530, 'KBS4', 'KB-Ba Sao 4', NULL, 'KB-Ba Sao 4 (Viện Phong)', NULL, NULL, NULL, NULL, '105.79653', '20.53426', 514, 1, 1, NULL),
(532, 'KX5B', 'KB-VMS-Xóm 5 Ba Sao', NULL, 'KB-VMS-Xóm 5 Ba Sao', NULL, NULL, NULL, NULL, NULL, NULL, 514, 1, 2, NULL),
(534, 'KBX6B', 'KB-VMS-Xóm 6 Ba Sao', NULL, 'KB-VMS-Xóm 5 Ba Sao', NULL, NULL, NULL, NULL, '0', '0', 514, 1, 2, NULL),
(537, 'TTDO', 'TL-Thôn Đào - Liêm Tiết', NULL, 'TL- Thôn Đào - Liêm Tiết', NULL, NULL, NULL, NULL, NULL, NULL, 536, 1, 2, NULL),
(539, 'TLPG', 'TL-Liêm Phong', NULL, 'TL-Liêm Phong', NULL, NULL, NULL, NULL, '105.97742', '20.50106', 536, 1, 1, NULL),
(541, 'TPDG', 'TL-Phố Động', NULL, 'TL-Phố Động', NULL, NULL, NULL, NULL, '105.96676', '20.50527', 536, 1, 1, NULL),
(544, 'TBTO', 'TL-Bảo trợ xã hội', NULL, 'TL-Bảo trợ xã hội', NULL, NULL, NULL, NULL, '105.95388', '20.51721', 536, 1, 1, NULL),
(547, 'BYTE', 'BL-Trạm Y tế - An nội', NULL, 'BL- Trạm Y tế - An nội', NULL, NULL, NULL, NULL, NULL, NULL, 546, 1, 2, NULL),
(549, 'B5AN', 'BL-Thôn 5 - An Ninh', NULL, 'BL- Thôn 5 - An Ninh', NULL, NULL, NULL, NULL, NULL, NULL, 546, 1, 2, NULL),
(551, 'BNGU', 'BL-Đội 12 Ngọc Lũ', NULL, 'BL-Đội 12 Ngọc Lũ', NULL, NULL, NULL, NULL, NULL, NULL, 546, 1, 1, NULL),
(553, 'BVB', 'BL-Ba Hàng Vụ Bản', NULL, 'BL-Ba Hàng Vụ Bản (BTS)', NULL, NULL, NULL, NULL, NULL, NULL, 546, 1, 1, NULL),
(555, 'BBCU', 'BL-Bối cầu', NULL, 'BL-Bối cầu', NULL, NULL, NULL, NULL, '106.05367', '20.50328', 546, 1, 1, NULL),
(557, 'BNLU', 'BL-Ngọc Lũ', NULL, 'BL-Ngọc Lũ', NULL, NULL, NULL, NULL, '106.085840463638', '20.5198501889182', 546, 1, 1, NULL),
(559, 'BANH', 'BL-An Ninh', NULL, 'BL-An Ninh', NULL, NULL, NULL, NULL, '106.129351258278', '20.5147833506337', 546, 1, 1, NULL),
(561, 'BANI', 'BL-An Nội', NULL, 'BL-An Nội', NULL, NULL, NULL, NULL, '106.06068', '20.49059', 546, 1, 1, NULL),
(563, 'BBDE', 'BL-Bồ Đề', NULL, 'BL-Bồ Đề', NULL, NULL, NULL, NULL, '106.096987724304', '20.5078623363125', 546, 1, 1, NULL),
(565, 'BVBN', 'BL-Vũ Bản', NULL, 'BL-Vũ Bản', NULL, NULL, NULL, NULL, '106.089979112148', '20.4753331506848', 546, 1, 1, NULL),
(568, 'BVB2', 'BL-Xóm Hậu Vũ Bản', NULL, 'Xóm  Hậu Vũ Bản - Bình Lục', NULL, NULL, NULL, NULL, '106.092701554298', '20.4932304586984', 546, 1, 1, NULL),
(570, 'BX8A', 'BL-Xóm 8 An Ninh', NULL, 'Xóm 8 An Ninh - Bình Lục', NULL, NULL, NULL, NULL, '106.119421720505', '20.4978985411878', 546, 1, 1, NULL),
(577, 'PANH', 'PL-Tổ 15 Trần Hưng Đạo', NULL, 'Tổ 11, Phường Trần Hưng Đạo, Thành phố Phủ Lý, Hà Nam', NULL, NULL, NULL, NULL, NULL, NULL, 576, 1, 2, NULL),
(579, 'PTTA', 'PL-Thôn Thá', NULL, 'PL_Thôn Thá', NULL, NULL, NULL, NULL, NULL, NULL, 576, 1, 2, NULL),
(581, 'PLET', 'PL-Trạm BTS Lê Công Thanh', NULL, 'PL-Trạm BTS Lê Công Thanh', NULL, NULL, NULL, NULL, '105.92038', '20.53893', 576, 1, 1, NULL),
(583, 'PLTN', 'PL-Liêm tuyền', NULL, 'PL-Liêm tuyền', NULL, NULL, NULL, NULL, '105.95209', '20.53684', 576, 1, 1, NULL),
(585, 'PMKI', 'PL-Minh khôi', NULL, 'PL-Minh khôi', NULL, NULL, NULL, NULL, '105.92318', '20.53785', 576, 1, 1, NULL),
(587, 'PNTD', 'PL-Nam T.H.Đạo', NULL, 'PL-Nam T.H.Đạo', NULL, NULL, NULL, NULL, '105.93333', '20.53791', 576, 1, 1, NULL),
(589, 'PVLO', 'PL-Viện Lao', NULL, 'PL- Viện Lao', NULL, NULL, NULL, NULL, '105.92909', '20.53641', 576, 1, 1, NULL),
(591, 'PVKU', 'PL-Vực Kiếu', NULL, 'PL-Vực Kiếu', NULL, NULL, NULL, NULL, '105.93433', '20.54452', 576, 1, 1, NULL),
(593, 'PCDM', 'PL-Chợ Đầm', NULL, 'PL-Chợ Đầm', NULL, NULL, NULL, NULL, NULL, NULL, 576, 1, 2, NULL),
(596, 'PTXA', 'PL-Triệu Xá', NULL, 'PL_Triệu Xá', NULL, NULL, NULL, NULL, '105.94295', '20.536297', 576, 1, 1, NULL),
(599, 'KX6P', 'KB-Nhà VH Xóm 6 - Phú Viên', NULL, 'KB- Nhà VH Xóm 6 - Phú Viên', NULL, NULL, NULL, NULL, NULL, NULL, 598, 1, 2, NULL),
(601, 'KD74', 'KB-Đ74 Bút sơn', NULL, 'KB-Đ74 Bút sơn', NULL, NULL, NULL, NULL, NULL, NULL, 598, 1, 2, NULL),
(603, 'KPTY', 'KB-Phù Thụy', NULL, 'KB-Phù Thụy ', NULL, NULL, NULL, NULL, NULL, NULL, 598, 1, 2, NULL),
(605, 'KTSO', 'KB-Thanh Sơn', NULL, 'KB-Thanh Sơn', NULL, NULL, NULL, NULL, '105.89038', '20.55353', 598, 1, 1, NULL),
(608, 'KKKQ', 'KB-Khu Q', NULL, 'KB - Khu Q', NULL, NULL, NULL, NULL, '105.86214', '20.5386', 598, 1, 1, NULL),
(610, 'KTH2', 'KB-Thanh Sơn 2', NULL, 'KB-Thanh Sơn 2', NULL, NULL, NULL, NULL, '105.87779', '20.55275', 598, 1, 1, NULL),
(615, 'TNKN', 'TL-Nham Kênh', NULL, 'TL- Nham Kênh', NULL, NULL, NULL, NULL, '105.90479', '20.42993', 614, 1, 1, NULL),
(617, 'TDBI', 'TL-Dốc Bói', NULL, 'TL-Dốc Bói', NULL, NULL, NULL, NULL, '105.92038', '20.46792', 614, 1, 1, NULL),
(619, 'TTTN', 'TL-Thanh Tân', NULL, 'TL-Thanh Tân', NULL, NULL, NULL, NULL, '105.89664', '20.45885', 614, 1, 1, NULL),
(621, 'TTTM', 'TL-Thanh Tâm', NULL, 'TL-Thanh Tâm', NULL, NULL, NULL, NULL, '105.93986', '20.44023', 614, 1, 1, NULL),
(623, 'TPTG', 'TL-Phố Tâng', NULL, 'TL-Phố Tâng', NULL, NULL, NULL, NULL, '105.91553', '20.44842', 614, 1, 1, NULL),
(627, 'PTHD', 'PL-Đô Thị NTHĐ', NULL, 'PL-Đô Thị NTHĐ', NULL, NULL, NULL, NULL, '105.92111', '20.53293', 626, 1, 1, NULL),
(629, 'PDXA', 'PL-Ngã ba Đọ Xá', NULL, 'PL-Ngã ba Đọ Xá', NULL, NULL, NULL, NULL, NULL, NULL, 626, 1, 2, NULL),
(631, 'PTCU', 'PL-TĐC Thanh châu', NULL, 'PL-TĐC Thanh châu', NULL, NULL, NULL, NULL, '105.92081', '20.52584', 626, 1, 1, NULL),
(633, 'PTC2', 'PL-Thanh Châu.Tuyến', NULL, 'PL-Thanh Châu.Tuyến', NULL, NULL, NULL, NULL, '105.91914', '20.52057', 626, 1, 1, NULL),
(635, 'PLCG', 'PL-Liêm Chung', NULL, 'PL-Liêm Chung', NULL, NULL, NULL, NULL, '105.933887958527', '20.5253263054773', 626, 1, 1, NULL),
(637, 'PTCA', 'PL-Thanh châu', NULL, 'PL-Thanh châu', NULL, NULL, NULL, NULL, NULL, NULL, 626, 1, 2, NULL),
(639, 'PCTI', 'PL-BTS - Hồ cống trôi', NULL, 'PL-BTS - Hồ cống trôi', NULL, NULL, NULL, NULL, '105.91834', '20.53189', 626, 1, 1, NULL),
(642, 'PVLT', 'PL-VMS-Nhà máy lương thực', NULL, 'PL-VMS-Nhà máy lương thực', NULL, NULL, NULL, NULL, NULL, NULL, 626, 1, 2, NULL),
(645, 'LXBM', 'LN-Cây xăng B.Minh - Nguyên Lý', NULL, 'LN-Cây xăng B.Minh - Nguyên Lý', NULL, NULL, NULL, NULL, NULL, NULL, 644, 1, 2, NULL),
(647, 'LCH2', 'LN-Xóm 11 xã Chính Lý', NULL, 'LN-Xóm 11 xã Chính Lý', NULL, NULL, NULL, NULL, NULL, NULL, 644, 1, 2, NULL),
(649, 'LCH4', 'LN-Xóm 6 - Chính Lý', NULL, 'LN-Xóm 6 - Chính Lý', NULL, NULL, NULL, NULL, NULL, NULL, 644, 1, 2, NULL),
(651, 'LHLY', 'LN-Hợp Lý', NULL, 'LN-Hợp Lý', NULL, NULL, NULL, NULL, '105.98592', '20.607201', 644, 1, 1, NULL),
(653, 'LNLY', 'LN-Nguyên Lý', NULL, 'LN-Nguyên Lý', NULL, NULL, NULL, NULL, '106.05062', '20.59825', 644, 1, 1, NULL),
(655, 'LVLY', 'LN-Văn Lý', NULL, 'LN-Văn Lý', NULL, NULL, NULL, NULL, '105.99298', '20.57711', 644, 1, 1, NULL),
(657, 'LCHL', 'LN-Chính Lý', NULL, 'LN-Chính Lý', NULL, NULL, NULL, NULL, '106.02682', '20.60738', 644, 1, 1, NULL),
(25287, 'PVCM', 'PL-Vincom', NULL, 'Đường Biên Hòa, Phường Minh Khai, Thành phố Phủ Lý, Hà Nam', NULL, NULL, NULL, NULL, '105.917249', '20.543461', 120, 1, 1, NULL),
(25300, 'TTN2', 'TL-Thanh Tân 2', NULL, 'TL-Thanh Tân 2', NULL, NULL, NULL, NULL, '105.90281', '20.44559', 614, 1, 1, NULL),
(25301, 'BDA2', 'BL- Đinh Xá 2', NULL, 'Đinh xá 2', NULL, NULL, NULL, NULL, '105.978215', '20.56035', 318, 1, 1, NULL),
(25302, 'BTL2', 'BL-Trung Lương 2', NULL, 'BL-Trung Lương 2', NULL, NULL, NULL, NULL, '106.04259', '20.46266', 292, 1, 1, NULL),
(25303, 'LX22', 'LN - Xóm 2 Hòa Hậu', NULL, 'LN - Xóm 2 Hòa Hậu', NULL, NULL, NULL, NULL, '106.16521', '20.48467', 225, 1, 1, NULL),
(25304, 'KNTN', 'KB - Nhật Tân', NULL, 'KB - Nhật Tân', NULL, NULL, NULL, NULL, '105.88744', '20.618909', 420, 1, 1, NULL),
(25305, 'PNET1', 'PL_Net 1 Hà Nam', NULL, '114, Đường Trần Phú, Phường Quang Trung, Thành phố Phủ Lý, Hà Nam', NULL, NULL, NULL, NULL, '0', '0', 120, 1, 2, NULL),
(25307, 'LX15', 'LN-Xóm 15 - Chính Lý', NULL, 'LN - Xóm 15 Chính Lý', NULL, NULL, NULL, NULL, '0', '0', 644, 1, 1, NULL),
(25308, 'BMTO', 'Bình Lục -  Mỹ Thọ', NULL, 'Bình Lục -  Mỹ Thọ', NULL, NULL, NULL, NULL, '106.005870401859', '20.4846174985751', 292, 1, 1, NULL),
(25309, 'KBSV', 'KB-Ba Sao_VMS', NULL, 'KB-Ba Sao VMS', NULL, NULL, NULL, NULL, '0', '0', 514, 1, 1, NULL),
(25310, 'LCXA', 'LN-Chương xá', NULL, 'LN-Chương xá', NULL, NULL, NULL, NULL, '0', '0', 192, 1, 1, NULL),
(25311, 'BX7T', 'BL-Xóm 7 Tràng An', NULL, 'BL-Xóm 7 Tràng An', NULL, NULL, NULL, NULL, '0', '0', 292, 1, 2, NULL),
(25313, 'DKC3', 'DT-Khu CN Đồng Văn 3', NULL, 'Khu CN Đồng Văn 3', NULL, NULL, NULL, NULL, '0', '0', 71, 1, 1, NULL),
(25314, 'BD2T', 'BL-Đội 2 Tràng An', NULL, 'Đội 2 Tràng An', NULL, NULL, NULL, NULL, '0', '0', 318, 1, 1, NULL),
(25316, 'KTCC', 'KB-Tam Chúc ', NULL, 'KB-Tam Chúc ', NULL, NULL, NULL, NULL, '0', '0', 514, 1, 1, NULL),
(25317, 'KBKP2', 'KB-Khả Phong 2', NULL, 'KB-Khả Phong 2', NULL, NULL, NULL, NULL, '0', '0', 514, 1, 1, NULL),
(25318, 'KDMO', 'KB-Đức Mộ', NULL, 'KB-Đức Mộ', NULL, NULL, NULL, NULL, '0', '0', 396, 1, 1, NULL),
(25319, 'PX4L', 'PL-Xóm 4 Liêm Chung', NULL, 'PL-Xóm 4 Liêm Chung', NULL, NULL, NULL, NULL, '0', '0', 626, 1, 1, NULL),
(25320, 'TLTT', 'TL-Liêm Tiết', NULL, 'TL-Liêm Tiết', NULL, NULL, NULL, NULL, '0', '0', 536, 1, 1, NULL),
(25327, 'TXMT', 'TL-Trạm mỏ Xi măng thành thắng ', NULL, 'Trạm mỏ Xi măng thành thắng', NULL, NULL, NULL, NULL, '0', '0', 472, 1, 1, NULL),
(25328, 'LDTT', 'LN- Đền trần thương', NULL, 'LN- Đền trần thương', NULL, NULL, NULL, NULL, '0', '0', 192, 1, 1, NULL),
(25333, 'TDUL', 'TL-Đình Ứng Liêm', NULL, 'TL-Đình Ứng Liêm', NULL, NULL, NULL, NULL, '0', '0', 432, 1, 1, NULL),
(25334, 'TBTN', 'TL-Trạm BA Thanh Nghị', NULL, 'Trạm BA Thanh Nghị', NULL, NULL, NULL, NULL, '0', '0', 472, 1, 1, NULL),
(25335, 'KBNS', 'KB-trạm BA Ngọc Sơn', NULL, 'trạm BA Ngọc Sơn', NULL, NULL, NULL, NULL, '0', '0', 362, 1, 1, NULL),
(25336, 'DYKK', 'DT-Công Ty YKK', NULL, 'DT-Công Ty YKK', NULL, NULL, NULL, NULL, '0', '0', 71, 1, 1, NULL),
(25337, 'DSMA', 'DT-Công Ty SMAC', NULL, 'DT-Công Ty SMAC', NULL, NULL, NULL, NULL, '0', '0', 71, 1, 1, NULL),
(25338, 'TTTG', 'TL- Công Ty Thành Thắng', NULL, 'TL- Công Ty Thành Thắng', NULL, NULL, NULL, NULL, '0', '0', 472, 1, 1, NULL),
(25339, 'TTG2', 'TL-Công Ty Thành Thắng 2', NULL, 'Công Ty Thành Thắng 2', NULL, NULL, NULL, NULL, '0', '0', 472, 1, 1, NULL),
(25340, 'KQIS', 'KB-Công ty TNHH Qisda', NULL, 'Kim Bảng - Chợ sàng', NULL, NULL, NULL, NULL, '0', '0', 420, 1, 1, NULL),
(25342, 'KTVX', 'KB-Thôn Tranh Văn Xá', NULL, 'KB-Thôn Tranh Văn Xá', NULL, NULL, NULL, NULL, '0', '0', 362, NULL, 1, NULL),
(25343, 'KTNS', 'KB-Thụy Xuyên Ngọc Sơn', NULL, 'KB-Thụy Xuyên Ngọc Sơn', NULL, NULL, NULL, NULL, '0', '0', 362, NULL, 1, NULL),
(25344, 'LX3N', 'LN-Xóm 3 - Nhân nghĩa', NULL, 'LN-Xóm 3 - Nhân nghĩa', NULL, NULL, NULL, NULL, '0', '0', 156, NULL, 1, NULL),
(25345, 'LHLC', 'LN-Hồng Lý - Chân Lý', NULL, 'LN-Hồng Lý - Chân Lý', NULL, NULL, NULL, NULL, '0', '0', 192, NULL, 1, NULL),
(25346, 'LDHP', 'LN-Duyên Hà - Phú Phúc', NULL, 'LN-Duyên Hà - Phú Phúc', NULL, NULL, NULL, NULL, '0', '0', 225, NULL, 1, NULL),
(25347, 'LTHV', 'LN-Tả Hà - Văn Lý', NULL, 'LN-Tả Hà - Văn Lý', NULL, NULL, NULL, NULL, '0', '0', 644, NULL, 1, NULL),
(25348, 'LQTV', 'LN-Quan Trung - Văn Lý', NULL, 'LN-Quan Trung - Văn Lý', NULL, NULL, NULL, NULL, '0', '0', 644, NULL, 1, NULL),
(25349, 'LNMN', 'LNN-NM nước sạch Hợp Lý  ', NULL, 'LNN-NM nước sạch Hợp Lý  ', NULL, NULL, NULL, NULL, '0', '0', 644, NULL, 1, NULL),
(25350, 'TTHG', 'TL-Lác Chiều - Thanh Hương', NULL, 'TL-Lác Chiều - Thanh Hương', NULL, NULL, NULL, NULL, '0', '0', 614, NULL, 1, NULL),
(25351, 'TTKE', 'TL-KV Tây Kiện Khê', NULL, 'TL-KV Tây Kiện Khê', NULL, NULL, NULL, NULL, '0', '0', 432, NULL, 1, NULL),
(25353, 'DYN2', 'DT-Yên Nam II', NULL, 'DT-Yên Nam II', NULL, NULL, NULL, NULL, '0', '0', 136, NULL, 1, NULL),
(25354, 'DPNN', 'DT-KV Phạm Ngọc Nhị', NULL, 'DT-KV Phạm Ngọc Nhị', NULL, NULL, NULL, NULL, '0', '0', 71, NULL, 1, NULL),
(25355, 'DCCG', 'DT-Chìa Xá Châu Giang', NULL, 'DT-Chìa Xá Châu Giang', NULL, NULL, NULL, NULL, '0', '0', 255, NULL, 1, NULL),
(25356, 'PTNM', 'PL-KCN Tây Nam Phủ Lý', NULL, 'PL-KCN Tây Nam Phủ Lý', NULL, NULL, NULL, NULL, '0', '0', 338, NULL, 1, NULL),
(25357, 'TBVK', 'PL-BV Đa Khoa Tỉnh', NULL, 'PL-BV Đa Khoa Tỉnh', NULL, NULL, NULL, NULL, '0', '0', 120, NULL, 1, NULL),
(25358, 'PKLH', 'PL-KĐT Lam Hạ', NULL, 'PL-KĐT Lam Hạ', NULL, NULL, NULL, NULL, '0', '0', 9, NULL, 1, NULL),
(25359, 'PT4P', 'PL-Thôn 4 Phù Vân', NULL, 'PL-Thôn 4 Phù Vân', NULL, NULL, NULL, NULL, '0', '0', 9, NULL, 1, NULL);

-- --------------------------------------------------------

--
-- Cấu trúc bảng cho bảng `user`
--

DROP TABLE IF EXISTS `user`;
CREATE TABLE IF NOT EXISTS `user` (
  `id` int(11) NOT NULL AUTO_INCREMENT,
  `username` varchar(255) NOT NULL,
  `auth_key` varchar(32) CHARACTER SET utf8 COLLATE utf8_unicode_ci NOT NULL,
  `password_hash` varchar(255) CHARACTER SET utf8 COLLATE utf8_unicode_ci NOT NULL,
  `password_reset_token` varchar(255) CHARACTER SET utf8 COLLATE utf8_unicode_ci DEFAULT NULL,
  `email` varchar(255) DEFAULT NULL,
  `avatar` varchar(255) NOT NULL DEFAULT 'dist/img/default_picture.png',
  `status` smallint(6) NOT NULL DEFAULT '10',
  `created_at` int(11) NOT NULL,
  `updated_at` int(11) NOT NULL,
  PRIMARY KEY (`id`),
  UNIQUE KEY `username` (`username`),
  UNIQUE KEY `email` (`email`),
  UNIQUE KEY `password_reset_token` (`password_reset_token`)
) ENGINE=InnoDB AUTO_INCREMENT=13845 DEFAULT CHARSET=utf8;

--
-- Đang đổ dữ liệu cho bảng `user`
--

INSERT INTO `user` (`id`, `username`, `auth_key`, `password_hash`, `password_reset_token`, `email`, `avatar`, `status`, `created_at`, `updated_at`) VALUES
(0, 'not_available', 'RyxR8FTNrhX2E6eGrhBfXjc6iPrFFqgZ', '$2y$13$NJ/j/XAeTjdJzc/lrSU6Mu.8t/.bfm9ZG6kWErotrd/bb.xEOGHbS', NULL, 'not_available', 'dist/img/default_picture.png', 0, 1538376194, 1545728466),
(1, 'admin', 'RyxR8FTNrhX2E6eGrhBfXjc6iPrFFqgZ', '$2y$13$NJ/j/XAeTjdJzc/lrSU6Mu.8t/.bfm9ZG6kWErotrd/bb.xEOGHbS', NULL, 'admin', 'dist/img/1_ava.png', 10, 1532577440, 1584021008),
(4, 'dientc.hnm', 'RyxR8FTNrhX2E6eGrhBfXjc6iPrFFqgZ', '$2y$13$NJ/j/XAeTjdJzc/lrSU6Mu.8t/.bfm9ZG6kWErotrd/bb.xEOGHbS', NULL, 'dientc.hnm@vnpt.vn', 'dist/img/1_ava.png', 10, 1532577440, 1532577440),
(5, 'duongdh.hnm', 'RyxR8FTNrhX2E6eGrhBfXjc6iPrFFqgZ', '$2y$13$NJ/j/XAeTjdJzc/lrSU6Mu.8t/.bfm9ZG6kWErotrd/bb.xEOGHbS', NULL, 'duongdh.hnm@vnpt.vn', 'dist/img/1_ava.png', 10, 1532577440, 1532577440),
(6, 'binhbv.hnm', 'RyxR8FTNrhX2E6eGrhBfXjc6iPrFFqgZ', '$2y$13$NJ/j/XAeTjdJzc/lrSU6Mu.8t/.bfm9ZG6kWErotrd/bb.xEOGHbS', NULL, 'binhbv.hnm@vnpt.vn', 'dist/img/1_ava.png', 10, 1532577440, 1532577440),
(7, 'thuyvt.hnm', 'RyxR8FTNrhX2E6eGrhBfXjc6iPrFFqgZ', '$2y$13$NJ/j/XAeTjdJzc/lrSU6Mu.8t/.bfm9ZG6kWErotrd/bb.xEOGHbS', NULL, 'thuyvt.hnm@vnpt.vn', 'dist/img/1_ava.png', 10, 1532577440, 1532577440),
(8, 'ducbv.hnm', 'RyxR8FTNrhX2E6eGrhBfXjc6iPrFFqgZ', '$2y$13$NJ/j/XAeTjdJzc/lrSU6Mu.8t/.bfm9ZG6kWErotrd/bb.xEOGHbS', NULL, 'ducbv.hnm@vnpt.vn', 'dist/img/1_ava.png', 10, 1532577440, 1532577440),
(9, 'quytn.hnm', 'RyxR8FTNrhX2E6eGrhBfXjc6iPrFFqgZ', '$2y$13$NJ/j/XAeTjdJzc/lrSU6Mu.8t/.bfm9ZG6kWErotrd/bb.xEOGHbS', NULL, 'quytn.hnm@vnpt.vn', 'dist/img/1_ava.png', 10, 1532577440, 1532577440),
(15, 'hanhvt.hnm', 'RyxR8FTNrhX2E6eGrhBfXjc6iPrFFqgZ', '$2y$13$NJ/j/XAeTjdJzc/lrSU6Mu.8t/.bfm9ZG6kWErotrd/bb.xEOGHbS', NULL, 'hanhvt.hnm@vnpt.vn', 'dist/img/1_ava.png', 10, 1532577440, 1532577440),
(16, 'huynhtd.hnm', 'RyxR8FTNrhX2E6eGrhBfXjc6iPrFFqgZ', '$2y$13$NJ/j/XAeTjdJzc/lrSU6Mu.8t/.bfm9ZG6kWErotrd/bb.xEOGHbS', NULL, 'huynhtd.hnm@vnpt.vn', 'dist/img/1_ava.png', 10, 1532577440, 1532577440),
(17, 'ntphong.hnm', 'RyxR8FTNrhX2E6eGrhBfXjc6iPrFFqgZ', '$2y$13$NJ/j/XAeTjdJzc/lrSU6Mu.8t/.bfm9ZG6kWErotrd/bb.xEOGHbS', NULL, 'ntphong.hnm@vnpt.vn', 'dist/img/1_ava.png', 10, 1532577440, 1532577440),
(18, 'tuenm.hnm', 'RyxR8FTNrhX2E6eGrhBfXjc6iPrFFqgZ', '$2y$13$NJ/j/XAeTjdJzc/lrSU6Mu.8t/.bfm9ZG6kWErotrd/bb.xEOGHbS', NULL, 'tuenm.hnm@vnpt.vn', 'dist/img/1_ava.png', 10, 1532577440, 1532577440),
(19, 'binhnt.hnm', 'RyxR8FTNrhX2E6eGrhBfXjc6iPrFFqgZ', '$2y$13$NJ/j/XAeTjdJzc/lrSU6Mu.8t/.bfm9ZG6kWErotrd/bb.xEOGHbS', NULL, 'binhnt.hnm@vnpt.vn', 'dist/img/1_ava.png', 10, 1532577440, 1532577440),
(20, 'cuongkn.hnm', 'RyxR8FTNrhX2E6eGrhBfXjc6iPrFFqgZ', '$2y$13$NJ/j/XAeTjdJzc/lrSU6Mu.8t/.bfm9ZG6kWErotrd/bb.xEOGHbS', NULL, 'cuongkn.hnm@vnpt.vn', 'dist/img/1_ava.png', 10, 1532577440, 1532577440),
(21, 'thuongtt.hnm', 'RyxR8FTNrhX2E6eGrhBfXjc6iPrFFqgZ', '$2y$13$NJ/j/XAeTjdJzc/lrSU6Mu.8t/.bfm9ZG6kWErotrd/bb.xEOGHbS', NULL, 'thuongtt.hnm@vnpt.vn', 'dist/img/1_ava.png', 10, 1532577440, 1532577440),
(22, 'quynhtd.hnm', 'RyxR8FTNrhX2E6eGrhBfXjc6iPrFFqgZ', '$2y$13$NJ/j/XAeTjdJzc/lrSU6Mu.8t/.bfm9ZG6kWErotrd/bb.xEOGHbS', NULL, 'quynhnv.hnm@vnpt.vn', 'dist/img/1_ava.png', 10, 1532577440, 1532577440),
(23, 'anhtuan.hnm', 'RyxR8FTNrhX2E6eGrhBfXjc6iPrFFqgZ', '$2y$13$NJ/j/XAeTjdJzc/lrSU6Mu.8t/.bfm9ZG6kWErotrd/bb.xEOGHbS', NULL, 'anhtuan.hnm@vnpt.vn', 'dist/img/1_ava.png', 10, 1532577440, 1532577440),
(24, 'chungdv.hnm', 'RyxR8FTNrhX2E6eGrhBfXjc6iPrFFqgZ', '$2y$13$NJ/j/XAeTjdJzc/lrSU6Mu.8t/.bfm9ZG6kWErotrd/bb.xEOGHbS', NULL, 'chungdv.hnm@vnpt.vn', 'dist/img/1_ava.png', 10, 1532577440, 1532577440),
(25, 'hatt.hnm', 'RyxR8FTNrhX2E6eGrhBfXjc6iPrFFqgZ', '$2y$13$NJ/j/XAeTjdJzc/lrSU6Mu.8t/.bfm9ZG6kWErotrd/bb.xEOGHbS', NULL, 'hatt.hnm@vnpt.vn', 'dist/img/1_ava.png', 10, 1532577440, 1532577440),
(33, 'hanhnth.hnm', 'RyxR8FTNrhX2E6eGrhBfXjc6iPrFFqgZ', '$2y$13$NJ/j/XAeTjdJzc/lrSU6Mu.8t/.bfm9ZG6kWErotrd/bb.xEOGHbS', NULL, 'hanhnth.hnm@vnpt.vn', 'dist/img/1_ava.png', 10, 1532577440, 1532577440),
(44, 'hoanhtv.hnm', 'RyxR8FTNrhX2E6eGrhBfXjc6iPrFFqgZ', '$2y$13$NJ/j/XAeTjdJzc/lrSU6Mu.8t/.bfm9ZG6kWErotrd/bb.xEOGHbS', NULL, 'hoanhtv.hnm@vnpt.vn', 'dist/img/1_ava.png', 10, 1532577440, 1532577440),
(46, 'toanvv.hnm', 'RyxR8FTNrhX2E6eGrhBfXjc6iPrFFqgZ', '$2y$13$NJ/j/XAeTjdJzc/lrSU6Mu.8t/.bfm9ZG6kWErotrd/bb.xEOGHbS', NULL, 'toanvv.hnm@vnpt.vn', 'dist/img/1_ava.png', 10, 1532577440, 1532577440),
(49, 'tdlong.hnm', 'RyxR8FTNrhX2E6eGrhBfXjc6iPrFFqgZ', '$2y$13$NJ/j/XAeTjdJzc/lrSU6Mu.8t/.bfm9ZG6kWErotrd/bb.xEOGHbS', NULL, 'tdlong.hnm@vnpt.vn', 'dist/img/1_ava.png', 10, 1532577440, 1532577440),
(57, 'cuongch.hnm', 'RyxR8FTNrhX2E6eGrhBfXjc6iPrFFqgZ', '$2y$13$NJ/j/XAeTjdJzc/lrSU6Mu.8t/.bfm9ZG6kWErotrd/bb.xEOGHbS', NULL, 'cuongch.hnm@vnpt.vn', 'dist/img/1_ava.png', 10, 1532577440, 1532577440),
(63, 'quanph.hnm', 'RyxR8FTNrhX2E6eGrhBfXjc6iPrFFqgZ', '$2y$13$NJ/j/XAeTjdJzc/lrSU6Mu.8t/.bfm9ZG6kWErotrd/bb.xEOGHbS', NULL, 'quanph.hnm@vnpt.vn', 'dist/img/1_ava.png', 10, 1532577440, 1532577440),
(64, 'hiennt.hnm', 'RyxR8FTNrhX2E6eGrhBfXjc6iPrFFqgZ', '$2y$13$NJ/j/XAeTjdJzc/lrSU6Mu.8t/.bfm9ZG6kWErotrd/bb.xEOGHbS', NULL, 'hiennt.hnm@vnpt.vn', 'dist/img/1_ava.png', 10, 1532577440, 1532577440),
(68, 'haidv.hnm', 'RyxR8FTNrhX2E6eGrhBfXjc6iPrFFqgZ', '$2y$13$NJ/j/XAeTjdJzc/lrSU6Mu.8t/.bfm9ZG6kWErotrd/bb.xEOGHbS', NULL, 'haidv.hnm@vnpt.vn', 'dist/img/1_ava.png', 10, 1532577440, 1532577440),
(75, 'nqtrong.hnm', 'RyxR8FTNrhX2E6eGrhBfXjc6iPrFFqgZ', '$2y$13$NJ/j/XAeTjdJzc/lrSU6Mu.8t/.bfm9ZG6kWErotrd/bb.xEOGHbS', NULL, 'nqtrong.hnm@vnpt.vn', 'dist/img/1_ava.png', 10, 1532577440, 1532577440),
(78, 'tuanha.hnm', 'RyxR8FTNrhX2E6eGrhBfXjc6iPrFFqgZ', '$2y$13$NJ/j/XAeTjdJzc/lrSU6Mu.8t/.bfm9ZG6kWErotrd/bb.xEOGHbS', NULL, 'tuanha.hnm@vnpt.vn', 'dist/img/1_ava.png', 10, 1532577440, 1532577440),
(85, 'tinhnh.hnm', 'RyxR8FTNrhX2E6eGrhBfXjc6iPrFFqgZ', '$2y$13$NJ/j/XAeTjdJzc/lrSU6Mu.8t/.bfm9ZG6kWErotrd/bb.xEOGHbS', NULL, 'tinhnh.hnm@vnpt.vn', 'dist/img/1_ava.png', 10, 1532577440, 1532577440),
(90, 'dvsang.hnm', 'RyxR8FTNrhX2E6eGrhBfXjc6iPrFFqgZ', '$2y$13$NJ/j/XAeTjdJzc/lrSU6Mu.8t/.bfm9ZG6kWErotrd/bb.xEOGHbS', NULL, 'dvsang.hnm@vnpt.vn', 'dist/img/1_ava.png', 10, 1532577440, 1532577440),
(102, 'duydk.hnm', 'RyxR8FTNrhX2E6eGrhBfXjc6iPrFFqgZ', '$2y$13$NJ/j/XAeTjdJzc/lrSU6Mu.8t/.bfm9ZG6kWErotrd/bb.xEOGHbS', NULL, 'duydk.hnm@vnpt.vn', 'dist/img/1_ava.png', 10, 1532577440, 1532577440),
(103, 'vietnt.hnm', 'RyxR8FTNrhX2E6eGrhBfXjc6iPrFFqgZ', '$2y$13$NJ/j/XAeTjdJzc/lrSU6Mu.8t/.bfm9ZG6kWErotrd/bb.xEOGHbS', NULL, 'vietnt.hnm@vnpt.vn', 'dist/img/1_ava.png', 10, 1532577440, 1532577440),
(104, 'nentq.hnm', 'RyxR8FTNrhX2E6eGrhBfXjc6iPrFFqgZ', '$2y$13$NJ/j/XAeTjdJzc/lrSU6Mu.8t/.bfm9ZG6kWErotrd/bb.xEOGHbS', NULL, 'nentq.hnm@vnpt.vn', 'dist/img/1_ava.png', 10, 1532577440, 1532577440),
(105, 'thuannd.hnm', 'RyxR8FTNrhX2E6eGrhBfXjc6iPrFFqgZ', '$2y$13$NJ/j/XAeTjdJzc/lrSU6Mu.8t/.bfm9ZG6kWErotrd/bb.xEOGHbS', NULL, 'thuannd.hnm@vnpt.vn', 'dist/img/1_ava.png', 10, 1532577440, 1532577440),
(106, 'vulp.hnm', 'RyxR8FTNrhX2E6eGrhBfXjc6iPrFFqgZ', '$2y$13$NJ/j/XAeTjdJzc/lrSU6Mu.8t/.bfm9ZG6kWErotrd/bb.xEOGHbS', NULL, 'vulp.hnm@vnpt.vn', 'dist/img/1_ava.png', 10, 1532577440, 1532577440),
(107, 'txhieu.hnm', 'RyxR8FTNrhX2E6eGrhBfXjc6iPrFFqgZ', '$2y$13$NJ/j/XAeTjdJzc/lrSU6Mu.8t/.bfm9ZG6kWErotrd/bb.xEOGHbS', NULL, 'txhieu.hnm@vnpt.vn', 'dist/img/1_ava.png', 10, 1532577440, 1532577440),
(108, 'trungt.hnm', 'RyxR8FTNrhX2E6eGrhBfXjc6iPrFFqgZ', '$2y$13$NJ/j/XAeTjdJzc/lrSU6Mu.8t/.bfm9ZG6kWErotrd/bb.xEOGHbS', NULL, 'trungt.hnm@vnpt.vn', 'dist/img/1_ava.png', 10, 1532577440, 1532577440),
(109, 'thanhtv.hnm', 'RyxR8FTNrhX2E6eGrhBfXjc6iPrFFqgZ', '$2y$13$NJ/j/XAeTjdJzc/lrSU6Mu.8t/.bfm9ZG6kWErotrd/bb.xEOGHbS', NULL, 'thanhtv.hnm@vnpt.vn', 'dist/img/1_ava.png', 10, 1532577440, 1532577440),
(110, 'giangdt.hnm', 'RyxR8FTNrhX2E6eGrhBfXjc6iPrFFqgZ', '$2y$13$NJ/j/XAeTjdJzc/lrSU6Mu.8t/.bfm9ZG6kWErotrd/bb.xEOGHbS', NULL, 'giangdt.hnm@vnpt.vn', 'dist/img/1_ava.png', 10, 1532577440, 1532577440),
(111, 'hungdn.hnm.', 'RyxR8FTNrhX2E6eGrhBfXjc6iPrFFqgZ', '$2y$13$NJ/j/XAeTjdJzc/lrSU6Mu.8t/.bfm9ZG6kWErotrd/bb.xEOGHbS', NULL, 'hungdn.hnm@vnpt.vn', 'dist/img/1_ava.png', 10, 1532577440, 1532577440),
(112, 'namlt.hnm', 'RyxR8FTNrhX2E6eGrhBfXjc6iPrFFqgZ', '$2y$13$NJ/j/XAeTjdJzc/lrSU6Mu.8t/.bfm9ZG6kWErotrd/bb.xEOGHbS', NULL, 'namlt.hnm@vnpt.vn', 'dist/img/1_ava.png', 10, 1532577440, 1532577440),
(113, 'hoantv.hnm', 'RyxR8FTNrhX2E6eGrhBfXjc6iPrFFqgZ', '$2y$13$NJ/j/XAeTjdJzc/lrSU6Mu.8t/.bfm9ZG6kWErotrd/bb.xEOGHbS', NULL, 'hoantv.hnm@vnpt.vn', 'dist/img/1_ava.png', 10, 1532577440, 1532577440),
(114, 'phucpv.hnm', 'RyxR8FTNrhX2E6eGrhBfXjc6iPrFFqgZ', '$2y$13$NJ/j/XAeTjdJzc/lrSU6Mu.8t/.bfm9ZG6kWErotrd/bb.xEOGHbS', NULL, 'phucpv.hnm@vnpt.vn', 'dist/img/1_ava.png', 10, 1532577440, 1532577440),
(115, 'hungdv.hnm', 'RyxR8FTNrhX2E6eGrhBfXjc6iPrFFqgZ', '$2y$13$NJ/j/XAeTjdJzc/lrSU6Mu.8t/.bfm9ZG6kWErotrd/bb.xEOGHbS', NULL, 'hungdv.hnm@vnpt.vn', 'dist/img/1_ava.png', 10, 1532577440, 1532577440),
(116, 'trongnq.hnm', 'RyxR8FTNrhX2E6eGrhBfXjc6iPrFFqgZ', '$2y$13$NJ/j/XAeTjdJzc/lrSU6Mu.8t/.bfm9ZG6kWErotrd/bb.xEOGHbS', NULL, 'trongnq.hnm@vnpt.vn', 'dist/img/1_ava.png', 10, 1532577440, 1532577440),
(117, 'sondc.hnm', 'RyxR8FTNrhX2E6eGrhBfXjc6iPrFFqgZ', '$2y$13$NJ/j/XAeTjdJzc/lrSU6Mu.8t/.bfm9ZG6kWErotrd/bb.xEOGHbS', NULL, 'sondc.hnm@vnpt.vn', 'dist/img/1_ava.png', 10, 1532577440, 1532577440),
(118, 'hungdm.hnm', 'RyxR8FTNrhX2E6eGrhBfXjc6iPrFFqgZ', '$2y$13$NJ/j/XAeTjdJzc/lrSU6Mu.8t/.bfm9ZG6kWErotrd/bb.xEOGHbS', NULL, 'hungdm.hnm@vnpt.vn', 'dist/img/1_ava.png', 10, 1532577440, 1532577440),
(119, 'hoitm.hnm', 'RyxR8FTNrhX2E6eGrhBfXjc6iPrFFqgZ', '$2y$13$NJ/j/XAeTjdJzc/lrSU6Mu.8t/.bfm9ZG6kWErotrd/bb.xEOGHbS', NULL, 'ducpm.hnm@vnpt.vn', 'dist/img/1_ava.png', 10, 1532577440, 1532577440),
(120, 'queln.hnm', 'RyxR8FTNrhX2E6eGrhBfXjc6iPrFFqgZ', '$2y$13$NJ/j/XAeTjdJzc/lrSU6Mu.8t/.bfm9ZG6kWErotrd/bb.xEOGHbS', NULL, 'queln.hnm@vnpt.vn', 'dist/img/1_ava.png', 10, 1532577440, 1532577440),
(121, 'toannt.hnm', 'RyxR8FTNrhX2E6eGrhBfXjc6iPrFFqgZ', '$2y$13$NJ/j/XAeTjdJzc/lrSU6Mu.8t/.bfm9ZG6kWErotrd/bb.xEOGHbS', NULL, 'toannt.hnm@vnpt.vn', 'dist/img/1_ava.png', 10, 1532577440, 1532577440),
(122, 'cuongtm.hnm', 'RyxR8FTNrhX2E6eGrhBfXjc6iPrFFqgZ', '$2y$13$NJ/j/XAeTjdJzc/lrSU6Mu.8t/.bfm9ZG6kWErotrd/bb.xEOGHbS', NULL, 'cuongtm.hnm@vnpt.vn', 'dist/img/1_ava.png', 10, 1532577440, 1532577440),
(123, 'lancd.hnm', 'RyxR8FTNrhX2E6eGrhBfXjc6iPrFFqgZ', '$2y$13$NJ/j/XAeTjdJzc/lrSU6Mu.8t/.bfm9ZG6kWErotrd/bb.xEOGHbS', NULL, 'lancd.hnm@vnpt.vn', 'dist/img/1_ava.png', 10, 1532577440, 1532577440),
(124, 'canhcd.hnm', 'RyxR8FTNrhX2E6eGrhBfXjc6iPrFFqgZ', '$2y$13$NJ/j/XAeTjdJzc/lrSU6Mu.8t/.bfm9ZG6kWErotrd/bb.xEOGHbS', NULL, 'canhcd.hnm@vnpt.vn', 'dist/img/1_ava.png', 10, 1532577440, 1532577440),
(125, 'tiennv.hnm', 'RyxR8FTNrhX2E6eGrhBfXjc6iPrFFqgZ', '$2y$13$NJ/j/XAeTjdJzc/lrSU6Mu.8t/.bfm9ZG6kWErotrd/bb.xEOGHbS', NULL, 'tiennv.hnm@vnpt.vn', 'dist/img/1_ava.png', 10, 1532577440, 1532577440),
(193, 'dongth.hnm', 'RyxR8FTNrhX2E6eGrhBfXjc6iPrFFqgZ', '$2y$13$NJ/j/XAeTjdJzc/lrSU6Mu.8t/.bfm9ZG6kWErotrd/bb.xEOGHbS', NULL, 'dongth.hnm@vnpt.vn', 'dist/img/1_ava.png', 10, 1532577440, 1532577440),
(194, 'khaidv.hnm', 'RyxR8FTNrhX2E6eGrhBfXjc6iPrFFqgZ', '$2y$13$NJ/j/XAeTjdJzc/lrSU6Mu.8t/.bfm9ZG6kWErotrd/bb.xEOGHbS', NULL, 'khaidv.hnm@vnpt.vn', 'dist/img/1_ava.png', 10, 1532577440, 1532577440),
(195, 'toantv.hnm', 'RyxR8FTNrhX2E6eGrhBfXjc6iPrFFqgZ', '$2y$13$NJ/j/XAeTjdJzc/lrSU6Mu.8t/.bfm9ZG6kWErotrd/bb.xEOGHbS', NULL, 'toantv.hnm@vnpt.vn', 'dist/img/1_ava.png', 10, 1532577440, 1532577440),
(201, 'hungtv.hnm', 'RyxR8FTNrhX2E6eGrhBfXjc6iPrFFqgZ', '$2y$13$NJ/j/XAeTjdJzc/lrSU6Mu.8t/.bfm9ZG6kWErotrd/bb.xEOGHbS', NULL, 'hungtv.hnm@vnpt.vn', 'dist/img/1_ava.png', 10, 1532577440, 1532577440),
(202, 'quynhnd.hnm', 'RyxR8FTNrhX2E6eGrhBfXjc6iPrFFqgZ', '$2y$13$NJ/j/XAeTjdJzc/lrSU6Mu.8t/.bfm9ZG6kWErotrd/bb.xEOGHbS', NULL, 'quynhnd.hnm@vnpt.vn', 'dist/img/1_ava.png', 10, 1532577440, 1532577440),
(203, 'chungdh.hnm', 'RyxR8FTNrhX2E6eGrhBfXjc6iPrFFqgZ', '$2y$13$NJ/j/XAeTjdJzc/lrSU6Mu.8t/.bfm9ZG6kWErotrd/bb.xEOGHbS', NULL, 'chungdh.hnm@vnpt.vn', 'dist/img/1_ava.png', 10, 1532577440, 1532577440),
(204, 'dinhvv.hnm', 'RyxR8FTNrhX2E6eGrhBfXjc6iPrFFqgZ', '$2y$13$NJ/j/XAeTjdJzc/lrSU6Mu.8t/.bfm9ZG6kWErotrd/bb.xEOGHbS', NULL, 'dinhvv.hnm@vnpt.vn', 'dist/img/1_ava.png', 10, 1532577440, 1532577440),
(206, 'vuth.hnm', 'RyxR8FTNrhX2E6eGrhBfXjc6iPrFFqgZ', '$2y$13$NJ/j/XAeTjdJzc/lrSU6Mu.8t/.bfm9ZG6kWErotrd/bb.xEOGHbS', NULL, 'vuth.hnm@vnpt.vn', 'dist/img/1_ava.png', 10, 1532577440, 1532577440),
(220, 'hungmt.hnm', 'RyxR8FTNrhX2E6eGrhBfXjc6iPrFFqgZ', '$2y$13$NJ/j/XAeTjdJzc/lrSU6Mu.8t/.bfm9ZG6kWErotrd/bb.xEOGHbS', NULL, 'hungmt.hnm@vnpt.vn', 'dist/img/1_ava.png', 10, 1532577440, 1532577440),
(221, 'duynt.hnm', 'RyxR8FTNrhX2E6eGrhBfXjc6iPrFFqgZ', '$2y$13$NJ/j/XAeTjdJzc/lrSU6Mu.8t/.bfm9ZG6kWErotrd/bb.xEOGHbS', NULL, 'duynt.hnm@vnpt.vn', 'dist/img/1_ava.png', 10, 1532577440, 1532577440),
(223, 'namtv.hnm', 'RyxR8FTNrhX2E6eGrhBfXjc6iPrFFqgZ', '$2y$13$NJ/j/XAeTjdJzc/lrSU6Mu.8t/.bfm9ZG6kWErotrd/bb.xEOGHbS', NULL, 'namtv.hnm@vnpt.vn', 'dist/img/1_ava.png', 10, 1532577440, 1532577440),
(224, 'trungnt.hnm', 'RyxR8FTNrhX2E6eGrhBfXjc6iPrFFqgZ', '$2y$13$NJ/j/XAeTjdJzc/lrSU6Mu.8t/.bfm9ZG6kWErotrd/bb.xEOGHbS', NULL, 'trungnt.hnm@vnpt.vn', 'dist/img/1_ava.png', 10, 1532577440, 1532577440),
(251, 'hunghm.hnm', 'RyxR8FTNrhX2E6eGrhBfXjc6iPrFFqgZ', '$2y$13$NJ/j/XAeTjdJzc/lrSU6Mu.8t/.bfm9ZG6kWErotrd/bb.xEOGHbS', NULL, 'hunghm.hnm@vnpt.vn', 'dist/img/1_ava.png', 10, 1532577440, 1532577440),
(252, 'tvdung.hnm', 'RyxR8FTNrhX2E6eGrhBfXjc6iPrFFqgZ', '$2y$13$NJ/j/XAeTjdJzc/lrSU6Mu.8t/.bfm9ZG6kWErotrd/bb.xEOGHbS', NULL, 'tvdung.hnm@vnpt.vn', 'dist/img/1_ava.png', 10, 1532577440, 1532577440),
(263, 'phongtv.hnm', 'RyxR8FTNrhX2E6eGrhBfXjc6iPrFFqgZ', '$2y$13$NJ/j/XAeTjdJzc/lrSU6Mu.8t/.bfm9ZG6kWErotrd/bb.xEOGHbS', NULL, 'phongtv.hnm@vnpt.vn', 'dist/img/1_ava.png', 10, 1532577440, 1532577440),
(265, 'ducnh.hnm', 'RyxR8FTNrhX2E6eGrhBfXjc6iPrFFqgZ', '$2y$13$NJ/j/XAeTjdJzc/lrSU6Mu.8t/.bfm9ZG6kWErotrd/bb.xEOGHbS', NULL, 'ducnh.hnm@vnpt.vn', 'dist/img/1_ava.png', 10, 1532577440, 1532577440),
(266, 'hieutq.hnm', 'RyxR8FTNrhX2E6eGrhBfXjc6iPrFFqgZ', '$2y$13$NJ/j/XAeTjdJzc/lrSU6Mu.8t/.bfm9ZG6kWErotrd/bb.xEOGHbS', NULL, 'hieutq.hnm@vnpt.vn', 'dist/img/1_ava.png', 10, 1532577440, 1532577440),
(269, 'hoadv.hnm', 'RyxR8FTNrhX2E6eGrhBfXjc6iPrFFqgZ', '$2y$13$NJ/j/XAeTjdJzc/lrSU6Mu.8t/.bfm9ZG6kWErotrd/bb.xEOGHbS', NULL, 'hoadv.hnm@vnpt.vn', 'dist/img/1_ava.png', 10, 1532577440, 1532577440),
(270, 'uynd.hnm', 'RyxR8FTNrhX2E6eGrhBfXjc6iPrFFqgZ', '$2y$13$NJ/j/XAeTjdJzc/lrSU6Mu.8t/.bfm9ZG6kWErotrd/bb.xEOGHbS', NULL, 'uynd.hnm@vnpt.vn', 'dist/img/1_ava.png', 10, 1532577440, 1532577440),
(272, 'hienvt.hnm', 'RyxR8FTNrhX2E6eGrhBfXjc6iPrFFqgZ', '$2y$13$NJ/j/XAeTjdJzc/lrSU6Mu.8t/.bfm9ZG6kWErotrd/bb.xEOGHbS', NULL, 'hienvt.hnm@vnpt.vn', 'dist/img/1_ava.png', 10, 1532577440, 1532577440),
(273, 'dvdung.hnm', 'RyxR8FTNrhX2E6eGrhBfXjc6iPrFFqgZ', '$2y$13$NJ/j/XAeTjdJzc/lrSU6Mu.8t/.bfm9ZG6kWErotrd/bb.xEOGHbS', NULL, 'dvdung.hnm@vnpt.vn', 'dist/img/1_ava.png', 10, 1532577440, 1532577440),
(274, 'huytn.hnm', 'RyxR8FTNrhX2E6eGrhBfXjc6iPrFFqgZ', '$2y$13$NJ/j/XAeTjdJzc/lrSU6Mu.8t/.bfm9ZG6kWErotrd/bb.xEOGHbS', NULL, 'huytn.hnm@vnpt.vn', 'dist/img/1_ava.png', 10, 1532577440, 1532577440),
(275, 'linhtq.hnm', 'RyxR8FTNrhX2E6eGrhBfXjc6iPrFFqgZ', '$2y$13$NJ/j/XAeTjdJzc/lrSU6Mu.8t/.bfm9ZG6kWErotrd/bb.xEOGHbS', NULL, 'linhtq.hnm@vnpt.vn', 'dist/img/1_ava.png', 10, 1532577440, 1532577440),
(276, 'thucvm.hnm', 'RyxR8FTNrhX2E6eGrhBfXjc6iPrFFqgZ', '$2y$13$NJ/j/XAeTjdJzc/lrSU6Mu.8t/.bfm9ZG6kWErotrd/bb.xEOGHbS', NULL, 'thucvm.hnm@vnpt.vn', 'dist/img/1_ava.png', 10, 1532577440, 1532577440),
(279, 'kientt.hnm', 'RyxR8FTNrhX2E6eGrhBfXjc6iPrFFqgZ', '$2y$13$NJ/j/XAeTjdJzc/lrSU6Mu.8t/.bfm9ZG6kWErotrd/bb.xEOGHbS', NULL, 'kientt.hnm@vnpt.vn', 'dist/img/1_ava.png', 10, 1532577440, 1532577440),
(286, 'khanhnv.hnm', 'RyxR8FTNrhX2E6eGrhBfXjc6iPrFFqgZ', '$2y$13$NJ/j/XAeTjdJzc/lrSU6Mu.8t/.bfm9ZG6kWErotrd/bb.xEOGHbS', NULL, 'khanhnv.hnm@vnpt.vn', 'dist/img/1_ava.png', 10, 1532577440, 1532577440),
(291, 'thanhhx.hnm', 'RyxR8FTNrhX2E6eGrhBfXjc6iPrFFqgZ', '$2y$13$NJ/j/XAeTjdJzc/lrSU6Mu.8t/.bfm9ZG6kWErotrd/bb.xEOGHbS', NULL, 'thanhhx.hnm@vnpt.vn', 'dist/img/1_ava.png', 10, 1532577440, 1532577440),
(293, 'ntngoc.hnm', 'RyxR8FTNrhX2E6eGrhBfXjc6iPrFFqgZ', '$2y$13$NJ/j/XAeTjdJzc/lrSU6Mu.8t/.bfm9ZG6kWErotrd/bb.xEOGHbS', NULL, 'ntngoc.hnm@vnpt.vn', 'dist/img/1_ava.png', 10, 1532577440, 1532577440),
(298, 'hangtt.hnm', 'RyxR8FTNrhX2E6eGrhBfXjc6iPrFFqgZ', '$2y$13$NJ/j/XAeTjdJzc/lrSU6Mu.8t/.bfm9ZG6kWErotrd/bb.xEOGHbS', NULL, 'hangtt.hnm@vnpt.vn', 'dist/img/1_ava.png', 10, 1532577440, 1532577440),
(312, 'hungph.hnm', 'RyxR8FTNrhX2E6eGrhBfXjc6iPrFFqgZ', '$2y$13$NJ/j/XAeTjdJzc/lrSU6Mu.8t/.bfm9ZG6kWErotrd/bb.xEOGHbS', NULL, 'hungph.hnm@vnpt.vn', 'dist/img/1_ava.png', 10, 1532577440, 1532577440),
(314, 'trungtt.hnm', 'RyxR8FTNrhX2E6eGrhBfXjc6iPrFFqgZ', '$2y$13$NJ/j/XAeTjdJzc/lrSU6Mu.8t/.bfm9ZG6kWErotrd/bb.xEOGHbS', NULL, 'trungtt.hnm', 'dist/img/1_ava.png', 10, 1532577440, 1532577440),
(315, 'longtd.hnm', 'RyxR8FTNrhX2E6eGrhBfXjc6iPrFFqgZ', '$2y$13$NJ/j/XAeTjdJzc/lrSU6Mu.8t/.bfm9ZG6kWErotrd/bb.xEOGHbS', NULL, NULL, 'dist/img/1_ava.png', 10, 1532577440, 1532577440),
(12673, 'cannd.hnm', 'RyxR8FTNrhX2E6eGrhBfXjc6iPrFFqgZ', '$2y$13$NJ/j/XAeTjdJzc/lrSU6Mu.8t/.bfm9ZG6kWErotrd/bb.xEOGHbS', NULL, 'cannd.hnm@vnpt.vn', 'dist/img/1_ava.png', 10, 1532577440, 1532577440),
(12674, 'hungtq.hnm', 'RyxR8FTNrhX2E6eGrhBfXjc6iPrFFqgZ', '$2y$13$NJ/j/XAeTjdJzc/lrSU6Mu.8t/.bfm9ZG6kWErotrd/bb.xEOGHbS', NULL, 'hungtq.hnm@vnpt.vn', 'dist/img/1_ava.png', 10, 1532577440, 1532577440),
(12676, 'daotq.hnm', 'RyxR8FTNrhX2E6eGrhBfXjc6iPrFFqgZ', '$2y$13$NJ/j/XAeTjdJzc/lrSU6Mu.8t/.bfm9ZG6kWErotrd/bb.xEOGHbS', NULL, 'daotq.hnm@vnpt.vn', 'dist/img/1_ava.png', 10, 1532577440, 1532577440),
(12678, 'toanph.hnm', 'RyxR8FTNrhX2E6eGrhBfXjc6iPrFFqgZ', '$2y$13$NJ/j/XAeTjdJzc/lrSU6Mu.8t/.bfm9ZG6kWErotrd/bb.xEOGHbS', NULL, 'toanph.hnm@vnpt.vn', 'dist/img/1_ava.png', 10, 1532577440, 1532577440),
(12679, 'sangvq.hnm', 'RyxR8FTNrhX2E6eGrhBfXjc6iPrFFqgZ', '$2y$13$NJ/j/XAeTjdJzc/lrSU6Mu.8t/.bfm9ZG6kWErotrd/bb.xEOGHbS', NULL, 'sangvq.hnm@vnpt.vn', 'dist/img/1_ava.png', 10, 1532577440, 1532577440),
(12680, 'thangph.hnm', 'RyxR8FTNrhX2E6eGrhBfXjc6iPrFFqgZ', '$2y$13$NJ/j/XAeTjdJzc/lrSU6Mu.8t/.bfm9ZG6kWErotrd/bb.xEOGHbS', NULL, 'thangph.hnm@vnpt.vn', 'dist/img/1_ava.png', 10, 1532577440, 1532577440),
(12681, 'lhduong.hnm', 'RyxR8FTNrhX2E6eGrhBfXjc6iPrFFqgZ', '$2y$13$NJ/j/XAeTjdJzc/lrSU6Mu.8t/.bfm9ZG6kWErotrd/bb.xEOGHbS', NULL, 'lhduong.hnm@vnpt.vn', 'dist/img/1_ava.png', 10, 1532577440, 1532577440),
(12682, 'hiepta.hnm', 'RyxR8FTNrhX2E6eGrhBfXjc6iPrFFqgZ', '$2y$13$NJ/j/XAeTjdJzc/lrSU6Mu.8t/.bfm9ZG6kWErotrd/bb.xEOGHbS', NULL, 'hiepta.hnm@vnpt.vn', 'dist/img/1_ava.png', 10, 1532577440, 1532577440),
(12683, 'thiemlc.hnm', 'RyxR8FTNrhX2E6eGrhBfXjc6iPrFFqgZ', '$2y$13$NJ/j/XAeTjdJzc/lrSU6Mu.8t/.bfm9ZG6kWErotrd/bb.xEOGHbS', NULL, 'thiemlc.hnm@vnpt.vn', 'dist/img/1_ava.png', 10, 1532577440, 1532577440),
(12685, 'thuannc.hnm', 'RyxR8FTNrhX2E6eGrhBfXjc6iPrFFqgZ', '$2y$13$NJ/j/XAeTjdJzc/lrSU6Mu.8t/.bfm9ZG6kWErotrd/bb.xEOGHbS', NULL, 'thuannc.hnm@vnpt.vn', 'dist/img/1_ava.png', 10, 1532577440, 1532577440),
(12689, 'thuytv.hnm', 'RyxR8FTNrhX2E6eGrhBfXjc6iPrFFqgZ', '$2y$13$NJ/j/XAeTjdJzc/lrSU6Mu.8t/.bfm9ZG6kWErotrd/bb.xEOGHbS', NULL, 'thuytv.hnm@vnpt.vn', 'dist/img/1_ava.png', 10, 1532577440, 1532577440),
(12691, 'dchuy.hnm', 'RyxR8FTNrhX2E6eGrhBfXjc6iPrFFqgZ', '$2y$13$NJ/j/XAeTjdJzc/lrSU6Mu.8t/.bfm9ZG6kWErotrd/bb.xEOGHbS', NULL, 'dchuy.hnm@vnpt.vn', 'dist/img/1_ava.png', 10, 1532577440, 1532577440),
(12692, 'tuyennt.hnm', 'RyxR8FTNrhX2E6eGrhBfXjc6iPrFFqgZ', '$2y$13$NJ/j/XAeTjdJzc/lrSU6Mu.8t/.bfm9ZG6kWErotrd/bb.xEOGHbS', NULL, 'tuyennt.hnm@vnpt.vn', 'dist/img/1_ava.png', 10, 1532577440, 1532577440),
(12694, 'tinhtx.hnm', 'RyxR8FTNrhX2E6eGrhBfXjc6iPrFFqgZ', '$2y$13$NJ/j/XAeTjdJzc/lrSU6Mu.8t/.bfm9ZG6kWErotrd/bb.xEOGHbS', NULL, 'tinhtx.hnm@vnpt.vn', 'dist/img/1_ava.png', 10, 1532577440, 1532577440),
(12697, 'dungnk.hnm', 'RyxR8FTNrhX2E6eGrhBfXjc6iPrFFqgZ', '$2y$13$NJ/j/XAeTjdJzc/lrSU6Mu.8t/.bfm9ZG6kWErotrd/bb.xEOGHbS', NULL, 'dungnk.hnm@vnpt.vn', 'dist/img/1_ava.png', 10, 1532577440, 1532577440),
(12699, 'hungvt.hnm', 'RyxR8FTNrhX2E6eGrhBfXjc6iPrFFqgZ', '$2y$13$NJ/j/XAeTjdJzc/lrSU6Mu.8t/.bfm9ZG6kWErotrd/bb.xEOGHbS', NULL, 'hungvt.hnm@vnpt.vn', 'dist/img/1_ava.png', 10, 1532577440, 1532577440),
(12700, 'trungnc.hnm', 'RyxR8FTNrhX2E6eGrhBfXjc6iPrFFqgZ', '$2y$13$NJ/j/XAeTjdJzc/lrSU6Mu.8t/.bfm9ZG6kWErotrd/bb.xEOGHbS', NULL, 'trungnc.hnm@vnpt.vn', 'dist/img/1_ava.png', 10, 1532577440, 1532577440),
(12701, 'ninhcv.hnm', 'RyxR8FTNrhX2E6eGrhBfXjc6iPrFFqgZ', '$2y$13$NJ/j/XAeTjdJzc/lrSU6Mu.8t/.bfm9ZG6kWErotrd/bb.xEOGHbS', NULL, 'ninhcv.hnm@vnpt.vn', 'dist/img/1_ava.png', 10, 1532577440, 1532577440),
(12702, 'thuandq.hnm', 'RyxR8FTNrhX2E6eGrhBfXjc6iPrFFqgZ', '$2y$13$NJ/j/XAeTjdJzc/lrSU6Mu.8t/.bfm9ZG6kWErotrd/bb.xEOGHbS', NULL, 'thuandq.hnm@vnpt.vn', 'dist/img/1_ava.png', 10, 1532577440, 1532577440),
(12703, 'giappv.hnm', 'RyxR8FTNrhX2E6eGrhBfXjc6iPrFFqgZ', '$2y$13$NJ/j/XAeTjdJzc/lrSU6Mu.8t/.bfm9ZG6kWErotrd/bb.xEOGHbS', NULL, 'giappv.hnm@vnpt.vn', 'dist/img/1_ava.png', 10, 1532577440, 1532577440),
(12704, 'manhnv.hnm', 'RyxR8FTNrhX2E6eGrhBfXjc6iPrFFqgZ', '$2y$13$NJ/j/XAeTjdJzc/lrSU6Mu.8t/.bfm9ZG6kWErotrd/bb.xEOGHbS', NULL, 'manhnv.hnm@vnpt.vn', 'dist/img/1_ava.png', 10, 1532577440, 1532577440),
(12705, 'dungtv.hnm', 'RyxR8FTNrhX2E6eGrhBfXjc6iPrFFqgZ', '$2y$13$NJ/j/XAeTjdJzc/lrSU6Mu.8t/.bfm9ZG6kWErotrd/bb.xEOGHbS', NULL, 'dungtv.hnm@vnpt.vn', 'dist/img/1_ava.png', 10, 1532577440, 1532577440),
(12706, 'khanhnh.hnm', 'RyxR8FTNrhX2E6eGrhBfXjc6iPrFFqgZ', '$2y$13$NJ/j/XAeTjdJzc/lrSU6Mu.8t/.bfm9ZG6kWErotrd/bb.xEOGHbS', NULL, 'khanhnh.hnm@vnpt.vn', 'dist/img/1_ava.png', 10, 1532577440, 1532577440),
(12707, 'tuandt.hnm', 'RyxR8FTNrhX2E6eGrhBfXjc6iPrFFqgZ', '$2y$13$NJ/j/XAeTjdJzc/lrSU6Mu.8t/.bfm9ZG6kWErotrd/bb.xEOGHbS', NULL, 'tuandt.hnm@vnpt.vn', 'dist/img/1_ava.png', 10, 1532577440, 1532577440),
(12708, 'tunglt.hnm', 'RyxR8FTNrhX2E6eGrhBfXjc6iPrFFqgZ', '$2y$13$NJ/j/XAeTjdJzc/lrSU6Mu.8t/.bfm9ZG6kWErotrd/bb.xEOGHbS', NULL, 'tunglt.hnm@vnpt.vn', 'dist/img/1_ava.png', 10, 1532577440, 1532577440),
(12709, 'haolh.hnm', 'RyxR8FTNrhX2E6eGrhBfXjc6iPrFFqgZ', '$2y$13$NJ/j/XAeTjdJzc/lrSU6Mu.8t/.bfm9ZG6kWErotrd/bb.xEOGHbS', NULL, 'haolh.hnm@vnpt.vn', 'dist/img/1_ava.png', 10, 1532577440, 1532577440),
(12710, 'thongnh.hnm', 'RyxR8FTNrhX2E6eGrhBfXjc6iPrFFqgZ', '$2y$13$NJ/j/XAeTjdJzc/lrSU6Mu.8t/.bfm9ZG6kWErotrd/bb.xEOGHbS', NULL, 'thongnh.hnm@vnpt.vn', 'dist/img/1_ava.png', 10, 1532577440, 1532577440),
(12711, 'phunh.hnm', 'RyxR8FTNrhX2E6eGrhBfXjc6iPrFFqgZ', '$2y$13$NJ/j/XAeTjdJzc/lrSU6Mu.8t/.bfm9ZG6kWErotrd/bb.xEOGHbS', NULL, 'phunh.hnm@vnpt.vn', 'dist/img/1_ava.png', 10, 1532577440, 1532577440),
(12712, 'vinhkv.hnm', 'RyxR8FTNrhX2E6eGrhBfXjc6iPrFFqgZ', '$2y$13$NJ/j/XAeTjdJzc/lrSU6Mu.8t/.bfm9ZG6kWErotrd/bb.xEOGHbS', NULL, 'vinhkv.hnm@vnpt.vn', 'dist/img/1_ava.png', 10, 1532577440, 1532577440),
(12713, 'hoanx.hnm', 'RyxR8FTNrhX2E6eGrhBfXjc6iPrFFqgZ', '$2y$13$NJ/j/XAeTjdJzc/lrSU6Mu.8t/.bfm9ZG6kWErotrd/bb.xEOGHbS', NULL, 'hoanx.hnm@vnpt.vn', 'dist/img/1_ava.png', 10, 1532577440, 1532577440),
(12714, 'huypq.hnm', 'RyxR8FTNrhX2E6eGrhBfXjc6iPrFFqgZ', '$2y$13$NJ/j/XAeTjdJzc/lrSU6Mu.8t/.bfm9ZG6kWErotrd/bb.xEOGHbS', NULL, 'huypq.hnm@vnpt.vn', 'dist/img/1_ava.png', 10, 1532577440, 1532577440),
(12715, 'hunglv.hnm', 'RyxR8FTNrhX2E6eGrhBfXjc6iPrFFqgZ', '$2y$13$NJ/j/XAeTjdJzc/lrSU6Mu.8t/.bfm9ZG6kWErotrd/bb.xEOGHbS', NULL, 'hunglv.hnm@vnpt.vn', 'dist/img/1_ava.png', 10, 1532577440, 1532577440),
(12716, 'phhai.hnm', 'RyxR8FTNrhX2E6eGrhBfXjc6iPrFFqgZ', '$2y$13$NJ/j/XAeTjdJzc/lrSU6Mu.8t/.bfm9ZG6kWErotrd/bb.xEOGHbS', NULL, 'phhai.hnm@vnpt.vn', 'dist/img/1_ava.png', 10, 1532577440, 1532577440),
(12717, 'dienvm.hnm', 'RyxR8FTNrhX2E6eGrhBfXjc6iPrFFqgZ', '$2y$13$NJ/j/XAeTjdJzc/lrSU6Mu.8t/.bfm9ZG6kWErotrd/bb.xEOGHbS', NULL, 'dienvm.hnm@vnpt.vn', 'dist/img/1_ava.png', 10, 1532577440, 1532577440),
(12718, 'kenm.hnm', 'RyxR8FTNrhX2E6eGrhBfXjc6iPrFFqgZ', '$2y$13$NJ/j/XAeTjdJzc/lrSU6Mu.8t/.bfm9ZG6kWErotrd/bb.xEOGHbS', NULL, 'kenm.hnm@vnpt.vn', 'dist/img/1_ava.png', 10, 1532577440, 1532577440),
(12719, 'dungnv.hnm', 'RyxR8FTNrhX2E6eGrhBfXjc6iPrFFqgZ', '$2y$13$NJ/j/XAeTjdJzc/lrSU6Mu.8t/.bfm9ZG6kWErotrd/bb.xEOGHbS', NULL, 'dungnv.hnm@vnpt.vn', 'dist/img/1_ava.png', 10, 1532577440, 1532577440),
(12720, 'thachbn.hnm', 'RyxR8FTNrhX2E6eGrhBfXjc6iPrFFqgZ', '$2y$13$NJ/j/XAeTjdJzc/lrSU6Mu.8t/.bfm9ZG6kWErotrd/bb.xEOGHbS', NULL, 'thachbn.hnm@vnpt.vn', 'dist/img/1_ava.png', 10, 1532577440, 1532577440),
(12721, 'ntsang.hnm', 'RyxR8FTNrhX2E6eGrhBfXjc6iPrFFqgZ', '$2y$13$NJ/j/XAeTjdJzc/lrSU6Mu.8t/.bfm9ZG6kWErotrd/bb.xEOGHbS', NULL, 'ntsang.hnm@vnpt.vn', 'dist/img/1_ava.png', 10, 1532577440, 1532577440),
(12722, 'huydx.hnm', 'RyxR8FTNrhX2E6eGrhBfXjc6iPrFFqgZ', '$2y$13$NJ/j/XAeTjdJzc/lrSU6Mu.8t/.bfm9ZG6kWErotrd/bb.xEOGHbS', NULL, 'huydx.hnm@vnpt.vn', 'dist/img/1_ava.png', 10, 1532577440, 1532577440),
(12723, 'khoacv.hnm', 'RyxR8FTNrhX2E6eGrhBfXjc6iPrFFqgZ', '$2y$13$NJ/j/XAeTjdJzc/lrSU6Mu.8t/.bfm9ZG6kWErotrd/bb.xEOGHbS', NULL, 'khoacv.hnm@vnpt.vn', 'dist/img/1_ava.png', 10, 1532577440, 1532577440),
(12724, 'tuantv.hnm', 'RyxR8FTNrhX2E6eGrhBfXjc6iPrFFqgZ', '$2y$13$NJ/j/XAeTjdJzc/lrSU6Mu.8t/.bfm9ZG6kWErotrd/bb.xEOGHbS', NULL, 'tuantv.hnm@vnpt.vn', 'dist/img/1_ava.png', 10, 1532577440, 1532577440),
(12725, 'ndtoan.hnm', 'RyxR8FTNrhX2E6eGrhBfXjc6iPrFFqgZ', '$2y$13$NJ/j/XAeTjdJzc/lrSU6Mu.8t/.bfm9ZG6kWErotrd/bb.xEOGHbS', NULL, 'ndtoan.hnm@vnpt.vn', 'dist/img/1_ava.png', 10, 1532577440, 1532577440),
(12726, 'hungvv.hnm', 'RyxR8FTNrhX2E6eGrhBfXjc6iPrFFqgZ', '$2y$13$NJ/j/XAeTjdJzc/lrSU6Mu.8t/.bfm9ZG6kWErotrd/bb.xEOGHbS', NULL, 'hungvv.hnm@vnpt.vn', 'dist/img/1_ava.png', 10, 1532577440, 1532577440),
(12727, 'nguyenvd.hnm', 'RyxR8FTNrhX2E6eGrhBfXjc6iPrFFqgZ', '$2y$13$NJ/j/XAeTjdJzc/lrSU6Mu.8t/.bfm9ZG6kWErotrd/bb.xEOGHbS', NULL, 'nguyenvd.hnm@vnpt.vn', 'dist/img/1_ava.png', 10, 1532577440, 1532577440),
(12728, 'anhld.hnm', 'RyxR8FTNrhX2E6eGrhBfXjc6iPrFFqgZ', '$2y$13$NJ/j/XAeTjdJzc/lrSU6Mu.8t/.bfm9ZG6kWErotrd/bb.xEOGHbS', NULL, 'anhld.hnm@vnpt.vn', 'dist/img/1_ava.png', 10, 1532577440, 1532577440),
(12729, 'hanh.hnm', 'RyxR8FTNrhX2E6eGrhBfXjc6iPrFFqgZ', '$2y$13$NJ/j/XAeTjdJzc/lrSU6Mu.8t/.bfm9ZG6kWErotrd/bb.xEOGHbS', NULL, 'hanh.hnm@vnpt.vn', 'dist/img/1_ava.png', 10, 1532577440, 1532577440),
(12730, 'chuyenph.hnm', 'RyxR8FTNrhX2E6eGrhBfXjc6iPrFFqgZ', '$2y$13$NJ/j/XAeTjdJzc/lrSU6Mu.8t/.bfm9ZG6kWErotrd/bb.xEOGHbS', NULL, 'chuyenph.hnm@vnpt.vn', 'dist/img/1_ava.png', 10, 1532577440, 1532577440),
(12731, 'khuongtc.hnm', 'RyxR8FTNrhX2E6eGrhBfXjc6iPrFFqgZ', '$2y$13$NJ/j/XAeTjdJzc/lrSU6Mu.8t/.bfm9ZG6kWErotrd/bb.xEOGHbS', NULL, 'khuongtc.hnm@vnpt.vn', 'dist/img/1_ava.png', 10, 1532577440, 1532577440),
(12732, 'sonph.hnm', 'RyxR8FTNrhX2E6eGrhBfXjc6iPrFFqgZ', '$2y$13$NJ/j/XAeTjdJzc/lrSU6Mu.8t/.bfm9ZG6kWErotrd/bb.xEOGHbS', NULL, 'sonph.hnm@vnpt.vn', 'dist/img/1_ava.png', 10, 1532577440, 1532577440),
(12733, 'truongnv.hnm', 'RyxR8FTNrhX2E6eGrhBfXjc6iPrFFqgZ', '$2y$13$NJ/j/XAeTjdJzc/lrSU6Mu.8t/.bfm9ZG6kWErotrd/bb.xEOGHbS', NULL, 'truongnv.hnm@vnpt.vn', 'dist/img/1_ava.png', 10, 1532577440, 1532577440),
(12734, 'quyendv.hnm', 'RyxR8FTNrhX2E6eGrhBfXjc6iPrFFqgZ', '$2y$13$NJ/j/XAeTjdJzc/lrSU6Mu.8t/.bfm9ZG6kWErotrd/bb.xEOGHbS', NULL, 'quyendv.hnm@vnpt.vn', 'dist/img/1_ava.png', 10, 1532577440, 1532577440),
(12735, 'quangdh.hnm', 'RyxR8FTNrhX2E6eGrhBfXjc6iPrFFqgZ', '$2y$13$NJ/j/XAeTjdJzc/lrSU6Mu.8t/.bfm9ZG6kWErotrd/bb.xEOGHbS', NULL, 'quangdh.hnm@vnpt.vn', 'dist/img/1_ava.png', 10, 1532577440, 1532577440),
(12736, 'khuongdd.hnm', 'RyxR8FTNrhX2E6eGrhBfXjc6iPrFFqgZ', '$2y$13$NJ/j/XAeTjdJzc/lrSU6Mu.8t/.bfm9ZG6kWErotrd/bb.xEOGHbS', NULL, 'khuongdd.hnm@vnpt.vn', 'dist/img/1_ava.png', 10, 1532577440, 1532577440),
(12737, 'vantq.hnm', 'RyxR8FTNrhX2E6eGrhBfXjc6iPrFFqgZ', '$2y$13$NJ/j/XAeTjdJzc/lrSU6Mu.8t/.bfm9ZG6kWErotrd/bb.xEOGHbS', NULL, 'vantq.hnm@vnpt.vn', 'dist/img/1_ava.png', 10, 1532577440, 1532577440),
(12738, 'thinhtv.hnm', 'RyxR8FTNrhX2E6eGrhBfXjc6iPrFFqgZ', '$2y$13$NJ/j/XAeTjdJzc/lrSU6Mu.8t/.bfm9ZG6kWErotrd/bb.xEOGHbS', NULL, 'thinhtv.hnm@vnpt.vn', 'dist/img/1_ava.png', 10, 1532577440, 1532577440),
(12739, 'phongtt.hnm', 'RyxR8FTNrhX2E6eGrhBfXjc6iPrFFqgZ', '$2y$13$NJ/j/XAeTjdJzc/lrSU6Mu.8t/.bfm9ZG6kWErotrd/bb.xEOGHbS', NULL, 'phongtt.hnm@vnpt.vn', 'dist/img/1_ava.png', 10, 1532577440, 1532577440),
(12740, 'giangvt.hnm', 'RyxR8FTNrhX2E6eGrhBfXjc6iPrFFqgZ', '$2y$13$NJ/j/XAeTjdJzc/lrSU6Mu.8t/.bfm9ZG6kWErotrd/bb.xEOGHbS', NULL, 'giangvt.hnm@vnpt.vn', 'dist/img/1_ava.png', 10, 1532577440, 1532577440),
(12741, 'nvtuyen.hnm', 'RyxR8FTNrhX2E6eGrhBfXjc6iPrFFqgZ', '$2y$13$NJ/j/XAeTjdJzc/lrSU6Mu.8t/.bfm9ZG6kWErotrd/bb.xEOGHbS', NULL, NULL, 'dist/img/1_ava.png', 10, 1532577440, 1532577440),
(12742, 'thuannq.hnm', 'RyxR8FTNrhX2E6eGrhBfXjc6iPrFFqgZ', '$2y$13$NJ/j/XAeTjdJzc/lrSU6Mu.8t/.bfm9ZG6kWErotrd/bb.xEOGHbS', NULL, NULL, 'dist/img/1_ava.png', 10, 1532577440, 1532577440),
(12743, 'cuongnm.hnm', 'RyxR8FTNrhX2E6eGrhBfXjc6iPrFFqgZ', '$2y$13$NJ/j/XAeTjdJzc/lrSU6Mu.8t/.bfm9ZG6kWErotrd/bb.xEOGHbS', NULL, 'cuongnm.hnm@vnpt.vn', 'dist/img/1_ava.png', 10, 1532577440, 1532577440),
(12744, 'phutv.hnm', 'RyxR8FTNrhX2E6eGrhBfXjc6iPrFFqgZ', '$2y$13$NJ/j/XAeTjdJzc/lrSU6Mu.8t/.bfm9ZG6kWErotrd/bb.xEOGHbS', NULL, 'phutv.hnm@vnpt.vn', 'dist/img/1_ava.png', 10, 1532577440, 1532577440),
(12745, 'quanghuy.hnm', 'RyxR8FTNrhX2E6eGrhBfXjc6iPrFFqgZ', '$2y$13$NJ/j/XAeTjdJzc/lrSU6Mu.8t/.bfm9ZG6kWErotrd/bb.xEOGHbS', NULL, 'quanghuy.hnm@vmnpt.vn', 'dist/img/1_ava.png', 10, 1532577440, 1532577440),
(12746, 'hainx.hnm', 'RyxR8FTNrhX2E6eGrhBfXjc6iPrFFqgZ', '$2y$13$NJ/j/XAeTjdJzc/lrSU6Mu.8t/.bfm9ZG6kWErotrd/bb.xEOGHbS', NULL, 'hainx.hnm@vnpt.vn', 'dist/img/1_ava.png', 10, 1532577440, 1532577440),
(12748, 'namdh.hnm', 'RyxR8FTNrhX2E6eGrhBfXjc6iPrFFqgZ', '$2y$13$NJ/j/XAeTjdJzc/lrSU6Mu.8t/.bfm9ZG6kWErotrd/bb.xEOGHbS', NULL, 'namdh.hnm@vnpt.vn', 'dist/img/1_ava.png', 10, 1532577440, 1532577440),
(12749, 'anhtq.hnm', 'RyxR8FTNrhX2E6eGrhBfXjc6iPrFFqgZ', '$2y$13$NJ/j/XAeTjdJzc/lrSU6Mu.8t/.bfm9ZG6kWErotrd/bb.xEOGHbS', NULL, 'anhtq.hnm@vnpt.vn', 'dist/img/1_ava.png', 10, 1532577440, 1532577440),
(12751, 'khanhnt.hnm', 'RyxR8FTNrhX2E6eGrhBfXjc6iPrFFqgZ', '$2y$13$NJ/j/XAeTjdJzc/lrSU6Mu.8t/.bfm9ZG6kWErotrd/bb.xEOGHbS', NULL, 'khanhnt.hnm@vnpt.vn', 'dist/img/1_ava.png', 10, 1532577440, 1532577440),
(12752, 'cuongpv.hnm', 'RyxR8FTNrhX2E6eGrhBfXjc6iPrFFqgZ', '$2y$13$NJ/j/XAeTjdJzc/lrSU6Mu.8t/.bfm9ZG6kWErotrd/bb.xEOGHbS', NULL, 'cuongpv.hnm@vnpt.vn', 'dist/img/1_ava.png', 10, 1532577440, 1532577440),
(12753, 'thonv.hnm', 'RyxR8FTNrhX2E6eGrhBfXjc6iPrFFqgZ', '$2y$13$NJ/j/XAeTjdJzc/lrSU6Mu.8t/.bfm9ZG6kWErotrd/bb.xEOGHbS', NULL, 'thonv.hnm@vnpt.vn', 'dist/img/1_ava.png', 10, 1532577440, 1532577440),
(12754, 'thangln.hnm', 'RyxR8FTNrhX2E6eGrhBfXjc6iPrFFqgZ', '$2y$13$NJ/j/XAeTjdJzc/lrSU6Mu.8t/.bfm9ZG6kWErotrd/bb.xEOGHbS', NULL, 'thangln.hnm@vnpt.vn', 'dist/img/1_ava.png', 10, 1532577440, 1532577440),
(12776, 'nhaict.hnm', 'RyxR8FTNrhX2E6eGrhBfXjc6iPrFFqgZ', '$2y$13$NJ/j/XAeTjdJzc/lrSU6Mu.8t/.bfm9ZG6kWErotrd/bb.xEOGHbS', NULL, NULL, 'dist/img/1_ava.png', 10, 1532577440, 1532577440),
(12777, 'nguyetpm.hnm', 'RyxR8FTNrhX2E6eGrhBfXjc6iPrFFqgZ', '$2y$13$NJ/j/XAeTjdJzc/lrSU6Mu.8t/.bfm9ZG6kWErotrd/bb.xEOGHbS', NULL, 'nguyetpm.hnm@vnpt.vn', 'dist/img/1_ava.png', 10, 1532577440, 1532577440),
(12778, 'minhpt.hnm', 'RyxR8FTNrhX2E6eGrhBfXjc6iPrFFqgZ', '$2y$13$NJ/j/XAeTjdJzc/lrSU6Mu.8t/.bfm9ZG6kWErotrd/bb.xEOGHbS', NULL, 'minhpt.hnm@vnpt.vn', 'dist/img/1_ava.png', 10, 1532577440, 1532577440),
(12781, 'dungkt.hnm', 'RyxR8FTNrhX2E6eGrhBfXjc6iPrFFqgZ', '$2y$13$NJ/j/XAeTjdJzc/lrSU6Mu.8t/.bfm9ZG6kWErotrd/bb.xEOGHbS', NULL, 'dungkt.hnm@vnpt.vn', 'dist/img/1_ava.png', 10, 1532577440, 1532577440),
(12792, 'daind.hnm', 'RyxR8FTNrhX2E6eGrhBfXjc6iPrFFqgZ', '$2y$13$NJ/j/XAeTjdJzc/lrSU6Mu.8t/.bfm9ZG6kWErotrd/bb.xEOGHbS', NULL, 'daind.hnm@vnpt.vn', 'dist/img/1_ava.png', 10, 1532577440, 1532577440),
(13641, 'toinv.hnm', 'RyxR8FTNrhX2E6eGrhBfXjc6iPrFFqgZ', '$2y$13$NJ/j/XAeTjdJzc/lrSU6Mu.8t/.bfm9ZG6kWErotrd/bb.xEOGHbS', NULL, 'Toinv.hnm@vnpt.vn', 'dist/img/1_ava.png', 10, 1532577440, 1532577440),
(13844, 'soattq.hnm', 'RyxR8FTNrhX2E6eGrhBfXjc6iPrFFqgZ', '$2y$13$NJ/j/XAeTjdJzc/lrSU6Mu.8t/.bfm9ZG6kWErotrd/bb.xEOGHbS', NULL, 'soattq.hnm@vnpt.vn', 'dist/img/1_ava.png', 10, 1532577440, 1532577440);

--
-- Các ràng buộc cho các bảng đã đổ
--

--
-- Các ràng buộc cho bảng `activities_log`
--
ALTER TABLE `activities_log`
  ADD CONSTRAINT `fk_log_activ` FOREIGN KEY (`activity_type`) REFERENCES `activity` (`activity_type`) ON DELETE CASCADE ON UPDATE CASCADE,
  ADD CONSTRAINT `fk_log_user` FOREIGN KEY (`user_id`) REFERENCES `user` (`id`) ON DELETE CASCADE ON UPDATE CASCADE;

--
-- Các ràng buộc cho bảng `auth_assignment`
--
ALTER TABLE `auth_assignment`
  ADD CONSTRAINT `auth_assignment_ibfk_1` FOREIGN KEY (`item_name`) REFERENCES `auth_item` (`name`) ON DELETE CASCADE ON UPDATE CASCADE;

--
-- Các ràng buộc cho bảng `auth_item`
--
ALTER TABLE `auth_item`
  ADD CONSTRAINT `auth_item_ibfk_1` FOREIGN KEY (`rule_name`) REFERENCES `auth_rule` (`name`) ON DELETE SET NULL ON UPDATE CASCADE;

--
-- Các ràng buộc cho bảng `auth_item_child`
--
ALTER TABLE `auth_item_child`
  ADD CONSTRAINT `auth_item_child_ibfk_1` FOREIGN KEY (`parent`) REFERENCES `auth_item` (`name`) ON DELETE CASCADE ON UPDATE CASCADE,
  ADD CONSTRAINT `auth_item_child_ibfk_2` FOREIGN KEY (`child`) REFERENCES `auth_item` (`name`) ON DELETE CASCADE ON UPDATE CASCADE;

--
-- Các ràng buộc cho bảng `baoduongtong`
--
ALTER TABLE `baoduongtong`
  ADD CONSTRAINT `FK_NV_BDT` FOREIGN KEY (`ID_NHANVIEN`) REFERENCES `nhanvien` (`ID_NHANVIEN`) ON DELETE CASCADE ON UPDATE CASCADE;

--
-- Các ràng buộc cho bảng `daivt`
--
ALTER TABLE `daivt`
  ADD CONSTRAINT `FK_DAI_DONVI` FOREIGN KEY (`ID_DONVI`) REFERENCES `donvi` (`ID_DONVI`) ON DELETE CASCADE ON UPDATE CASCADE;

--
-- Các ràng buộc cho bảng `dotbaoduong`
--
ALTER TABLE `dotbaoduong`
  ADD CONSTRAINT `FK_TRAM_BD` FOREIGN KEY (`ID_TRAM`) REFERENCES `tramvt` (`ID_TRAM`) ON DELETE CASCADE ON UPDATE CASCADE,
  ADD CONSTRAINT `FK_TRUONGNHOM` FOREIGN KEY (`ID_NHANVIEN`) REFERENCES `nhanvien` (`ID_NHANVIEN`) ON DELETE CASCADE ON UPDATE CASCADE;

--
-- Các ràng buộc cho bảng `profile_baoduong_noidung`
--
ALTER TABLE `profile_baoduong_noidung`
  ADD CONSTRAINT `fk_ndbt` FOREIGN KEY (`MA_NOIDUNG`) REFERENCES `noidungbaotrinhomtbi` (`MA_NOIDUNG`),
  ADD CONSTRAINT `fk_profilebd` FOREIGN KEY (`ID_PROFILE`) REFERENCES `profile_baoduong` (`ID`);
COMMIT;

/*!40101 SET CHARACTER_SET_CLIENT=@OLD_CHARACTER_SET_CLIENT */;
/*!40101 SET CHARACTER_SET_RESULTS=@OLD_CHARACTER_SET_RESULTS */;
/*!40101 SET COLLATION_CONNECTION=@OLD_COLLATION_CONNECTION */;
